<?xml version="1.0" encoding="UTF-8"?>
<osm version="0.6" generator="openstreetmap-cgimap 2.1.0 (1307 spike-08.openstreetmap.org)" copyright="OpenStreetMap and contributors" attribution="http://www.openstreetmap.org/copyright" license="http://opendatacommons.org/licenses/odbl/1-0/">
 <bounds minlat="-12.1254000" minlon="-77.0302000" maxlat="-12.1220000" maxlon="-77.0282000"/>
 <node id="108178119" visible="true" version="6" changeset="38101876" timestamp="2016-03-27T15:38:06Z" user="Diego Sanguinetti" uid="309382" lat="-12.1245531" lon="-77.0293907">
  <tag k="highway" v="traffic_signals"/>
  <tag k="traffic_signals:sound" v="no"/>
 </node>
 <node id="108178122" visible="true" version="10" changeset="160300519" timestamp="2024-12-17T14:03:26Z" user="Corban8" uid="4240913" lat="-12.1223648" lon="-77.0290937">
  <tag k="highway" v="traffic_signals"/>
  <tag k="traffic_signals" v="signal"/>
 </node>
 <node id="108178124" visible="true" version="6" changeset="20548744" timestamp="2014-02-13T21:22:16Z" user="Ronos" uid="962932" lat="-12.1213180" lon="-77.0290097"/>
 <node id="108183458" visible="true" version="11" changeset="160300519" timestamp="2024-12-17T14:03:26Z" user="Corban8" uid="4240913" lat="-12.1268706" lon="-77.0295303">
  <tag k="highway" v="traffic_signals"/>
  <tag k="traffic_signals" v="signal"/>
 </node>
 <node id="108183459" visible="true" version="5" changeset="20548744" timestamp="2014-02-13T21:22:16Z" user="Ronos" uid="962932" lat="-12.1259848" lon="-77.0294610"/>
 <node id="108183461" visible="true" version="3" changeset="20548744" timestamp="2014-02-13T21:22:16Z" user="Ronos" uid="962932" lat="-12.1254635" lon="-77.0294338"/>
 <node id="108191734" visible="true" version="6" changeset="27602559" timestamp="2014-12-21T06:44:40Z" user="sir-mapalot" uid="475943" lat="-12.1243167" lon="-77.0307532"/>
 <node id="108191735" visible="true" version="7" changeset="27602559" timestamp="2014-12-21T06:44:40Z" user="sir-mapalot" uid="475943" lat="-12.1244197" lon="-77.0301716"/>
 <node id="108191737" visible="true" version="6" changeset="67202980" timestamp="2019-02-14T18:04:48Z" user="chachafish" uid="2237750" lat="-12.1247796" lon="-77.0279301">
  <tag k="highway" v="traffic_signals"/>
  <tag k="traffic_signals" v="signal"/>
 </node>
 <node id="108191738" visible="true" version="6" changeset="41248974" timestamp="2016-08-04T22:38:59Z" user="BlueSombra" uid="3242620" lat="-12.1249385" lon="-77.0269052">
  <tag k="highway" v="traffic_signals"/>
  <tag k="traffic_signals" v="signal"/>
 </node>
 <node id="114613696" visible="true" version="11" changeset="67176227" timestamp="2019-02-13T21:56:15Z" user="chachafish" uid="2237750" lat="-12.1212614" lon="-77.0297715"/>
 <node id="114613813" visible="true" version="11" changeset="41262785" timestamp="2016-08-05T16:01:13Z" user="BlueSombra" uid="3242620" lat="-12.1226766" lon="-77.0304267"/>
 <node id="114613846" visible="true" version="13" changeset="153635983" timestamp="2024-07-06T18:58:01Z" user="biomapin" uid="3830572" lat="-12.1216629" lon="-77.0290299">
  <tag k="button_operated" v="no"/>
  <tag k="crossing:signals" v="yes"/>
  <tag k="highway" v="crossing"/>
  <tag k="kerb" v="lowered"/>
  <tag k="traffic_signals:sound" v="no"/>
  <tag k="traffic_signals:vibration" v="no"/>
 </node>
 <node id="133925753" visible="true" version="10" changeset="160298317" timestamp="2024-12-17T13:27:41Z" user="Corban8" uid="4240913" lat="-12.1229387" lon="-77.0291778">
  <tag k="highway" v="traffic_signals"/>
  <tag k="traffic_signals" v="signal"/>
 </node>
 <node id="133935057" visible="true" version="5" changeset="37947151" timestamp="2016-03-19T22:41:55Z" user="Diego Sanguinetti" uid="309382" lat="-12.1231762" lon="-77.0278183"/>
 <node id="252115303" visible="true" version="7" changeset="40311052" timestamp="2016-06-27T00:10:57Z" user="BikeRoad" uid="3189465" lat="-12.1222441" lon="-77.0267990"/>
 <node id="252115370" visible="true" version="4" changeset="362853" timestamp="2009-04-09T02:24:53Z" user="JaviPeru" uid="114496" lat="-12.1223569" lon="-77.0277721"/>
 <node id="263613076" visible="true" version="7" changeset="40311052" timestamp="2016-06-27T00:10:57Z" user="BikeRoad" uid="3189465" lat="-12.1221430" lon="-77.0258550"/>
 <node id="263613997" visible="true" version="5" changeset="38102064" timestamp="2016-03-27T15:47:26Z" user="Diego Sanguinetti" uid="309382" lat="-12.1223774" lon="-77.0284468"/>
 <node id="263614506" visible="true" version="4" changeset="20548744" timestamp="2014-02-13T21:22:16Z" user="Ronos" uid="962932" lat="-12.1214226" lon="-77.0283639"/>
 <node id="263630442" visible="true" version="10" changeset="57162257" timestamp="2018-03-14T00:16:14Z" user="Diego Sanguinetti" uid="309382" lat="-12.1248229" lon="-77.0268959">
  <tag k="highway" v="traffic_signals"/>
  <tag k="traffic_signals" v="signal"/>
 </node>
 <node id="263630443" visible="true" version="7" changeset="159931292" timestamp="2024-12-04T19:24:14Z" user="Mendicant_Slug_097" uid="14389175" lat="-12.1246811" lon="-77.0279240">
  <tag k="highway" v="traffic_signals"/>
  <tag k="traffic_signals" v="signal"/>
 </node>
 <node id="263630444" visible="true" version="4" changeset="38101876" timestamp="2016-03-27T15:38:05Z" user="Diego Sanguinetti" uid="309382" lat="-12.1244797" lon="-77.0293857">
  <tag k="highway" v="traffic_signals"/>
  <tag k="traffic_signals:sound" v="no"/>
 </node>
 <node id="386841487" visible="true" version="3" changeset="24751516" timestamp="2014-08-14T18:03:02Z" user="GRPIAA" uid="2028483" lat="-12.1217271" lon="-77.0308192"/>
 <node id="1273458489" visible="true" version="5" changeset="67176227" timestamp="2019-02-13T21:56:15Z" user="chachafish" uid="2237750" lat="-12.1214683" lon="-77.0293894"/>
 <node id="1273617313" visible="true" version="4" changeset="116314511" timestamp="2022-01-18T20:09:19Z" user="Fer25" uid="14345373" lat="-12.1203677" lon="-77.0289817"/>
 <node id="1319390248" visible="true" version="2" changeset="27602559" timestamp="2014-12-21T06:44:42Z" user="sir-mapalot" uid="475943" lat="-12.1243638" lon="-77.0301526"/>
 <node id="1319390252" visible="true" version="4" changeset="65327228" timestamp="2018-12-09T22:57:51Z" user="Diego Sanguinetti" uid="309382" lat="-12.1242026" lon="-77.0307390"/>
 <node id="1437918353" visible="true" version="3" changeset="124912187" timestamp="2022-08-15T06:21:06Z" user="ovruni" uid="81735" lat="-12.1218686" lon="-77.0304526"/>
 <node id="1437918354" visible="true" version="2" changeset="67176227" timestamp="2019-02-13T21:56:15Z" user="chachafish" uid="2237750" lat="-12.1219471" lon="-77.0302874"/>
 <node id="1437918356" visible="true" version="2" changeset="67176227" timestamp="2019-02-13T21:56:15Z" user="chachafish" uid="2237750" lat="-12.1219804" lon="-77.0302173"/>
 <node id="1437918370" visible="true" version="3" changeset="129176515" timestamp="2022-11-21T02:55:20Z" user="ovruni" uid="81735" lat="-12.1223921" lon="-77.0304569"/>
 <node id="1437918373" visible="true" version="3" changeset="57163911" timestamp="2018-03-14T02:51:27Z" user="Diego Sanguinetti" uid="309382" lat="-12.1224208" lon="-77.0304290"/>
 <node id="1437918374" visible="true" version="1" changeset="9347706" timestamp="2011-09-20T00:43:46Z" user="Miguel Vera" uid="48699" lat="-12.1224662" lon="-77.0305001"/>
 <node id="1546270232" visible="true" version="14" changeset="152557433" timestamp="2024-06-11T18:51:30Z" user="wille" uid="360183" lat="-12.1220362" lon="-77.0289357">
  <tag k="addr:postcode" v="15074"/>
  <tag k="addr:street" v="Avenida José Larco"/>
  <tag k="amenity" v="fast_food"/>
  <tag k="brand" v="Popeyes"/>
  <tag k="brand:wikidata" v="Q1330910"/>
  <tag k="brand:wikipedia" v="en:Popeyes"/>
  <tag k="check_date" v="2024-06-11"/>
  <tag k="cuisine" v="chicken"/>
  <tag k="level" v="0"/>
  <tag k="name" v="Popeyes"/>
  <tag k="official_name" v="Popeyes Louisiana Kitchen"/>
  <tag k="source" v="Reconocimiento cartográfico por KG 2017"/>
  <tag k="takeaway" v="yes"/>
  <tag k="toilets:wheelchair" v="yes"/>
  <tag k="wheelchair" v="yes"/>
 </node>
 <node id="1760093063" visible="true" version="3" changeset="65360063" timestamp="2018-12-11T00:43:14Z" user="Diego Sanguinetti" uid="309382" lat="-12.1233702" lon="-77.0292398"/>
 <node id="1760093065" visible="true" version="2" changeset="37947151" timestamp="2016-03-19T22:41:55Z" user="Diego Sanguinetti" uid="309382" lat="-12.1236215" lon="-77.0278494"/>
 <node id="2467264252" visible="true" version="8" changeset="85958407" timestamp="2020-05-29T16:54:19Z" user="BikeRoad" uid="3189465" lat="-12.1221423" lon="-77.0292734">
  <tag k="addr:city" v="Miraflores"/>
  <tag k="addr:housenumber" v="450"/>
  <tag k="addr:postcode" v="15074"/>
  <tag k="addr:street" v="Avenida José Larco"/>
  <tag k="alt_name" v="Exposicion de arte de la municipalidad"/>
  <tag k="amenity" v="arts_centre"/>
  <tag k="contact:facebook" v="https://www.facebook.com/Sala.LMQG"/>
  <tag k="email" v="artesvisuales@miraflores.gob.pe"/>
  <tag k="name" v="Sala Luis Miró Quesada Garland"/>
  <tag k="opening_hours" v="Mo-Sa 10:00-22:00"/>
  <tag k="phone" v="+51 1 6177264"/>
  <tag k="start_date" v="1984-07-17"/>
  <tag k="toilets:wheelchair" v="no"/>
  <tag k="wheelchair" v="yes"/>
  <tag k="wheelchair:description" v="Tiene rampa. No ofrecen baño a nadie"/>
  <tag k="wikidata" v="Q30902688"/>
  <tag k="wikipedia" v="es:Sala Luis Miró Quesada Garland"/>
 </node>
 <node id="2526790337" visible="true" version="2" changeset="85958230" timestamp="2020-05-29T16:49:42Z" user="BikeRoad" uid="3189465" lat="-12.1221549" lon="-77.0293795"/>
 <node id="2526790339" visible="true" version="2" changeset="85958230" timestamp="2020-05-29T16:49:42Z" user="BikeRoad" uid="3189465" lat="-12.1216442" lon="-77.0292975"/>
 <node id="2526790341" visible="true" version="2" changeset="85915895" timestamp="2020-05-29T03:24:47Z" user="BikeRoad" uid="3189465" lat="-12.1221546" lon="-77.0294272"/>
 <node id="2526790348" visible="true" version="1" changeset="18821123" timestamp="2013-11-10T17:51:06Z" user="DRW" uid="312413" lat="-12.1218527" lon="-77.0295453"/>
 <node id="2526790350" visible="true" version="3" changeset="85958230" timestamp="2020-05-29T16:49:42Z" user="BikeRoad" uid="3189465" lat="-12.1217798" lon="-77.0291630"/>
 <node id="2526790352" visible="true" version="2" changeset="85915895" timestamp="2020-05-29T03:24:47Z" user="BikeRoad" uid="3189465" lat="-12.1219139" lon="-77.0293935"/>
 <node id="2526790354" visible="true" version="7" changeset="163783287" timestamp="2025-03-18T16:37:36Z" user="quincylvania" uid="4515353" lat="-12.1220000" lon="-77.0294932">
  <tag k="artwork_type" v="statue"/>
  <tag k="historic" v="memorial"/>
  <tag k="inscription" v="A Raúl Porras Barrenechea 1879 - 1960. Insigne Historiador y Maestro. El Distrito de Miraflores, sus amigos y discípulos. 1961"/>
  <tag k="material" v="granite"/>
  <tag k="memorial" v="bust"/>
  <tag k="name" v="Raúl Porras Barrenechea"/>
  <tag k="start_date" v="1961-09-27"/>
  <tag k="subject:wikidata" v="Q567582"/>
  <tag k="subject:wikipedia" v="es:Raúl Porras Barrenechea"/>
  <tag k="tourism" v="artwork"/>
  <tag k="wheelchair" v="yes"/>
 </node>
 <node id="2526790357" visible="true" version="3" changeset="85958230" timestamp="2020-05-29T16:49:42Z" user="BikeRoad" uid="3189465" lat="-12.1217017" lon="-77.0291903"/>
 <node id="2526790359" visible="true" version="2" changeset="85915895" timestamp="2020-05-29T03:24:47Z" user="BikeRoad" uid="3189465" lat="-12.1220413" lon="-77.0296552"/>
 <node id="2526790362" visible="true" version="4" changeset="85958230" timestamp="2020-05-29T16:49:42Z" user="BikeRoad" uid="3189465" lat="-12.1217953" lon="-77.0293732"/>
 <node id="2526790364" visible="true" version="3" changeset="85915895" timestamp="2020-05-29T03:24:47Z" user="BikeRoad" uid="3189465" lat="-12.1219687" lon="-77.0295042"/>
 <node id="2526790366" visible="true" version="2" changeset="67176227" timestamp="2019-02-13T21:56:15Z" user="chachafish" uid="2237750" lat="-12.1221517" lon="-77.0297606"/>
 <node id="2526790368" visible="true" version="3" changeset="85915895" timestamp="2020-05-29T03:24:47Z" user="BikeRoad" uid="3189465" lat="-12.1219823" lon="-77.0294599"/>
 <node id="2526790370" visible="true" version="3" changeset="85915895" timestamp="2020-05-29T03:24:47Z" user="BikeRoad" uid="3189465" lat="-12.1219733" lon="-77.0294682"/>
 <node id="2526790372" visible="true" version="3" changeset="85915895" timestamp="2020-05-29T03:24:47Z" user="BikeRoad" uid="3189465" lat="-12.1220136" lon="-77.0295235"/>
 <node id="2526790374" visible="true" version="3" changeset="85915895" timestamp="2020-05-29T03:24:47Z" user="BikeRoad" uid="3189465" lat="-12.1220358" lon="-77.0294888"/>
 <node id="2526790376" visible="true" version="3" changeset="67176227" timestamp="2019-02-13T21:56:16Z" user="chachafish" uid="2237750" lat="-12.1218028" lon="-77.0295711"/>
 <node id="2526790378" visible="true" version="3" changeset="67176227" timestamp="2019-02-13T21:56:16Z" user="chachafish" uid="2237750" lat="-12.1220618" lon="-77.0297118"/>
 <node id="2526790380" visible="true" version="2" changeset="42258878" timestamp="2016-09-19T00:23:42Z" user="Diego Sanguinetti" uid="309382" lat="-12.1221205" lon="-77.0294798"/>
 <node id="2526790382" visible="true" version="3" changeset="67176227" timestamp="2019-02-13T21:56:15Z" user="chachafish" uid="2237750" lat="-12.1222672" lon="-77.0293989"/>
 <node id="2526790388" visible="true" version="2" changeset="85958230" timestamp="2020-05-29T16:49:42Z" user="BikeRoad" uid="3189465" lat="-12.1221763" lon="-77.0292093"/>
 <node id="2526790390" visible="true" version="2" changeset="85915895" timestamp="2020-05-29T03:24:47Z" user="BikeRoad" uid="3189465" lat="-12.1221626" lon="-77.0294605"/>
 <node id="2528951644" visible="true" version="8" changeset="178481999" timestamp="2026-02-13T02:26:35Z" user="wille" uid="360183" lat="-12.1221214" lon="-77.0297757">
  <tag k="addr:city" v="Miraflores"/>
  <tag k="addr:housenumber" v="119"/>
  <tag k="addr:street" v="Avenida Ernesto Diez Canseco"/>
  <tag k="amenity" v="restaurant"/>
  <tag k="check_date" v="2026-02-12"/>
  <tag k="contact:facebook" v="https://www.facebook.com/mammalola"/>
  <tag k="cuisine" v="italian;pizza"/>
  <tag k="email" v="mammalola@sctdosdemayo.com"/>
  <tag k="name" v="Pizzeria Mama Lola"/>
  <tag k="phone" v="+51 1 2416335"/>
  <tag k="website" v="https://www.trattoriamammalola.com/"/>
  <tag k="wheelchair" v="yes"/>
  <tag k="wheelchair:description" v="Baño no adaptado pero entra la silla de ruedas con piruetas"/>
 </node>
 <node id="2670648387" visible="true" version="3" changeset="20548744" timestamp="2014-02-13T21:22:16Z" user="Ronos" uid="962932" lat="-12.1210924" lon="-77.0289985"/>
 <node id="2673400730" visible="true" version="2" changeset="37047536" timestamp="2016-02-06T19:29:01Z" user="Diego Sanguinetti" uid="309382" lat="-12.1222741" lon="-77.0290809">
  <tag k="crossing" v="zebra"/>
  <tag k="highway" v="crossing"/>
 </node>
 <node id="2673400749" visible="true" version="5" changeset="178684228" timestamp="2026-02-17T15:01:35Z" user="wille" uid="360183" lat="-12.1244004" lon="-77.0293755">
  <tag k="crossing" v="traffic_signals"/>
  <tag k="crossing:markings" v="zebra"/>
  <tag k="crossing:signals" v="yes"/>
  <tag k="highway" v="crossing"/>
 </node>
 <node id="2673400753" visible="true" version="3" changeset="37947151" timestamp="2016-03-19T22:41:55Z" user="Diego Sanguinetti" uid="309382" lat="-12.1228672" lon="-77.0291669">
  <tag k="crossing" v="zebra"/>
  <tag k="highway" v="crossing"/>
 </node>
 <node id="2930249624" visible="true" version="4" changeset="159511617" timestamp="2024-11-23T19:10:05Z" user="murghdo" uid="2418845" lat="-12.1220131" lon="-77.0301941">
  <tag k="traffic_calming" v="island"/>
 </node>
 <node id="3102649448" visible="true" version="5" changeset="178640467" timestamp="2026-02-16T17:28:52Z" user="wille" uid="360183" lat="-12.1269471" lon="-77.0295683">
  <tag k="crossing" v="zebra"/>
  <tag k="crossing:markings" v="zebra"/>
  <tag k="highway" v="crossing"/>
 </node>
 <node id="3245705946" visible="true" version="3" changeset="67176227" timestamp="2019-02-13T21:56:15Z" user="chachafish" uid="2237750" lat="-12.1226924" lon="-77.0303516">
  <tag k="crossing" v="marked"/>
  <tag k="highway" v="crossing"/>
 </node>
 <node id="3245705957" visible="true" version="1" changeset="27602559" timestamp="2014-12-21T06:44:08Z" user="sir-mapalot" uid="475943" lat="-12.1242839" lon="-77.0306537"/>
 <node id="3245705958" visible="true" version="2" changeset="178684228" timestamp="2026-02-17T15:01:35Z" user="wille" uid="360183" lat="-12.1244661" lon="-77.0294835">
  <tag k="crossing" v="traffic_signals"/>
  <tag k="crossing:markings" v="zebra"/>
  <tag k="crossing:signals" v="yes"/>
  <tag k="highway" v="crossing"/>
 </node>
 <node id="3245705959" visible="true" version="5" changeset="178684228" timestamp="2026-02-17T15:01:35Z" user="wille" uid="360183" lat="-12.1244909" lon="-77.0293043">
  <tag k="crossing" v="traffic_signals"/>
  <tag k="crossing:markings" v="zebra"/>
  <tag k="crossing:signals" v="yes"/>
  <tag k="highway" v="crossing"/>
  <tag k="kerb" v="lowered"/>
 </node>
 <node id="3245705960" visible="true" version="2" changeset="178684228" timestamp="2026-02-17T15:01:35Z" user="wille" uid="360183" lat="-12.1245374" lon="-77.0294858">
  <tag k="crossing" v="traffic_signals"/>
  <tag k="crossing:markings" v="zebra"/>
  <tag k="crossing:signals" v="yes"/>
  <tag k="highway" v="crossing"/>
 </node>
 <node id="3245705961" visible="true" version="6" changeset="178684228" timestamp="2026-02-17T15:01:35Z" user="wille" uid="360183" lat="-12.1245656" lon="-77.0293103">
  <tag k="crossing" v="traffic_signals"/>
  <tag k="crossing:markings" v="zebra"/>
  <tag k="crossing:signals" v="yes"/>
  <tag k="highway" v="crossing"/>
  <tag k="kerb" v="lowered"/>
  <tag k="traffic_signals:sound" v="no"/>
 </node>
 <node id="3245705962" visible="true" version="3" changeset="178684228" timestamp="2026-02-17T15:01:35Z" user="wille" uid="360183" lat="-12.1246288" lon="-77.0293938">
  <tag k="crossing" v="traffic_signals"/>
  <tag k="crossing:markings" v="zebra"/>
  <tag k="crossing:signals" v="yes"/>
  <tag k="highway" v="crossing"/>
 </node>
 <node id="3245705964" visible="true" version="4" changeset="100555970" timestamp="2021-03-06T22:47:25Z" user="murghdo" uid="2418845" lat="-12.1246723" lon="-77.0279885">
  <tag k="crossing" v="marked"/>
  <tag k="highway" v="crossing"/>
 </node>
 <node id="3245705965" visible="true" version="7" changeset="122817421" timestamp="2022-06-24T20:15:43Z" user="D Monk" uid="14670514" lat="-12.1246882" lon="-77.0278732">
  <tag k="button_operated" v="no"/>
  <tag k="crossing" v="traffic_signals"/>
  <tag k="highway" v="crossing"/>
  <tag k="traffic_signals:sound" v="no"/>
  <tag k="traffic_signals:vibration" v="no"/>
 </node>
 <node id="3245705968" visible="true" version="7" changeset="122817421" timestamp="2022-06-24T20:15:42Z" user="D Monk" uid="14670514" lat="-12.1247694" lon="-77.0279960">
  <tag k="button_operated" v="no"/>
  <tag k="crossing" v="traffic_signals"/>
  <tag k="highway" v="crossing"/>
  <tag k="traffic_signals:sound" v="no"/>
  <tag k="traffic_signals:vibration" v="no"/>
 </node>
 <node id="3245705969" visible="true" version="7" changeset="122817421" timestamp="2022-06-24T20:15:46Z" user="D Monk" uid="14670514" lat="-12.1247876" lon="-77.0278785">
  <tag k="button_operated" v="no"/>
  <tag k="crossing" v="traffic_signals"/>
  <tag k="highway" v="crossing"/>
  <tag k="traffic_signals:sound" v="no"/>
  <tag k="traffic_signals:vibration" v="no"/>
 </node>
 <node id="3245705972" visible="true" version="4" changeset="122817426" timestamp="2022-06-24T20:15:53Z" user="D Monk" uid="14670514" lat="-12.1248141" lon="-77.0269595">
  <tag k="crossing" v="marked"/>
  <tag k="highway" v="crossing"/>
 </node>
 <node id="3245705978" visible="true" version="3" changeset="122817426" timestamp="2022-06-24T20:15:49Z" user="D Monk" uid="14670514" lat="-12.1249295" lon="-77.0269630">
  <tag k="crossing" v="marked"/>
  <tag k="highway" v="crossing"/>
 </node>
 <node id="3871705428" visible="true" version="12" changeset="179232601" timestamp="2026-03-02T01:12:02Z" user="Dimusoika" uid="13962726" lat="-12.1235245" lon="-77.0284574">
  <tag k="historic" v="memorial"/>
  <tag k="memorial" v="war_memorial"/>
  <tag k="memorial:conflict" v="Internal conflict in Peru"/>
  <tag k="name" v="A las Víctimas de Tarata"/>
  <tag k="subject:wikidata" v="Q5200724"/>
  <tag k="subject:wikipedia" v="es:Atentado de Miraflores de 1992"/>
  <tag k="toilets:wheelchair" v="no"/>
  <tag k="wheelchair" v="no"/>
  <tag k="wheelchair:description" v="Una grada"/>
 </node>
 <node id="3871705429" visible="true" version="2" changeset="40700017" timestamp="2016-07-12T22:21:26Z" user="JAAS" uid="3321532" lat="-12.1247154" lon="-77.0290558"/>
 <node id="3871705430" visible="true" version="2" changeset="40700017" timestamp="2016-07-12T22:21:26Z" user="JAAS" uid="3321532" lat="-12.1248026" lon="-77.0284770"/>
 <node id="3871705431" visible="true" version="2" changeset="40700017" timestamp="2016-07-12T22:21:26Z" user="JAAS" uid="3321532" lat="-12.1252853" lon="-77.0285545"/>
 <node id="3871705432" visible="true" version="2" changeset="40700017" timestamp="2016-07-12T22:21:26Z" user="JAAS" uid="3321532" lat="-12.1251967" lon="-77.0291323"/>
 <node id="3871705433" visible="true" version="2" changeset="40700017" timestamp="2016-07-12T22:21:26Z" user="JAAS" uid="3321532" lat="-12.1247444" lon="-77.0288588"/>
 <node id="3871705434" visible="true" version="2" changeset="40700017" timestamp="2016-07-12T22:21:26Z" user="JAAS" uid="3321532" lat="-12.1247739" lon="-77.0286640"/>
 <node id="3871716251" visible="true" version="2" changeset="41348316" timestamp="2016-08-09T15:59:51Z" user="FoxyMarcie" uid="3321091" lat="-12.1247448" lon="-77.0284619"/>
 <node id="3871716252" visible="true" version="2" changeset="41348316" timestamp="2016-08-09T15:59:51Z" user="FoxyMarcie" uid="3321091" lat="-12.1252007" lon="-77.0285257"/>
 <node id="3871716253" visible="true" version="2" changeset="41348316" timestamp="2016-08-09T15:59:51Z" user="FoxyMarcie" uid="3321091" lat="-12.1252150" lon="-77.0284187"/>
 <node id="3871716254" visible="true" version="2" changeset="41348316" timestamp="2016-08-09T15:59:51Z" user="FoxyMarcie" uid="3321091" lat="-12.1247591" lon="-77.0283549"/>
 <node id="3871716255" visible="true" version="2" changeset="41198111" timestamp="2016-08-02T17:50:10Z" user="Canyonsrcool" uid="126508" lat="-12.1247015" lon="-77.0293374"/>
 <node id="3871716256" visible="true" version="2" changeset="41198111" timestamp="2016-08-02T17:50:10Z" user="Canyonsrcool" uid="126508" lat="-12.1247074" lon="-77.0290747"/>
 <node id="3871718757" visible="true" version="3" changeset="41198111" timestamp="2016-08-02T17:50:10Z" user="Canyonsrcool" uid="126508" lat="-12.1248180" lon="-77.0290733"/>
 <node id="3871718758" visible="true" version="2" changeset="41198111" timestamp="2016-08-02T17:50:10Z" user="Canyonsrcool" uid="126508" lat="-12.1248137" lon="-77.0290992"/>
 <node id="3871718759" visible="true" version="2" changeset="41198111" timestamp="2016-08-02T17:50:10Z" user="Canyonsrcool" uid="126508" lat="-12.1248482" lon="-77.0291000"/>
 <node id="3871718760" visible="true" version="2" changeset="41198111" timestamp="2016-08-02T17:50:10Z" user="Canyonsrcool" uid="126508" lat="-12.1248429" lon="-77.0293407"/>
 <node id="3871718761" visible="true" version="1" changeset="35695657" timestamp="2015-12-01T22:03:59Z" user="Porphyrion" uid="706159" lat="-12.1248988" lon="-77.0293080"/>
 <node id="3871718762" visible="true" version="1" changeset="35695657" timestamp="2015-12-01T22:03:59Z" user="Porphyrion" uid="706159" lat="-12.1251447" lon="-77.0293120"/>
 <node id="3871718763" visible="true" version="1" changeset="35695657" timestamp="2015-12-01T22:03:59Z" user="Porphyrion" uid="706159" lat="-12.1251474" lon="-77.0291343"/>
 <node id="3871718764" visible="true" version="1" changeset="35695657" timestamp="2015-12-01T22:03:59Z" user="Porphyrion" uid="706159" lat="-12.1249015" lon="-77.0291303"/>
 <node id="3871718767" visible="true" version="5" changeset="41621776" timestamp="2016-08-22T19:04:38Z" user="Te-Ika" uid="3742941" lat="-12.1251405" lon="-77.0295589"/>
 <node id="3871718768" visible="true" version="5" changeset="41621776" timestamp="2016-08-22T19:04:38Z" user="Te-Ika" uid="3742941" lat="-12.1251329" lon="-77.0296904"/>
 <node id="3871718769" visible="true" version="2" changeset="129981577" timestamp="2022-12-12T02:30:41Z" user="daperson" uid="14901495" lat="-12.1250143" lon="-77.0297617"/>
 <node id="3871718770" visible="true" version="4" changeset="41621776" timestamp="2016-08-22T19:04:38Z" user="Te-Ika" uid="3742941" lat="-12.1250130" lon="-77.0296896"/>
 <node id="3871718771" visible="true" version="4" changeset="41621776" timestamp="2016-08-22T19:04:38Z" user="Te-Ika" uid="3742941" lat="-12.1250510" lon="-77.0296893"/>
 <node id="3871718772" visible="true" version="2" changeset="129981577" timestamp="2022-12-12T02:30:41Z" user="daperson" uid="14901495" lat="-12.1250511" lon="-77.0297640"/>
 <node id="3871718773" visible="true" version="2" changeset="40906763" timestamp="2016-07-20T21:30:55Z" user="Ranger444" uid="3319178" lat="-12.1249344" lon="-77.0298780"/>
 <node id="3871718774" visible="true" version="2" changeset="40906763" timestamp="2016-07-20T21:30:55Z" user="Ranger444" uid="3319178" lat="-12.1249416" lon="-77.0297572"/>
 <node id="3871718775" visible="true" version="2" changeset="40906763" timestamp="2016-07-20T21:30:55Z" user="Ranger444" uid="3319178" lat="-12.1251324" lon="-77.0297691"/>
 <node id="3871718776" visible="true" version="2" changeset="40906763" timestamp="2016-07-20T21:30:55Z" user="Ranger444" uid="3319178" lat="-12.1251252" lon="-77.0298899"/>
 <node id="3871718777" visible="true" version="4" changeset="41621776" timestamp="2016-08-22T19:04:38Z" user="Te-Ika" uid="3742941" lat="-12.1247486" lon="-77.0296827"/>
 <node id="3871718778" visible="true" version="4" changeset="41621776" timestamp="2016-08-22T19:04:38Z" user="Te-Ika" uid="3742941" lat="-12.1247541" lon="-77.0295338"/>
 <node id="3871718779" visible="true" version="4" changeset="41621776" timestamp="2016-08-22T19:04:38Z" user="Te-Ika" uid="3742941" lat="-12.1249556" lon="-77.0295493"/>
 <node id="3871718784" visible="true" version="4" changeset="41621776" timestamp="2016-08-22T19:04:38Z" user="Te-Ika" uid="3742941" lat="-12.1249581" lon="-77.0296901"/>
 <node id="3877233009" visible="true" version="3" changeset="41248718" timestamp="2016-08-04T22:18:55Z" user="BlueSombra" uid="3242620" lat="-12.1235135" lon="-77.0295330"/>
 <node id="3877233010" visible="true" version="3" changeset="41248718" timestamp="2016-08-04T22:18:55Z" user="BlueSombra" uid="3242620" lat="-12.1235386" lon="-77.0293845"/>
 <node id="3877233011" visible="true" version="3" changeset="41248718" timestamp="2016-08-04T22:18:55Z" user="BlueSombra" uid="3242620" lat="-12.1236779" lon="-77.0294091"/>
 <node id="3877233012" visible="true" version="3" changeset="41248718" timestamp="2016-08-04T22:18:55Z" user="BlueSombra" uid="3242620" lat="-12.1236529" lon="-77.0295576"/>
 <node id="3877259445" visible="true" version="2" changeset="40906676" timestamp="2016-07-20T21:26:36Z" user="Ranger444" uid="3319178" lat="-12.1222838" lon="-77.0302343"/>
 <node id="3877259446" visible="true" version="2" changeset="40906676" timestamp="2016-07-20T21:26:36Z" user="Ranger444" uid="3319178" lat="-12.1223510" lon="-77.0300722"/>
 <node id="3877259447" visible="true" version="2" changeset="40906676" timestamp="2016-07-20T21:26:36Z" user="Ranger444" uid="3319178" lat="-12.1221415" lon="-77.0299814"/>
 <node id="3877259448" visible="true" version="1" changeset="35758820" timestamp="2015-12-04T22:45:24Z" user="Porphyrion" uid="706159" lat="-12.1220909" lon="-77.0301035"/>
 <node id="3877259449" visible="true" version="2" changeset="129176515" timestamp="2022-11-21T02:55:20Z" user="ovruni" uid="81735" lat="-12.1220934" lon="-77.0301308"/>
 <node id="3877259450" visible="true" version="2" changeset="129176515" timestamp="2022-11-21T02:55:20Z" user="ovruni" uid="81735" lat="-12.1221108" lon="-77.0301472"/>
 <node id="3877259452" visible="true" version="1" changeset="35758820" timestamp="2015-12-04T22:45:24Z" user="Porphyrion" uid="706159" lat="-12.1217377" lon="-77.0300663"/>
 <node id="3992495085" visible="true" version="1" changeset="37047536" timestamp="2016-02-06T19:29:01Z" user="Diego Sanguinetti" uid="309382" lat="-12.1224623" lon="-77.0291053">
  <tag k="crossing" v="zebra"/>
  <tag k="highway" v="crossing"/>
 </node>
 <node id="4069199343" visible="true" version="5" changeset="41621776" timestamp="2016-08-22T19:04:45Z" user="Te-Ika" uid="3742941" lat="-12.1230603" lon="-77.0290477"/>
 <node id="4069199344" visible="true" version="5" changeset="41621776" timestamp="2016-08-22T19:04:45Z" user="Te-Ika" uid="3742941" lat="-12.1233301" lon="-77.0290908"/>
 <node id="4069199345" visible="true" version="5" changeset="41621776" timestamp="2016-08-22T19:04:45Z" user="Te-Ika" uid="3742941" lat="-12.1233673" lon="-77.0288478"/>
 <node id="4069199346" visible="true" version="5" changeset="41621776" timestamp="2016-08-22T19:04:45Z" user="Te-Ika" uid="3742941" lat="-12.1230975" lon="-77.0288047"/>
 <node id="4069199347" visible="true" version="3" changeset="41262342" timestamp="2016-08-05T15:42:53Z" user="BlueSombra" uid="3242620" lat="-12.1231886" lon="-77.0287282"/>
 <node id="4069199348" visible="true" version="3" changeset="41262342" timestamp="2016-08-05T15:42:53Z" user="BlueSombra" uid="3242620" lat="-12.1232120" lon="-77.0285815"/>
 <node id="4069199349" visible="true" version="3" changeset="41262342" timestamp="2016-08-05T15:42:53Z" user="BlueSombra" uid="3242620" lat="-12.1233075" lon="-77.0285960"/>
 <node id="4069199350" visible="true" version="3" changeset="41262342" timestamp="2016-08-05T15:42:53Z" user="BlueSombra" uid="3242620" lat="-12.1233251" lon="-77.0284750"/>
 <node id="4069199351" visible="true" version="3" changeset="41262342" timestamp="2016-08-05T15:42:53Z" user="BlueSombra" uid="3242620" lat="-12.1234408" lon="-77.0284926"/>
 <node id="4069199352" visible="true" version="3" changeset="41262342" timestamp="2016-08-05T15:42:53Z" user="BlueSombra" uid="3242620" lat="-12.1234015" lon="-77.0287629"/>
 <node id="4069199353" visible="true" version="4" changeset="41262342" timestamp="2016-08-05T15:42:53Z" user="BlueSombra" uid="3242620" lat="-12.1231498" lon="-77.0283870"/>
 <node id="4069199354" visible="true" version="5" changeset="148932417" timestamp="2024-03-20T20:16:41Z" user="marrmoriak" uid="21218513" lat="-12.1234503" lon="-77.0284277"/>
 <node id="4069199355" visible="true" version="6" changeset="148932417" timestamp="2024-03-20T20:16:41Z" user="marrmoriak" uid="21218513" lat="-12.1235352" lon="-77.0279278"/>
 <node id="4069199356" visible="true" version="4" changeset="41262342" timestamp="2016-08-05T15:42:53Z" user="BlueSombra" uid="3242620" lat="-12.1232310" lon="-77.0279136"/>
 <node id="4069199359" visible="true" version="1" changeset="37947151" timestamp="2016-03-19T22:41:53Z" user="Diego Sanguinetti" uid="309382" lat="-12.1231638" lon="-77.0278890">
  <tag k="crossing" v="zebra"/>
  <tag k="highway" v="crossing"/>
 </node>
 <node id="4069199368" visible="true" version="5" changeset="119358051" timestamp="2022-04-05T19:55:43Z" user="TuAmigoElEditor" uid="13950332" lat="-12.1236767" lon="-77.0283248"/>
 <node id="4069199369" visible="true" version="5" changeset="119358051" timestamp="2022-04-05T19:55:43Z" user="TuAmigoElEditor" uid="13950332" lat="-12.1237703" lon="-77.0283376"/>
 <node id="4069199370" visible="true" version="5" changeset="119358051" timestamp="2022-04-05T19:55:43Z" user="TuAmigoElEditor" uid="13950332" lat="-12.1237992" lon="-77.0281115"/>
 <node id="4069199371" visible="true" version="5" changeset="119358051" timestamp="2022-04-05T19:55:43Z" user="TuAmigoElEditor" uid="13950332" lat="-12.1236447" lon="-77.0280930"/>
 <node id="4069199372" visible="true" version="5" changeset="119358051" timestamp="2022-04-05T19:55:43Z" user="TuAmigoElEditor" uid="13950332" lat="-12.1236358" lon="-77.0281755"/>
 <node id="4069199373" visible="true" version="5" changeset="119358051" timestamp="2022-04-05T19:55:43Z" user="TuAmigoElEditor" uid="13950332" lat="-12.1236950" lon="-77.0281843"/>
 <node id="4069199375" visible="true" version="4" changeset="119358051" timestamp="2022-04-05T19:55:43Z" user="TuAmigoElEditor" uid="13950332" lat="-12.1236626" lon="-77.0279396"/>
 <node id="4069199377" visible="true" version="4" changeset="119358051" timestamp="2022-04-05T19:55:43Z" user="TuAmigoElEditor" uid="13950332" lat="-12.1237467" lon="-77.0281042"/>
 <node id="4069199378" visible="true" version="3" changeset="40906763" timestamp="2016-07-20T21:30:56Z" user="Ranger444" uid="3319178" lat="-12.1237788" lon="-77.0292087"/>
 <node id="4069199379" visible="true" version="3" changeset="40906763" timestamp="2016-07-20T21:30:56Z" user="Ranger444" uid="3319178" lat="-12.1240080" lon="-77.0292419"/>
 <node id="4069199380" visible="true" version="3" changeset="40906763" timestamp="2016-07-20T21:30:56Z" user="Ranger444" uid="3319178" lat="-12.1240408" lon="-77.0290045"/>
 <node id="4069199381" visible="true" version="3" changeset="40906763" timestamp="2016-07-20T21:30:56Z" user="Ranger444" uid="3319178" lat="-12.1239068" lon="-77.0289851"/>
 <node id="4069199382" visible="true" version="3" changeset="40906763" timestamp="2016-07-20T21:30:56Z" user="Ranger444" uid="3319178" lat="-12.1238953" lon="-77.0290684"/>
 <node id="4069199383" visible="true" version="3" changeset="40906763" timestamp="2016-07-20T21:30:56Z" user="Ranger444" uid="3319178" lat="-12.1238002" lon="-77.0290545"/>
 <node id="4069199384" visible="true" version="3" changeset="41334544" timestamp="2016-08-08T22:29:18Z" user="FoxyMarcie" uid="3321091" lat="-12.1236673" lon="-77.0291682"/>
 <node id="4069199385" visible="true" version="3" changeset="41334544" timestamp="2016-08-08T22:29:18Z" user="FoxyMarcie" uid="3321091" lat="-12.1237426" lon="-77.0291813"/>
 <node id="4069199386" visible="true" version="3" changeset="41334544" timestamp="2016-08-08T22:29:18Z" user="FoxyMarcie" uid="3321091" lat="-12.1237854" lon="-77.0289240"/>
 <node id="4069199387" visible="true" version="3" changeset="41334544" timestamp="2016-08-08T22:29:18Z" user="FoxyMarcie" uid="3321091" lat="-12.1237101" lon="-77.0289109"/>
 <node id="4069199388" visible="true" version="3" changeset="41334544" timestamp="2016-08-08T22:29:18Z" user="FoxyMarcie" uid="3321091" lat="-12.1236184" lon="-77.0288952"/>
 <node id="4069200589" visible="true" version="3" changeset="41334544" timestamp="2016-08-08T22:29:18Z" user="FoxyMarcie" uid="3321091" lat="-12.1236885" lon="-77.0289080"/>
 <node id="4069200590" visible="true" version="3" changeset="41334544" timestamp="2016-08-08T22:29:18Z" user="FoxyMarcie" uid="3321091" lat="-12.1237282" lon="-77.0286815"/>
 <node id="4069200591" visible="true" version="3" changeset="41334544" timestamp="2016-08-08T22:29:18Z" user="FoxyMarcie" uid="3321091" lat="-12.1236582" lon="-77.0286687"/>
 <node id="4069200592" visible="true" version="2" changeset="151277052" timestamp="2024-05-13T17:38:13Z" user="Rocelopa" uid="21179808" lat="-12.1230328" lon="-77.0291914">
  <tag k="crossing" v="zebra"/>
  <tag k="highway" v="crossing"/>
  <tag k="kerb" v="lowered"/>
 </node>
 <node id="4069200593" visible="true" version="4" changeset="41334544" timestamp="2016-08-08T22:29:18Z" user="FoxyMarcie" uid="3321091" lat="-12.1226333" lon="-77.0290271"/>
 <node id="4069200594" visible="true" version="4" changeset="41334544" timestamp="2016-08-08T22:29:18Z" user="FoxyMarcie" uid="3321091" lat="-12.1226438" lon="-77.0289314"/>
 <node id="4069200595" visible="true" version="4" changeset="41334544" timestamp="2016-08-08T22:29:18Z" user="FoxyMarcie" uid="3321091" lat="-12.1228426" lon="-77.0289582"/>
 <node id="4069200596" visible="true" version="4" changeset="41334544" timestamp="2016-08-08T22:29:18Z" user="FoxyMarcie" uid="3321091" lat="-12.1228634" lon="-77.0287979"/>
 <node id="4069200597" visible="true" version="4" changeset="41334544" timestamp="2016-08-08T22:29:18Z" user="FoxyMarcie" uid="3321091" lat="-12.1229515" lon="-77.0288098"/>
 <node id="4069200598" visible="true" version="4" changeset="41334544" timestamp="2016-08-08T22:29:18Z" user="FoxyMarcie" uid="3321091" lat="-12.1229185" lon="-77.0290657"/>
 <node id="4069200631" visible="true" version="3" changeset="46090384" timestamp="2017-02-14T21:12:49Z" user="bicimapa_enzopolo" uid="678983" lat="-12.1224665" lon="-77.0286427"/>
 <node id="4069200632" visible="true" version="2" changeset="44462244" timestamp="2016-12-17T03:33:15Z" user="Diego Sanguinetti" uid="309382" lat="-12.1226709" lon="-77.0286441"/>
 <node id="4069200633" visible="true" version="2" changeset="44462244" timestamp="2016-12-17T03:33:15Z" user="Diego Sanguinetti" uid="309382" lat="-12.1226723" lon="-77.0284505"/>
 <node id="4069200634" visible="true" version="3" changeset="46090384" timestamp="2017-02-14T21:12:48Z" user="bicimapa_enzopolo" uid="678983" lat="-12.1224640" lon="-77.0284519"/>
 <node id="4081347123" visible="true" version="2" changeset="41334544" timestamp="2016-08-08T22:29:18Z" user="FoxyMarcie" uid="3321091" lat="-12.1242237" lon="-77.0292762"/>
 <node id="4081347124" visible="true" version="3" changeset="41334544" timestamp="2016-08-08T22:29:18Z" user="FoxyMarcie" uid="3321091" lat="-12.1244325" lon="-77.0293067"/>
 <node id="4081347125" visible="true" version="3" changeset="41334544" timestamp="2016-08-08T22:29:18Z" user="FoxyMarcie" uid="3321091" lat="-12.1244675" lon="-77.0290559"/>
 <node id="4081347126" visible="true" version="1" changeset="38101817" timestamp="2016-03-27T15:34:01Z" user="Diego Sanguinetti" uid="309382" lat="-12.1244057" lon="-77.0290469"/>
 <node id="4081347127" visible="true" version="1" changeset="38101817" timestamp="2016-03-27T15:34:01Z" user="Diego Sanguinetti" uid="309382" lat="-12.1242420" lon="-77.0291451"/>
 <node id="4081347132" visible="true" version="4" changeset="41621776" timestamp="2016-08-22T19:04:46Z" user="Te-Ika" uid="3742941" lat="-12.1242836" lon="-77.0295011"/>
 <node id="4081347137" visible="true" version="3" changeset="41248718" timestamp="2016-08-04T22:18:55Z" user="BlueSombra" uid="3242620" lat="-12.1239955" lon="-77.0294668"/>
 <node id="4081347138" visible="true" version="1" changeset="38101817" timestamp="2016-03-27T15:34:01Z" user="Diego Sanguinetti" uid="309382" lat="-12.1243699" lon="-77.0301130"/>
 <node id="4081347142" visible="true" version="2" changeset="133383801" timestamp="2023-03-07T00:23:18Z" user="OuterPace" uid="10028118" lat="-12.1242448" lon="-77.0307176">
  <tag k="highway" v="crossing"/>
 </node>
 <node id="4081347143" visible="true" version="1" changeset="38101817" timestamp="2016-03-27T15:34:01Z" user="Diego Sanguinetti" uid="309382" lat="-12.1242765" lon="-77.0306840"/>
 <node id="4081348889" visible="true" version="5" changeset="111046832" timestamp="2021-09-11T02:11:39Z" user="Cyberjuan" uid="1080841" lat="-12.1245747" lon="-77.0296068">
  <tag k="bench" v="no"/>
  <tag k="covered" v="no"/>
  <tag k="highway" v="bus_stop"/>
  <tag k="lit" v="yes"/>
  <tag k="name" v="Paradero 351-353"/>
  <tag k="network" v="SIT"/>
  <tag k="shelter" v="no"/>
  <tag k="toilets:wheelchair" v="no"/>
  <tag k="wheelchair" v="no"/>
 </node>
 <node id="4081348890" visible="true" version="1" changeset="38101876" timestamp="2016-03-27T15:38:05Z" user="Diego Sanguinetti" uid="309382" lat="-12.1243967" lon="-77.0294511">
  <tag k="amenity" v="telephone"/>
 </node>
 <node id="4081348891" visible="true" version="4" changeset="151277720" timestamp="2024-05-13T17:36:48Z" user="Rocelopa" uid="21179808" lat="-12.1238847" lon="-77.0291879">
  <tag k="addr:city" v="Miraflores"/>
  <tag k="addr:housenumber" v="665"/>
  <tag k="addr:postcode" v="15074"/>
  <tag k="addr:street" v="Avenida José Larco"/>
  <tag k="amenity" v="bank"/>
 </node>
 <node id="4081348892" visible="true" version="4" changeset="178683645" timestamp="2026-02-17T14:48:08Z" user="wille" uid="360183" lat="-12.1237708" lon="-77.0294224">
  <tag k="addr:city" v="Miraflores"/>
  <tag k="addr:postcode" v="15074"/>
  <tag k="addr:street" v="Avenida José Larco"/>
  <tag k="brand" v="Claro"/>
  <tag k="brand:wikidata" v="Q1770208"/>
  <tag k="check_date" v="2026-02-16"/>
  <tag k="name" v="Claro"/>
  <tag k="shop" v="mobile_phone"/>
  <tag k="wheelchair" v="yes"/>
 </node>
 <node id="4081359600" visible="true" version="2" changeset="159931292" timestamp="2024-12-04T19:24:14Z" user="Mendicant_Slug_097" uid="14389175" lat="-12.1234311" lon="-77.0296546">
  <tag k="noexit" v="yes"/>
 </node>
 <node id="4081359601" visible="true" version="1" changeset="38102022" timestamp="2016-03-27T15:45:28Z" user="Diego Sanguinetti" uid="309382" lat="-12.1234904" lon="-77.0292565"/>
 <node id="4081359605" visible="true" version="2" changeset="41248718" timestamp="2016-08-04T22:18:56Z" user="BlueSombra" uid="3242620" lat="-12.1230668" lon="-77.0295047"/>
 <node id="4081359610" visible="true" version="2" changeset="40906676" timestamp="2016-07-20T21:26:36Z" user="Ranger444" uid="3319178" lat="-12.1230849" lon="-77.0293341"/>
 <node id="4081359611" visible="true" version="2" changeset="40906676" timestamp="2016-07-20T21:26:36Z" user="Ranger444" uid="3319178" lat="-12.1231357" lon="-77.0297645"/>
 <node id="4081359612" visible="true" version="2" changeset="40906676" timestamp="2016-07-20T21:26:36Z" user="Ranger444" uid="3319178" lat="-12.1231486" lon="-77.0296652"/>
 <node id="4081359613" visible="true" version="2" changeset="40906676" timestamp="2016-07-20T21:26:36Z" user="Ranger444" uid="3319178" lat="-12.1232138" lon="-77.0296741"/>
 <node id="4081359614" visible="true" version="2" changeset="40906676" timestamp="2016-07-20T21:26:36Z" user="Ranger444" uid="3319178" lat="-12.1232295" lon="-77.0295538"/>
 <node id="4081359615" visible="true" version="2" changeset="40906676" timestamp="2016-07-20T21:26:36Z" user="Ranger444" uid="3319178" lat="-12.1233931" lon="-77.0295760"/>
 <node id="4081359616" visible="true" version="2" changeset="40906676" timestamp="2016-07-20T21:26:36Z" user="Ranger444" uid="3319178" lat="-12.1233645" lon="-77.0297957"/>
 <node id="4081359617" visible="true" version="8" changeset="150219351" timestamp="2024-04-19T11:37:01Z" user="wille" uid="360183" lat="-12.1234006" lon="-77.0294004">
  <tag k="brand" v="Ecco"/>
  <tag k="brand:wikidata" v="Q1280255"/>
  <tag k="name" v="Ecco"/>
  <tag k="shop" v="shoes"/>
  <tag k="source" v="Reconocimiento cartográfico de campo 2016 por KG"/>
 </node>
 <node id="4081359618" visible="true" version="2" changeset="41248718" timestamp="2016-08-04T22:18:56Z" user="BlueSombra" uid="3242620" lat="-12.1232379" lon="-77.0295121"/>
 <node id="4081359619" visible="true" version="3" changeset="41248718" timestamp="2016-08-04T22:18:56Z" user="BlueSombra" uid="3242620" lat="-12.1232375" lon="-77.0295331"/>
 <node id="4081359621" visible="true" version="2" changeset="40906676" timestamp="2016-07-20T21:26:35Z" user="Ranger444" uid="3319178" lat="-12.1233964" lon="-77.0295642"/>
 <node id="4081359622" visible="true" version="1" changeset="38102022" timestamp="2016-03-27T15:45:29Z" user="Diego Sanguinetti" uid="309382" lat="-12.1234280" lon="-77.0293814"/>
 <node id="4081359623" visible="true" version="1" changeset="38102022" timestamp="2016-03-27T15:45:29Z" user="Diego Sanguinetti" uid="309382" lat="-12.1234128" lon="-77.0293638"/>
 <node id="4081359624" visible="true" version="3" changeset="41248718" timestamp="2016-08-04T22:18:56Z" user="BlueSombra" uid="3242620" lat="-12.1232497" lon="-77.0293508"/>
 <node id="4081359625" visible="true" version="11" changeset="178640467" timestamp="2026-02-16T17:28:52Z" user="wille" uid="360183" lat="-12.1232296" lon="-77.0290277">
  <tag k="addr:city" v="Miraflores"/>
  <tag k="addr:street" v="Avenida José Larco"/>
  <tag k="amenity" v="bank"/>
  <tag k="atm" v="yes"/>
  <tag k="branch" v="Miraflores"/>
  <tag k="brand" v="BCP"/>
  <tag k="brand:wikidata" v="Q4854124"/>
  <tag k="name" v="BCP"/>
  <tag k="official_name" v="Banco de Crédito del Perú"/>
  <tag k="source" v="Reconocimiento cartográfico de campo 2016 por KG"/>
  <tag k="survey:date" v="2016-08-30"/>
  <tag k="toilets:wheelchair" v="no"/>
  <tag k="wheelchair" v="yes"/>
 </node>
 <node id="4081359626" visible="true" version="5" changeset="74881443" timestamp="2019-09-25T00:58:42Z" user="ovruni" uid="81735" lat="-12.1232805" lon="-77.0293794">
  <tag k="addr:city" v="Miraflores"/>
  <tag k="addr:street" v="Avenida José Larco"/>
  <tag k="name" v="Coolbox"/>
  <tag k="shop" v="houseware"/>
  <tag k="source" v="Reconocimiento cartográfico de campo 2016 por KG"/>
 </node>
 <node id="4081359627" visible="true" version="2" changeset="50728638" timestamp="2017-07-31T17:27:36Z" user="zwaygp" uid="5027347" lat="-12.1229161" lon="-77.0292855">
  <tag k="crossing" v="zebra"/>
  <tag k="highway" v="crossing"/>
 </node>
 <node id="4081359628" visible="true" version="3" changeset="151277052" timestamp="2024-05-13T17:38:18Z" user="Rocelopa" uid="21179808" lat="-12.1229562" lon="-77.0290805">
  <tag k="crossing" v="zebra"/>
  <tag k="highway" v="crossing"/>
  <tag k="kerb" v="lowered"/>
 </node>
 <node id="4081359629" visible="true" version="1" changeset="38102022" timestamp="2016-03-27T15:45:29Z" user="Diego Sanguinetti" uid="309382" lat="-12.1223788" lon="-77.0290015">
  <tag k="crossing" v="zebra"/>
  <tag k="highway" v="crossing"/>
 </node>
 <node id="4081359631" visible="true" version="3" changeset="67128792" timestamp="2019-02-12T11:49:10Z" user="chachafish" uid="2237750" lat="-12.1227026" lon="-77.0287519">
  <tag k="addr:city" v="Miraflores"/>
  <tag k="addr:street" v="Avenida Ernesto Diez Canseco"/>
  <tag k="amenity" v="car_rental"/>
  <tag k="brand" v="Hertz"/>
  <tag k="brand:wikidata" v="Q1543874"/>
  <tag k="brand:wikipedia" v="en:The Hertz Corporation"/>
  <tag k="name" v="Hertz"/>
 </node>
 <node id="4081359632" visible="true" version="3" changeset="41333851" timestamp="2016-08-08T21:40:53Z" user="FoxyMarcie" uid="3321091" lat="-12.1224685" lon="-77.0301898"/>
 <node id="4081359633" visible="true" version="3" changeset="41333851" timestamp="2016-08-08T21:40:53Z" user="FoxyMarcie" uid="3321091" lat="-12.1225710" lon="-77.0302147"/>
 <node id="4081359634" visible="true" version="3" changeset="41333851" timestamp="2016-08-08T21:40:53Z" user="FoxyMarcie" uid="3321091" lat="-12.1225791" lon="-77.0301800"/>
 <node id="4081359635" visible="true" version="3" changeset="41333851" timestamp="2016-08-08T21:40:53Z" user="FoxyMarcie" uid="3321091" lat="-12.1226206" lon="-77.0301901"/>
 <node id="4081359636" visible="true" version="3" changeset="41333851" timestamp="2016-08-08T21:40:53Z" user="FoxyMarcie" uid="3321091" lat="-12.1226131" lon="-77.0302221"/>
 <node id="4081359637" visible="true" version="3" changeset="41333851" timestamp="2016-08-08T21:40:53Z" user="FoxyMarcie" uid="3321091" lat="-12.1226780" lon="-77.0302379"/>
 <node id="4081359638" visible="true" version="3" changeset="41333851" timestamp="2016-08-08T21:40:53Z" user="FoxyMarcie" uid="3321091" lat="-12.1227072" lon="-77.0301122"/>
 <node id="4081359639" visible="true" version="2" changeset="41333851" timestamp="2016-08-08T21:40:53Z" user="FoxyMarcie" uid="3321091" lat="-12.1226329" lon="-77.0300941"/>
 <node id="4081359640" visible="true" version="3" changeset="41333851" timestamp="2016-08-08T21:40:53Z" user="FoxyMarcie" uid="3321091" lat="-12.1226282" lon="-77.0301143"/>
 <node id="4081359641" visible="true" version="2" changeset="41333851" timestamp="2016-08-08T21:40:53Z" user="FoxyMarcie" uid="3321091" lat="-12.1225939" lon="-77.0301060"/>
 <node id="4081359642" visible="true" version="3" changeset="41333851" timestamp="2016-08-08T21:40:53Z" user="FoxyMarcie" uid="3321091" lat="-12.1226010" lon="-77.0300751"/>
 <node id="4081359643" visible="true" version="3" changeset="41333851" timestamp="2016-08-08T21:40:53Z" user="FoxyMarcie" uid="3321091" lat="-12.1225008" lon="-77.0300508"/>
 <node id="4081359644" visible="true" version="3" changeset="41333851" timestamp="2016-08-08T21:40:53Z" user="FoxyMarcie" uid="3321091" lat="-12.1225154" lon="-77.0300435"/>
 <node id="4081359645" visible="true" version="3" changeset="41333851" timestamp="2016-08-08T21:40:53Z" user="FoxyMarcie" uid="3321091" lat="-12.1226062" lon="-77.0300609"/>
 <node id="4081359646" visible="true" version="3" changeset="41333851" timestamp="2016-08-08T21:40:53Z" user="FoxyMarcie" uid="3321091" lat="-12.1226111" lon="-77.0300341"/>
 <node id="4081359647" visible="true" version="3" changeset="41333851" timestamp="2016-08-08T21:40:53Z" user="FoxyMarcie" uid="3321091" lat="-12.1226602" lon="-77.0300435"/>
 <node id="4081359648" visible="true" version="3" changeset="41333851" timestamp="2016-08-08T21:40:53Z" user="FoxyMarcie" uid="3321091" lat="-12.1226555" lon="-77.0300696"/>
 <node id="4081359649" visible="true" version="3" changeset="41333851" timestamp="2016-08-08T21:40:53Z" user="FoxyMarcie" uid="3321091" lat="-12.1227059" lon="-77.0300793"/>
 <node id="4081359650" visible="true" version="3" changeset="41333851" timestamp="2016-08-08T21:40:53Z" user="FoxyMarcie" uid="3321091" lat="-12.1227268" lon="-77.0299621"/>
 <node id="4081359651" visible="true" version="3" changeset="41333851" timestamp="2016-08-08T21:40:53Z" user="FoxyMarcie" uid="3321091" lat="-12.1226780" lon="-77.0299513"/>
 <node id="4081359652" visible="true" version="3" changeset="41333851" timestamp="2016-08-08T21:40:53Z" user="FoxyMarcie" uid="3321091" lat="-12.1226678" lon="-77.0300063"/>
 <node id="4081359653" visible="true" version="3" changeset="41333851" timestamp="2016-08-08T21:40:53Z" user="FoxyMarcie" uid="3321091" lat="-12.1226184" lon="-77.0299969"/>
 <node id="4081359654" visible="true" version="3" changeset="41333851" timestamp="2016-08-08T21:40:53Z" user="FoxyMarcie" uid="3321091" lat="-12.1226288" lon="-77.0299401"/>
 <node id="4081359655" visible="true" version="3" changeset="41333851" timestamp="2016-08-08T21:40:53Z" user="FoxyMarcie" uid="3321091" lat="-12.1225390" lon="-77.0299202"/>
 <node id="4081364491" visible="true" version="1" changeset="38102064" timestamp="2016-03-27T15:47:25Z" user="Diego Sanguinetti" uid="309382" lat="-12.1222901" lon="-77.0284392">
  <tag k="highway" v="stop"/>
 </node>
 <node id="4081364492" visible="true" version="5" changeset="117673792" timestamp="2022-02-21T10:18:48Z" user="Chesapeake" uid="10892453" lat="-12.1221078" lon="-77.0283638"/>
 <node id="4081364493" visible="true" version="3" changeset="117673792" timestamp="2022-02-21T10:18:48Z" user="Chesapeake" uid="10892453" lat="-12.1222196" lon="-77.0283671"/>
 <node id="4081364494" visible="true" version="3" changeset="117673792" timestamp="2022-02-21T10:18:48Z" user="Chesapeake" uid="10892453" lat="-12.1222347" lon="-77.0283802"/>
 <node id="4081364495" visible="true" version="3" changeset="117673792" timestamp="2022-02-21T10:18:48Z" user="Chesapeake" uid="10892453" lat="-12.1222727" lon="-77.0283853"/>
 <node id="4081364496" visible="true" version="3" changeset="117673792" timestamp="2022-02-21T10:18:48Z" user="Chesapeake" uid="10892453" lat="-12.1223016" lon="-77.0283517"/>
 <node id="4081364497" visible="true" version="6" changeset="117708663" timestamp="2022-02-22T04:38:45Z" user="Chesapeake" uid="10892453" lat="-12.1223035" lon="-77.0280674"/>
 <node id="4081364498" visible="true" version="5" changeset="117708663" timestamp="2022-02-22T04:38:45Z" user="Chesapeake" uid="10892453" lat="-12.1222799" lon="-77.0280670"/>
 <node id="4081732771" visible="true" version="4" changeset="46090559" timestamp="2017-02-14T21:20:21Z" user="bicimapa_enzopolo" uid="678983" lat="-12.1223351" lon="-77.0289966"/>
 <node id="4081732773" visible="true" version="3" changeset="41334805" timestamp="2016-08-08T22:49:06Z" user="FoxyMarcie" uid="3321091" lat="-12.1223298" lon="-77.0286910"/>
 <node id="4081732777" visible="true" version="3" changeset="41334805" timestamp="2016-08-08T22:49:06Z" user="FoxyMarcie" uid="3321091" lat="-12.1220635" lon="-77.0289649"/>
 <node id="4081732778" visible="true" version="3" changeset="41334805" timestamp="2016-08-08T22:49:06Z" user="FoxyMarcie" uid="3321091" lat="-12.1220728" lon="-77.0288701"/>
 <node id="4081732781" visible="true" version="2" changeset="41334805" timestamp="2016-08-08T22:49:06Z" user="FoxyMarcie" uid="3321091" lat="-12.1219570" lon="-77.0289540"/>
 <node id="4081732782" visible="true" version="3" changeset="41334805" timestamp="2016-08-08T22:49:06Z" user="FoxyMarcie" uid="3321091" lat="-12.1219858" lon="-77.0286611"/>
 <node id="4081735978" visible="true" version="2" changeset="40906676" timestamp="2016-07-20T21:26:36Z" user="Ranger444" uid="3319178" lat="-12.1223374" lon="-77.0298941"/>
 <node id="4081735979" visible="true" version="2" changeset="40906676" timestamp="2016-07-20T21:26:36Z" user="Ranger444" uid="3319178" lat="-12.1224212" lon="-77.0299153"/>
 <node id="4081735980" visible="true" version="2" changeset="40906676" timestamp="2016-07-20T21:26:36Z" user="Ranger444" uid="3319178" lat="-12.1224533" lon="-77.0297824"/>
 <node id="4081735981" visible="true" version="2" changeset="40906676" timestamp="2016-07-20T21:26:36Z" user="Ranger444" uid="3319178" lat="-12.1223694" lon="-77.0297613"/>
 <node id="4081736690" visible="true" version="2" changeset="40906676" timestamp="2016-07-20T21:26:36Z" user="Ranger444" uid="3319178" lat="-12.1222877" lon="-77.0295634"/>
 <node id="4081736691" visible="true" version="2" changeset="40906676" timestamp="2016-07-20T21:26:36Z" user="Ranger444" uid="3319178" lat="-12.1223336" lon="-77.0295818"/>
 <node id="4081736692" visible="true" version="2" changeset="40906676" timestamp="2016-07-20T21:26:36Z" user="Ranger444" uid="3319178" lat="-12.1223410" lon="-77.0295625"/>
 <node id="4081736693" visible="true" version="2" changeset="40906676" timestamp="2016-07-20T21:26:36Z" user="Ranger444" uid="3319178" lat="-12.1223935" lon="-77.0295835"/>
 <node id="4081736694" visible="true" version="2" changeset="40906676" timestamp="2016-07-20T21:26:36Z" user="Ranger444" uid="3319178" lat="-12.1224554" lon="-77.0294223"/>
 <node id="4081736695" visible="true" version="2" changeset="40906676" timestamp="2016-07-20T21:26:36Z" user="Ranger444" uid="3319178" lat="-12.1223570" lon="-77.0293828"/>
 <node id="4081736696" visible="true" version="4" changeset="41333455" timestamp="2016-08-08T21:19:17Z" user="FoxyMarcie" uid="3321091" lat="-12.1227063" lon="-77.0296313"/>
 <node id="4081736697" visible="true" version="4" changeset="41333455" timestamp="2016-08-08T21:19:16Z" user="FoxyMarcie" uid="3321091" lat="-12.1227747" lon="-77.0296497"/>
 <node id="4081736698" visible="true" version="4" changeset="41333455" timestamp="2016-08-08T21:19:16Z" user="FoxyMarcie" uid="3321091" lat="-12.1228203" lon="-77.0294750"/>
 <node id="4081736699" visible="true" version="4" changeset="41333455" timestamp="2016-08-08T21:19:16Z" user="FoxyMarcie" uid="3321091" lat="-12.1227458" lon="-77.0294550"/>
 <node id="4081736700" visible="true" version="4" changeset="41333455" timestamp="2016-08-08T21:19:16Z" user="FoxyMarcie" uid="3321091" lat="-12.1227311" lon="-77.0295120"/>
 <node id="4081736701" visible="true" version="4" changeset="41333455" timestamp="2016-08-08T21:19:16Z" user="FoxyMarcie" uid="3321091" lat="-12.1227002" lon="-77.0295036"/>
 <node id="4081736702" visible="true" version="4" changeset="41333455" timestamp="2016-08-08T21:19:16Z" user="FoxyMarcie" uid="3321091" lat="-12.1227149" lon="-77.0294466"/>
 <node id="4081736703" visible="true" version="4" changeset="41333455" timestamp="2016-08-08T21:19:17Z" user="FoxyMarcie" uid="3321091" lat="-12.1226295" lon="-77.0294227"/>
 <node id="4081736704" visible="true" version="4" changeset="41333455" timestamp="2016-08-08T21:19:17Z" user="FoxyMarcie" uid="3321091" lat="-12.1225822" lon="-77.0296058"/>
 <node id="4081736705" visible="true" version="4" changeset="41333455" timestamp="2016-08-08T21:19:17Z" user="FoxyMarcie" uid="3321091" lat="-12.1226679" lon="-77.0296290"/>
 <node id="4081736706" visible="true" version="4" changeset="41333455" timestamp="2016-08-08T21:19:17Z" user="FoxyMarcie" uid="3321091" lat="-12.1226814" lon="-77.0295766"/>
 <node id="4081736707" visible="true" version="4" changeset="41333455" timestamp="2016-08-08T21:19:17Z" user="FoxyMarcie" uid="3321091" lat="-12.1227179" lon="-77.0295864"/>
 <node id="4081736708" visible="true" version="6" changeset="65301247" timestamp="2018-12-08T21:16:21Z" user="Diego Sanguinetti" uid="309382" lat="-12.1228880" lon="-77.0299342"/>
 <node id="4081736710" visible="true" version="6" changeset="65301247" timestamp="2018-12-08T21:16:21Z" user="Diego Sanguinetti" uid="309382" lat="-12.1233679" lon="-77.0298000"/>
 <node id="4081736711" visible="true" version="6" changeset="65301247" timestamp="2018-12-08T21:16:21Z" user="Diego Sanguinetti" uid="309382" lat="-12.1233380" lon="-77.0300035"/>
 <node id="4103926647" visible="true" version="5" changeset="41621776" timestamp="2016-08-22T19:04:48Z" user="Te-Ika" uid="3742941" lat="-12.1252644" lon="-77.0298997"/>
 <node id="4103926648" visible="true" version="6" changeset="41621776" timestamp="2016-08-22T19:04:48Z" user="Te-Ika" uid="3742941" lat="-12.1253747" lon="-77.0299080"/>
 <node id="4103926649" visible="true" version="6" changeset="41621776" timestamp="2016-08-22T19:04:48Z" user="Te-Ika" uid="3742941" lat="-12.1253991" lon="-77.0295696"/>
 <node id="4103926650" visible="true" version="5" changeset="41621776" timestamp="2016-08-22T19:04:48Z" user="Te-Ika" uid="3742941" lat="-12.1252888" lon="-77.0295613"/>
 <node id="4173523890" visible="true" version="8" changeset="122805568" timestamp="2022-06-24T14:15:02Z" user="D Monk" uid="14670514" lat="-12.1222335" lon="-77.0301793">
  <tag k="addr:housenumber" v="417"/>
  <tag k="addr:street" v="Calle Lima"/>
  <tag k="email" v="flyingdoghostels@gmail.com"/>
  <tag k="internet_access" v="wlan"/>
  <tag k="name" v="Flying Dog Hostel B&amp;B"/>
  <tag k="phone" v="+51 14445753"/>
  <tag k="toilets:wheelchair" v="no"/>
  <tag k="tourism" v="hostel"/>
  <tag k="website" v="https://flyingdogperu.com"/>
  <tag k="wheelchair" v="no"/>
  <tag k="wheelchair:description" v="Todo 2do piso"/>
 </node>
 <node id="4209896099" visible="true" version="11" changeset="178868522" timestamp="2026-02-21T17:01:40Z" user="wille" uid="360183" lat="-12.1228455" lon="-77.0293025">
  <tag k="addr:city" v="Miraflores"/>
  <tag k="addr:housenumber" v="291"/>
  <tag k="addr:street" v="Calle A. Schell"/>
  <tag k="check_date" v="2026-02-21"/>
  <tag k="name" v="Fumador"/>
  <tag k="shop" v="tobacco"/>
  <tag k="source" v="Kaart Ground Survey 2017"/>
  <tag k="toilets:wheelchair" v="no"/>
  <tag k="wheelchair" v="yes"/>
 </node>
 <node id="4216286089" visible="true" version="10" changeset="178683645" timestamp="2026-02-17T14:48:08Z" user="wille" uid="360183" lat="-12.1235832" lon="-77.0294120">
  <tag k="addr:city" v="Miraflores"/>
  <tag k="addr:postcode" v="15074"/>
  <tag k="addr:street" v="Avenida José Larco"/>
  <tag k="amenity" v="bank"/>
  <tag k="check_date" v="2026-02-16"/>
  <tag k="name" v="Scotiabank"/>
  <tag k="source" v="Reconocimiento cartográfico de campo 2016 por KG"/>
  <tag k="toilets:wheelchair" v="no"/>
  <tag k="wheelchair" v="limited"/>
 </node>
 <node id="4216572289" visible="true" version="3" changeset="117673792" timestamp="2022-02-21T10:18:48Z" user="Chesapeake" uid="10892453" lat="-12.1221091" lon="-77.0282619"/>
 <node id="4216612691" visible="true" version="7" changeset="65360320" timestamp="2018-12-11T01:05:59Z" user="Diego Sanguinetti" uid="309382" lat="-12.1232922" lon="-77.0287013">
  <tag k="addr:city" v="Miraflores"/>
  <tag k="addr:housenumber" v="121"/>
  <tag k="addr:street" v="Calle A. Schell"/>
  <tag k="name" v="Che Lagarto Hostel Lima"/>
  <tag k="operator" v="Che Lagarto Internacional"/>
  <tag k="toilets:wheelchair" v="no"/>
  <tag k="tourism" v="hostel"/>
  <tag k="website" v="https://www.chelagarto.com/es/component/chelagarto/hostels/16-hostel-lima.html"/>
  <tag k="wheelchair" v="no"/>
 </node>
 <node id="4216612996" visible="true" version="7" changeset="68394271" timestamp="2019-03-22T02:20:42Z" user="b-jazz-bot" uid="9451067" lat="-12.1236803" lon="-77.0285725">
  <tag k="addr:city" v="Miraflores"/>
  <tag k="addr:housenumber" v="250"/>
  <tag k="addr:street" v="Calle Tarata"/>
  <tag k="email" v="reservas@hosteriaangiolina.com"/>
  <tag k="name" v="Hosteleria Angiolina"/>
  <tag k="phone" v="+511 4443000"/>
  <tag k="toilets:wheelchair" v="no"/>
  <tag k="tourism" v="hostel"/>
  <tag k="website" v="https://hosteriaangiolina.com/"/>
  <tag k="wheelchair" v="no"/>
  <tag k="wheelchair:description" v="Por telefono dice que solo una habitacion en el primer piso. La suite. No baño especial y dos escalones en la entrada. 108 dolares"/>
 </node>
 <node id="4216621507" visible="true" version="3" changeset="57162350" timestamp="2018-03-14T00:24:50Z" user="Diego Sanguinetti" uid="309382" lat="-12.1232669" lon="-77.0284343">
  <tag k="noexit" v="yes"/>
 </node>
 <node id="4216621508" visible="true" version="3" changeset="66930981" timestamp="2019-02-05T12:50:57Z" user="chachafish" uid="2237750" lat="-12.1235094" lon="-77.0284696"/>
 <node id="4216625489" visible="true" version="2" changeset="57162350" timestamp="2018-03-14T00:24:50Z" user="Diego Sanguinetti" uid="309382" lat="-12.1238159" lon="-77.0285162">
  <tag k="noexit" v="yes"/>
 </node>
 <node id="4216626887" visible="true" version="2" changeset="44462463" timestamp="2016-12-17T04:12:02Z" user="Diego Sanguinetti" uid="309382" lat="-12.1230210" lon="-77.0287189"/>
 <node id="4216626888" visible="true" version="5" changeset="126270472" timestamp="2022-09-16T16:15:07Z" user="(Inactive) Winterson" uid="15551371" lat="-12.1233819" lon="-77.0291748">
  <tag k="barrier" v="chain"/>
 </node>
 <node id="4216654089" visible="true" version="11" changeset="122778688" timestamp="2022-06-23T23:47:35Z" user="ovruni" uid="81735" lat="-12.1238957" lon="-77.0284861">
  <tag k="addr:city" v="Miraflores"/>
  <tag k="addr:housenumber" v="256"/>
  <tag k="addr:postcode" v="15074"/>
  <tag k="addr:street" v="Calle Tarata"/>
  <tag k="email" v="info.luckylodge@gmail.com"/>
  <tag k="internet_access" v="wlan"/>
  <tag k="name" v="Lucky Lodge"/>
  <tag k="name:en" v="Dragonfly Hostel"/>
  <tag k="name:es" v="Dragonfly Hostel"/>
  <tag k="operator" v="Lucky Lodge"/>
  <tag k="phone" v="+5112410995"/>
  <tag k="toilets:wheelchair" v="yes"/>
  <tag k="tourism" v="hostel"/>
  <tag k="website" v="https://www.luckylodges.com/"/>
  <tag k="wheelchair" v="yes"/>
  <tag k="wheelchair:description" v="Tiene 2 habitaciones en el primer piso. dice que una tiene baño especial. 45 dolares."/>
 </node>
 <node id="4261061891" visible="true" version="5" changeset="42414626" timestamp="2016-09-25T01:34:17Z" user="Ronos" uid="962932" lat="-12.1235995" lon="-77.0291233">
  <tag k="addr:housenumber" v="655"/>
  <tag k="addr:street" v="Avenida José Larco"/>
  <tag k="internet_access" v="wlan"/>
  <tag k="name" v="K'usillu's hostel backpackers"/>
  <tag k="toilets:wheelchair" v="no"/>
  <tag k="tourism" v="hostel"/>
  <tag k="wheelchair" v="no"/>
  <tag k="wheelchair:description" v="Por telefono: Todo a partir del 2do piso. No Elevador."/>
 </node>
 <node id="4313395389" visible="true" version="6" changeset="80715708" timestamp="2020-02-08T06:49:07Z" user="ovruni" uid="81735" lat="-12.1233765" lon="-77.0287243">
  <tag k="addr:housenumber" v="227"/>
  <tag k="addr:street" v="Pasaje La Tarata"/>
  <tag k="amenity" v="restaurant"/>
  <tag k="email" v="cafedelapaz@sctdosdemayo.com"/>
  <tag k="internet_access" v="wlan"/>
  <tag k="name" v="Café de la Paz"/>
  <tag k="phone" v="+51 1 241 8073"/>
  <tag k="toilets:wheelchair" v="no"/>
  <tag k="website" v="https://www.cafedelapazperu.com"/>
  <tag k="wheelchair" v="limited"/>
 </node>
 <node id="4313588942" visible="true" version="1" changeset="40906763" timestamp="2016-07-20T21:30:54Z" user="Ranger444" uid="3319178" lat="-12.1247248" lon="-77.0288314"/>
 <node id="4313588943" visible="true" version="1" changeset="40906763" timestamp="2016-07-20T21:30:54Z" user="Ranger444" uid="3319178" lat="-12.1247075" lon="-77.0287946"/>
 <node id="4313588944" visible="true" version="1" changeset="40906763" timestamp="2016-07-20T21:30:54Z" user="Ranger444" uid="3319178" lat="-12.1247032" lon="-77.0287509"/>
 <node id="4313588945" visible="true" version="1" changeset="40906763" timestamp="2016-07-20T21:30:54Z" user="Ranger444" uid="3319178" lat="-12.1247225" lon="-77.0287068"/>
 <node id="4313588946" visible="true" version="1" changeset="40906763" timestamp="2016-07-20T21:30:54Z" user="Ranger444" uid="3319178" lat="-12.1247457" lon="-77.0286832"/>
 <node id="4313844589" visible="true" version="9" changeset="178683645" timestamp="2026-02-17T14:48:08Z" user="wille" uid="360183" lat="-12.1236321" lon="-77.0284240">
  <tag k="addr:city" v="Miraflores"/>
  <tag k="addr:housenumber" v="260"/>
  <tag k="addr:postcode" v="15074"/>
  <tag k="addr:street" v="Pasaje La Tarata"/>
  <tag k="amenity" v="restaurant"/>
  <tag k="capacity" v="50"/>
  <tag k="check_date" v="2026-02-16"/>
  <tag k="name" v="Mandrake Restobar"/>
  <tag k="outdoor_seating" v="no"/>
  <tag k="toilets:wheelchair" v="no"/>
  <tag k="wheelchair" v="no"/>
 </node>
 <node id="4332564743" visible="true" version="4" changeset="41621776" timestamp="2016-08-22T19:05:08Z" user="Te-Ika" uid="3742941" lat="-12.1255403" lon="-77.0295775"/>
 <node id="4332564744" visible="true" version="4" changeset="41621776" timestamp="2016-08-22T19:05:08Z" user="Te-Ika" uid="3742941" lat="-12.1255132" lon="-77.0300007"/>
 <node id="4332564745" visible="true" version="4" changeset="41621776" timestamp="2016-08-22T19:05:08Z" user="Te-Ika" uid="3742941" lat="-12.1253736" lon="-77.0299914"/>
 <node id="4332564746" visible="true" version="4" changeset="65391873" timestamp="2018-12-11T23:21:19Z" user="Diego Sanguinetti" uid="309382" lat="-12.1250008" lon="-77.0296047">
  <tag k="addr:city" v="Miraflores"/>
  <tag k="addr:housenumber" v="734"/>
  <tag k="addr:postcode" v="15074"/>
  <tag k="addr:street" v="Avenida José Larco"/>
  <tag k="amenity" v="casino"/>
  <tag k="email" v="contactanos@mardigras.com.pe"/>
  <tag k="name" v="Mardigras"/>
  <tag k="phone" v="+51 960221912"/>
  <tag k="source" v="Reconocimiento cartográfico por KG 2016."/>
  <tag k="website" v="http://www.mardigras.com.pe/"/>
 </node>
 <node id="4332564748" visible="true" version="6" changeset="74881443" timestamp="2019-09-25T00:58:42Z" user="ovruni" uid="81735" lat="-12.1248257" lon="-77.0295795">
  <tag k="addr:city" v="Miraflores"/>
  <tag k="addr:postcode" v="15074"/>
  <tag k="addr:street" v="Avenida José Larco"/>
  <tag k="amenity" v="bank"/>
  <tag k="name" v="Caja Huancayo"/>
  <tag k="source" v="Reconocimiento cartográfico de campo 2016 por KG"/>
 </node>
 <node id="4332588017" visible="true" version="7" changeset="51188833" timestamp="2017-08-16T22:23:47Z" user="Ronos" uid="962932" lat="-12.1244626" lon="-77.0289199">
  <tag k="addr:street" v="Avenida Alfredo Benavides"/>
  <tag k="amenity" v="pharmacy"/>
  <tag k="name" v="Arcangel"/>
  <tag k="source" v="Reconocimiento cartográfico por KG 2016."/>
  <tag k="survey:date" v="2016-08-30"/>
 </node>
 <node id="4332588018" visible="true" version="5" changeset="70704301" timestamp="2019-05-28T17:01:09Z" user="jambamkin" uid="53626" lat="-12.1244490" lon="-77.0285280">
  <tag k="addr:city" v="Miraflores"/>
  <tag k="addr:postcode" v="15074"/>
  <tag k="addr:street" v="Avenida Alfredo Benavides"/>
  <tag k="amenity" v="fast_food"/>
  <tag k="brand" v="Subway"/>
  <tag k="brand:wikidata" v="Q244457"/>
  <tag k="brand:wikipedia" v="en:Subway (restaurant)"/>
  <tag k="cuisine" v="sandwich"/>
  <tag k="name" v="Subway"/>
  <tag k="source" v="Reconocimiento cartográfico por KG 2016."/>
  <tag k="takeaway" v="yes"/>
 </node>
 <node id="4332633955" visible="true" version="4" changeset="41621776" timestamp="2016-08-22T19:05:09Z" user="Te-Ika" uid="3742941" lat="-12.1246102" lon="-77.0295253"/>
 <node id="4332633956" visible="true" version="4" changeset="41621776" timestamp="2016-08-22T19:05:09Z" user="Te-Ika" uid="3742941" lat="-12.1245973" lon="-77.0296724"/>
 <node id="4332633959" visible="true" version="2" changeset="65300928" timestamp="2018-12-08T21:01:52Z" user="Diego Sanguinetti" uid="309382" lat="-12.1244784" lon="-77.0301480"/>
 <node id="4332633960" visible="true" version="2" changeset="65300928" timestamp="2018-12-08T21:01:52Z" user="Diego Sanguinetti" uid="309382" lat="-12.1248208" lon="-77.0302287"/>
 <node id="4332633961" visible="true" version="2" changeset="65300928" timestamp="2018-12-08T21:01:52Z" user="Diego Sanguinetti" uid="309382" lat="-12.1248507" lon="-77.0300958"/>
 <node id="4332633962" visible="true" version="2" changeset="65300928" timestamp="2018-12-08T21:01:53Z" user="Diego Sanguinetti" uid="309382" lat="-12.1245082" lon="-77.0300155"/>
 <node id="4332677513" visible="true" version="2" changeset="41470684" timestamp="2016-08-15T16:05:38Z" user="Canyonsrcool" uid="126508" lat="-12.1253268" lon="-77.0293078">
  <tag k="addr:street" v="Avenida José Larco"/>
  <tag k="name" v="Laint James"/>
  <tag k="shop" v="clothes"/>
  <tag k="source" v="Reconocimiento cartográfico por KG 2016."/>
 </node>
 <node id="4332677514" visible="true" version="11" changeset="65391873" timestamp="2018-12-11T23:21:19Z" user="Diego Sanguinetti" uid="309382" lat="-12.1252309" lon="-77.0293008">
  <tag k="addr:postcode" v="15074"/>
  <tag k="addr:street" v="Avenida José Larco"/>
  <tag k="amenity" v="cafe"/>
  <tag k="name" v="Chef's Cafe"/>
  <tag k="source" v="Reconocimiento cartográfico por KG 2016."/>
  <tag k="toilets:wheelchair" v="no"/>
  <tag k="wheelchair" v="yes"/>
  <tag k="wheelchair:description" v="Por telefono dicen que si tienen baño para silla de ruedas en el interior"/>
 </node>
 <node id="4332677515" visible="true" version="3" changeset="65391873" timestamp="2018-12-11T23:21:19Z" user="Diego Sanguinetti" uid="309382" lat="-12.1251236" lon="-77.0292915">
  <tag k="addr:postcode" v="15074"/>
  <tag k="addr:street" v="Avenida José Larco"/>
  <tag k="name" v="Viajes Club"/>
  <tag k="shop" v="yes"/>
  <tag k="source" v="Reconocimiento cartográfico por KG 2016."/>
 </node>
 <node id="4332677516" visible="true" version="6" changeset="178683645" timestamp="2026-02-17T14:48:08Z" user="wille" uid="360183" lat="-12.1250026" lon="-77.0292868">
  <tag k="addr:street" v="Avenida José Larco"/>
  <tag k="amenity" v="pharmacy"/>
  <tag k="check_date" v="2026-02-16"/>
  <tag k="name" v="Mifarma"/>
  <tag k="payment:cash" v="yes"/>
  <tag k="payment:credit_cards" v="yes"/>
  <tag k="payment:debit_cards" v="yes"/>
  <tag k="source" v="Reconocimiento cartográfico por KG 2016."/>
  <tag k="toilets:wheelchair" v="no"/>
  <tag k="wheelchair" v="yes"/>
 </node>
 <node id="4332677517" visible="true" version="2" changeset="41470684" timestamp="2016-08-15T16:05:39Z" user="Canyonsrcool" uid="126508" lat="-12.1249181" lon="-77.0292938">
  <tag k="addr:street" v="Avenida José Larco"/>
  <tag k="name" v="Opticas GMO"/>
  <tag k="shop" v="optician"/>
  <tag k="source" v="Reconocimiento cartográfico por KG 2016."/>
 </node>
 <node id="4332677518" visible="true" version="1" changeset="41198111" timestamp="2016-08-02T17:50:10Z" user="Canyonsrcool" uid="126508" lat="-12.1248141" lon="-77.0290773"/>
 <node id="4332677519" visible="true" version="5" changeset="65424011" timestamp="2018-12-12T21:49:53Z" user="Diego Sanguinetti" uid="309382" lat="-12.1248132" lon="-77.0283158">
  <tag k="addr:city" v="Miraflores"/>
  <tag k="addr:postcode" v="15074"/>
  <tag k="addr:street" v="Avenida Alfredo Benavides"/>
  <tag k="amenity" v="cafe"/>
  <tag k="name" v="Sarcletti"/>
  <tag k="source" v="Reconocimiento cartográfico por KG 2016."/>
  <tag k="survey:date" v="2016-08-30"/>
 </node>
 <node id="4332677520" visible="true" version="1" changeset="41198111" timestamp="2016-08-02T17:50:10Z" user="Canyonsrcool" uid="126508" lat="-12.1252337" lon="-77.0284062"/>
 <node id="4332677521" visible="true" version="1" changeset="41198111" timestamp="2016-08-02T17:50:10Z" user="Canyonsrcool" uid="126508" lat="-12.1252188" lon="-77.0285128"/>
 <node id="4332677522" visible="true" version="1" changeset="41198111" timestamp="2016-08-02T17:50:10Z" user="Canyonsrcool" uid="126508" lat="-12.1252849" lon="-77.0285224"/>
 <node id="4332677523" visible="true" version="1" changeset="41198111" timestamp="2016-08-02T17:50:10Z" user="Canyonsrcool" uid="126508" lat="-12.1253232" lon="-77.0282488"/>
 <node id="4332677524" visible="true" version="1" changeset="41198111" timestamp="2016-08-02T17:50:10Z" user="Canyonsrcool" uid="126508" lat="-12.1248034" lon="-77.0281728"/>
 <node id="4332677525" visible="true" version="1" changeset="41198111" timestamp="2016-08-02T17:50:10Z" user="Canyonsrcool" uid="126508" lat="-12.1247801" lon="-77.0283399"/>
 <node id="4332696816" visible="true" version="4" changeset="41621776" timestamp="2016-08-22T19:05:11Z" user="Te-Ika" uid="3742941" lat="-12.1242856" lon="-77.0294893"/>
 <node id="4332696818" visible="true" version="4" changeset="41621776" timestamp="2016-08-22T19:05:11Z" user="Te-Ika" uid="3742941" lat="-12.1243486" lon="-77.0297751"/>
 <node id="4332696819" visible="true" version="4" changeset="41621776" timestamp="2016-08-22T19:05:11Z" user="Te-Ika" uid="3742941" lat="-12.1243929" lon="-77.0295079"/>
 <node id="4332696820" visible="true" version="4" changeset="65327074" timestamp="2018-12-09T22:46:07Z" user="Diego Sanguinetti" uid="309382" lat="-12.1242914" lon="-77.0299329">
  <tag k="addr:city" v="Miraflores"/>
  <tag k="addr:housenumber" v="347"/>
  <tag k="addr:street" v="Avenida Alfredo Benavides"/>
  <tag k="name" v="Music Market"/>
  <tag k="shop" v="musical_instrument"/>
  <tag k="source" v="Reconocimiento cartográfico por KG 2016."/>
 </node>
 <node id="4332713465" visible="true" version="5" changeset="159973118" timestamp="2024-12-05T21:17:27Z" user="Pegasus21" uid="13510663" lat="-12.1307857" lon="-77.0299015">
  <tag k="highway" v="crossing"/>
 </node>
 <node id="4336190415" visible="true" version="3" changeset="41621776" timestamp="2016-08-22T19:05:35Z" user="Te-Ika" uid="3742941" lat="-12.1252332" lon="-77.0295594"/>
 <node id="4336190416" visible="true" version="3" changeset="41621776" timestamp="2016-08-22T19:05:35Z" user="Te-Ika" uid="3742941" lat="-12.1252120" lon="-77.0298930"/>
 <node id="4336190417" visible="true" version="10" changeset="74766361" timestamp="2019-09-22T08:29:10Z" user="ovruni" uid="81735" lat="-12.1253402" lon="-77.0296176">
  <tag k="addr:city" v="Miraflores"/>
  <tag k="addr:district" v="Miraflores"/>
  <tag k="addr:full" v="Avenida Jose Larco 756"/>
  <tag k="addr:housenumber" v="756"/>
  <tag k="addr:postcode" v="15074"/>
  <tag k="addr:province" v="Lima"/>
  <tag k="addr:street" v="Avenida José Larco"/>
  <tag k="addr:subdistrict" v="Miraflores"/>
  <tag k="amenity" v="school"/>
  <tag k="ele" v="94"/>
  <tag k="email" v="informes@sise.edu.pe"/>
  <tag k="isced:level" v="6"/>
  <tag k="name" v="Peruano De Sistemas Sise"/>
  <tag k="name:en" v="Institute SISE"/>
  <tag k="name:es" v="Instituto SISE"/>
  <tag k="note" v="Ubicacion_web_med (local)"/>
  <tag k="opening_hours" v="Mo-Fr 08:00-21:00; Sa 09:00-18:00"/>
  <tag k="operator" v="SISE"/>
  <tag k="phone" v="+51 1 6255656"/>
  <tag k="ref" v="1114768"/>
  <tag k="source" v="minedu.gob.pe"/>
  <tag k="website" v="https://www.sise.edu.pe/"/>
 </node>
 <node id="4336190419" visible="true" version="1" changeset="41248441" timestamp="2016-08-04T21:58:38Z" user="BlueSombra" uid="3242620" lat="-12.1251305" lon="-77.0297270"/>
 <node id="4336190420" visible="true" version="3" changeset="41621776" timestamp="2016-08-22T19:05:35Z" user="Te-Ika" uid="3742941" lat="-12.1252217" lon="-77.0297333"/>
 <node id="4336190421" visible="true" version="4" changeset="74881443" timestamp="2019-09-25T00:58:42Z" user="ovruni" uid="81735" lat="-12.1251662" lon="-77.0295840">
  <tag k="addr:city" v="Miraflores"/>
  <tag k="addr:street" v="Avenida José Larco"/>
  <tag k="name" v="Central Óptica Iris"/>
  <tag k="shop" v="optician"/>
  <tag k="source" v="Reconocimiento cartográfico de campo 2016 por KG"/>
 </node>
 <node id="4336204943" visible="true" version="7" changeset="74881443" timestamp="2019-09-25T00:58:42Z" user="ovruni" uid="81735" lat="-12.1241032" lon="-77.0295289">
  <tag k="addr:city" v="Miraflores"/>
  <tag k="addr:street" v="Avenida José Larco"/>
  <tag k="name" v="Central de Prevención"/>
  <tag k="name:en" v="Central de Prevención(Claro)"/>
  <tag k="name:es" v="Central de Prevención(Claro)"/>
  <tag k="name:ko" v="끌라로 유심칩"/>
  <tag k="shop" v="mobile_phone"/>
  <tag k="source" v="Reconocimiento cartográfico de campo 2016 por KG"/>
 </node>
 <node id="4336204944" visible="true" version="3" changeset="41621776" timestamp="2016-08-22T19:05:35Z" user="Te-Ika" uid="3742941" lat="-12.1242413" lon="-77.0297565"/>
 <node id="4336204945" visible="true" version="7" changeset="178683645" timestamp="2026-02-17T14:48:08Z" user="wille" uid="360183" lat="-12.1239564" lon="-77.0295075">
  <tag k="addr:city" v="Miraflores"/>
  <tag k="addr:postcode" v="15074"/>
  <tag k="addr:street" v="Avenida José Larco"/>
  <tag k="brand" v="Bata"/>
  <tag k="brand:wikidata" v="Q688082"/>
  <tag k="check_date" v="2026-02-16"/>
  <tag k="name" v="Bata"/>
  <tag k="shop" v="shoes"/>
  <tag k="source" v="Reconocimiento cartográfico de campo 2016 por KG"/>
  <tag k="wheelchair" v="yes"/>
 </node>
 <node id="4336204946" visible="true" version="1" changeset="41248718" timestamp="2016-08-04T22:18:55Z" user="BlueSombra" uid="3242620" lat="-12.1239091" lon="-77.0294533"/>
 <node id="4336204947" visible="true" version="1" changeset="41248718" timestamp="2016-08-04T22:18:55Z" user="BlueSombra" uid="3242620" lat="-12.1238650" lon="-77.0297476"/>
 <node id="4336204948" visible="true" version="1" changeset="41248718" timestamp="2016-08-04T22:18:55Z" user="BlueSombra" uid="3242620" lat="-12.1239514" lon="-77.0297611"/>
 <node id="4336204950" visible="true" version="7" changeset="74881443" timestamp="2019-09-25T00:58:42Z" user="ovruni" uid="81735" lat="-12.1233558" lon="-77.0293921">
  <tag k="addr:city" v="Miraflores"/>
  <tag k="addr:street" v="Avenida José Larco"/>
  <tag k="name" v="SBS Librería"/>
  <tag k="shop" v="books"/>
  <tag k="source" v="Reconocimiento cartográfico de campo 2016 por KG"/>
  <tag k="toilets:wheelchair" v="no"/>
  <tag k="wheelchair" v="no"/>
  <tag k="wheelchair:description" v="Varios escalones a la entrada."/>
 </node>
 <node id="4336204951" visible="true" version="4" changeset="74881443" timestamp="2019-09-25T00:58:42Z" user="ovruni" uid="81735" lat="-12.1231985" lon="-77.0293760">
  <tag k="addr:city" v="Miraflores"/>
  <tag k="addr:street" v="Avenida José Larco"/>
  <tag k="name" v="El"/>
  <tag k="shop" v="yes"/>
  <tag k="source" v="Reconocimiento cartográfico de campo 2016 por KG"/>
 </node>
 <node id="4336204952" visible="true" version="4" changeset="74881443" timestamp="2019-09-25T00:58:42Z" user="ovruni" uid="81735" lat="-12.1231277" lon="-77.0293733">
  <tag k="addr:city" v="Miraflores"/>
  <tag k="addr:street" v="Avenida José Larco"/>
  <tag k="name" v="Adams"/>
  <tag k="shop" v="yes"/>
  <tag k="source" v="Reconocimiento cartográfico de campo 2016 por KG"/>
 </node>
 <node id="4336204953" visible="true" version="1" changeset="41248718" timestamp="2016-08-04T22:18:55Z" user="BlueSombra" uid="3242620" lat="-12.1229585" lon="-77.0293130"/>
 <node id="4336204954" visible="true" version="1" changeset="41248718" timestamp="2016-08-04T22:18:55Z" user="BlueSombra" uid="3242620" lat="-12.1229389" lon="-77.0294216"/>
 <node id="4336204955" visible="true" version="1" changeset="41248718" timestamp="2016-08-04T22:18:55Z" user="BlueSombra" uid="3242620" lat="-12.1229717" lon="-77.0294256"/>
 <node id="4336204958" visible="true" version="2" changeset="41333455" timestamp="2016-08-08T21:19:17Z" user="FoxyMarcie" uid="3321091" lat="-12.1227939" lon="-77.0293417"/>
 <node id="4336204959" visible="true" version="2" changeset="41333455" timestamp="2016-08-08T21:19:17Z" user="FoxyMarcie" uid="3321091" lat="-12.1228506" lon="-77.0293570"/>
 <node id="4336204960" visible="true" version="1" changeset="41248718" timestamp="2016-08-04T22:18:55Z" user="BlueSombra" uid="3242620" lat="-12.1228622" lon="-77.0292863"/>
 <node id="4336204961" visible="true" version="1" changeset="41248718" timestamp="2016-08-04T22:18:55Z" user="BlueSombra" uid="3242620" lat="-12.1228020" lon="-77.0292778"/>
 <node id="4336215842" visible="true" version="3" changeset="41621776" timestamp="2016-08-22T19:05:35Z" user="Te-Ika" uid="3742941" lat="-12.1226386" lon="-77.0292607"/>
 <node id="4336215843" visible="true" version="4" changeset="41621776" timestamp="2016-08-22T19:05:35Z" user="Te-Ika" uid="3742941" lat="-12.1226302" lon="-77.0292948"/>
 <node id="4336215844" visible="true" version="6" changeset="124945240" timestamp="2022-08-15T20:46:43Z" user="ovruni" uid="81735" lat="-12.1226740" lon="-77.0292889">
  <tag k="addr:city" v="Lima"/>
  <tag k="addr:district" v="Miraflores"/>
  <tag k="addr:street" v="Avenida José Larco"/>
  <tag k="amenity" v="cafe"/>
  <tag k="name" v="La Favorita"/>
  <tag k="source" v="Reconocimiento cartográfico de campo 2016 por KG"/>
 </node>
 <node id="4336215845" visible="true" version="3" changeset="41621776" timestamp="2016-08-22T19:05:35Z" user="Te-Ika" uid="3742941" lat="-12.1223803" lon="-77.0292258"/>
 <node id="4336215846" visible="true" version="3" changeset="41621776" timestamp="2016-08-22T19:05:35Z" user="Te-Ika" uid="3742941" lat="-12.1223554" lon="-77.0292835"/>
 <node id="4336215847" visible="true" version="4" changeset="41621776" timestamp="2016-08-22T19:05:36Z" user="Te-Ika" uid="3742941" lat="-12.1226131" lon="-77.0293571"/>
 <node id="4336215848" visible="true" version="8" changeset="178868522" timestamp="2026-02-21T17:01:40Z" user="wille" uid="360183" lat="-12.1226006" lon="-77.0292822">
  <tag k="addr:city" v="Lima"/>
  <tag k="addr:district" v="Miraflores"/>
  <tag k="addr:housenumber" v="554"/>
  <tag k="addr:postcode" v="15074"/>
  <tag k="addr:street" v="Avenida José Larco"/>
  <tag k="check_date" v="2026-02-21"/>
  <tag k="name" v="Tech Brothers"/>
  <tag k="shop" v="electronics"/>
  <tag k="source" v="Reconocimiento cartográfico de campo 2016 por KG"/>
 </node>
 <node id="4336215849" visible="true" version="7" changeset="124911947" timestamp="2022-08-15T06:10:59Z" user="ovruni" uid="81735" lat="-12.1224000" lon="-77.0292553">
  <tag k="addr:city" v="Lima"/>
  <tag k="addr:district" v="Miraflores"/>
  <tag k="addr:housenumber" v="508"/>
  <tag k="addr:street" v="Avenida José Larco"/>
  <tag k="name" v="Estruendomundo"/>
  <tag k="shop" v="books"/>
  <tag k="source" v="Reconocimiento cartográfico de campo 2016 por KG"/>
 </node>
 <node id="4337232220" visible="true" version="5" changeset="74881443" timestamp="2019-09-25T00:58:42Z" user="ovruni" uid="81735" lat="-12.1231340" lon="-77.0286841">
  <tag k="addr:city" v="Miraflores"/>
  <tag k="addr:street" v="Calle Schell"/>
  <tag k="name" v="Listo"/>
  <tag k="shop" v="convenience"/>
  <tag k="source" v="Reconocimiento cartográfico de campo 2016 por KG"/>
  <tag k="survey:date" v="2016-08-30"/>
 </node>
 <node id="4337232221" visible="true" version="5" changeset="74881443" timestamp="2019-09-25T00:58:42Z" user="ovruni" uid="81735" lat="-12.1231404" lon="-77.0286326">
  <tag k="addr:city" v="Miraflores"/>
  <tag k="addr:street" v="Calle Schell"/>
  <tag k="name" v="Anntarah"/>
  <tag k="shop" v="yes"/>
  <tag k="source" v="Reconocimiento cartográfico de campo 2016 por KG"/>
  <tag k="survey:date" v="2016-08-30"/>
 </node>
 <node id="4337232222" visible="true" version="5" changeset="74881443" timestamp="2019-09-25T00:58:42Z" user="ovruni" uid="81735" lat="-12.1231504" lon="-77.0285933">
  <tag k="addr:city" v="Miraflores"/>
  <tag k="addr:street" v="Calle Schell"/>
  <tag k="name" v="Vision Center"/>
  <tag k="shop" v="optician"/>
  <tag k="source" v="Reconocimiento cartográfico de campo 2016 por KG"/>
  <tag k="survey:date" v="2016-08-30"/>
 </node>
 <node id="4337232223" visible="true" version="1" changeset="41262342" timestamp="2016-08-05T15:42:52Z" user="BlueSombra" uid="3242620" lat="-12.1231202" lon="-77.0287168"/>
 <node id="4337232224" visible="true" version="1" changeset="41262342" timestamp="2016-08-05T15:42:52Z" user="BlueSombra" uid="3242620" lat="-12.1230983" lon="-77.0286897"/>
 <node id="4337232225" visible="true" version="1" changeset="41262342" timestamp="2016-08-05T15:42:52Z" user="BlueSombra" uid="3242620" lat="-12.1231422" lon="-77.0284540"/>
 <node id="4337232226" visible="true" version="1" changeset="41262342" timestamp="2016-08-05T15:42:52Z" user="BlueSombra" uid="3242620" lat="-12.1231623" lon="-77.0284362"/>
 <node id="4337232227" visible="true" version="1" changeset="41262342" timestamp="2016-08-05T15:42:52Z" user="BlueSombra" uid="3242620" lat="-12.1232339" lon="-77.0284486"/>
 <node id="4337232228" visible="true" version="5" changeset="119358051" timestamp="2022-04-05T19:55:43Z" user="TuAmigoElEditor" uid="13950332" lat="-12.1234516" lon="-77.0287851"/>
 <node id="4337232230" visible="true" version="8" changeset="74881443" timestamp="2019-09-25T00:58:42Z" user="ovruni" uid="81735" lat="-12.1230056" lon="-77.0294646">
  <tag k="addr:city" v="Miraflores"/>
  <tag k="addr:street" v="Calle Schell"/>
  <tag k="name" v="Claro"/>
  <tag k="office" v="company"/>
  <tag k="source" v="Reconocimiento cartográfico de campo 2016 por KG"/>
  <tag k="toilets:wheelchair" v="no"/>
  <tag k="wheelchair" v="limited"/>
 </node>
 <node id="4337242496" visible="true" version="3" changeset="67176227" timestamp="2019-02-13T21:56:15Z" user="chachafish" uid="2237750" lat="-12.1222655" lon="-77.0303409"/>
 <node id="4337277961" visible="true" version="9" changeset="74881443" timestamp="2019-09-25T00:58:42Z" user="ovruni" uid="81735" lat="-12.1230190" lon="-77.0293511">
  <tag k="addr:street" v="Avenida José Larco"/>
  <tag k="name" v="Dino's"/>
  <tag k="shop" v="shoes"/>
  <tag k="source" v="Reconocimiento cartográfico de campo 2016 por KG"/>
  <tag k="survey:date" v="2016-08-31"/>
  <tag k="toilets:wheelchair" v="no"/>
  <tag k="wheelchair" v="yes"/>
 </node>
 <node id="4341732581" visible="true" version="1" changeset="41332616" timestamp="2016-08-08T20:33:50Z" user="FoxyMarcie" uid="3321091" lat="-12.1221237" lon="-77.0256729"/>
 <node id="4341796626" visible="true" version="1" changeset="41333455" timestamp="2016-08-08T21:19:15Z" user="FoxyMarcie" uid="3321091" lat="-12.1228871" lon="-77.0279961"/>
 <node id="4341796627" visible="true" version="1" changeset="41333455" timestamp="2016-08-08T21:19:15Z" user="FoxyMarcie" uid="3321091" lat="-12.1230461" lon="-77.0280143"/>
 <node id="4341796628" visible="true" version="4" changeset="70171883" timestamp="2019-05-12T21:48:11Z" user="ovruni" uid="81735" lat="-12.1229788" lon="-77.0283995">
  <tag k="addr:city" v="Miraflores"/>
  <tag k="addr:housenumber" v="361"/>
  <tag k="addr:street" v="Calle A. Schell"/>
  <tag k="contact:facebook" v="https://www.facebook.com/carpponebarberia/"/>
  <tag k="name" v="Carppone"/>
  <tag k="operator" v="Carppone"/>
  <tag k="phone" v="+511 3339237"/>
  <tag k="shop" v="hairdresser"/>
  <tag k="source" v="Reconocimiento cartográfico 2017 por Kaart."/>
 </node>
 <node id="4341796629" visible="true" version="2" changeset="41832128" timestamp="2016-08-31T17:53:43Z" user="straight-ahead" uid="46619" lat="-12.1229899" lon="-77.0283339">
  <tag k="addr:street" v="Calle Schell"/>
  <tag k="name" v="Santa Lucia Opticas"/>
  <tag k="shop" v="optician"/>
  <tag k="survey:date" v="2016-08-31"/>
 </node>
 <node id="4341796632" visible="true" version="1" changeset="41333455" timestamp="2016-08-08T21:19:16Z" user="FoxyMarcie" uid="3321091" lat="-12.1229981" lon="-77.0284348"/>
 <node id="4341796633" visible="true" version="1" changeset="41333455" timestamp="2016-08-08T21:19:16Z" user="FoxyMarcie" uid="3321091" lat="-12.1228409" lon="-77.0284144"/>
 <node id="4341796634" visible="true" version="1" changeset="41333455" timestamp="2016-08-08T21:19:16Z" user="FoxyMarcie" uid="3321091" lat="-12.1228194" lon="-77.0285884"/>
 <node id="4341796635" visible="true" version="1" changeset="41333455" timestamp="2016-08-08T21:19:16Z" user="FoxyMarcie" uid="3321091" lat="-12.1229766" lon="-77.0286087"/>
 <node id="4341796636" visible="true" version="5" changeset="150219351" timestamp="2024-04-19T11:37:01Z" user="wille" uid="360183" lat="-12.1229676" lon="-77.0285669">
  <tag k="addr:city" v="Miraflores"/>
  <tag k="addr:street" v="Calle Schell"/>
  <tag k="amenity" v="bank"/>
  <tag k="atm" v="no"/>
  <tag k="brand" v="Banco Pichincha"/>
  <tag k="brand:wikidata" v="Q4854135"/>
  <tag k="name" v="Banco Pichincha"/>
  <tag k="survey:date" v="2016-08-30"/>
 </node>
 <node id="4341796637" visible="true" version="1" changeset="41333455" timestamp="2016-08-08T21:19:16Z" user="FoxyMarcie" uid="3321091" lat="-12.1228906" lon="-77.0285976"/>
 <node id="4341796638" visible="true" version="3" changeset="50733877" timestamp="2017-07-31T21:28:08Z" user="zwaygp" uid="5027347" lat="-12.1229593" lon="-77.0286220">
  <tag k="addr:street" v="Calle Schell"/>
  <tag k="leisure" v="fitness_centre"/>
  <tag k="name" v="Lima Yoga"/>
  <tag k="source" v="Kaart Ground Survey 2017"/>
  <tag k="sport" v="yoga"/>
 </node>
 <node id="4341796639" visible="true" version="3" changeset="168207089" timestamp="2025-06-27T22:37:00Z" user="Tonushka" uid="3419975" lat="-12.1229543" lon="-77.0286300">
  <tag k="addr:street" v="Calle Schell"/>
  <tag k="name" v="Playboy"/>
  <tag k="shop" v="yes"/>
  <tag k="source" v="Reconocimiento cartográfico 2017 por Kaart."/>
 </node>
 <node id="4341796640" visible="true" version="3" changeset="168207089" timestamp="2025-06-27T22:37:00Z" user="Tonushka" uid="3419975" lat="-12.1229482" lon="-77.0286798">
  <tag k="addr:street" v="Calle Schell"/>
  <tag k="name" v="Calzamoda"/>
  <tag k="shop" v="yes"/>
  <tag k="source" v="Reconocimiento cartográfico 2017 por Kaart."/>
 </node>
 <node id="4341796641" visible="true" version="6" changeset="168207089" timestamp="2025-06-27T22:37:00Z" user="Tonushka" uid="3419975" lat="-12.1229419" lon="-77.0287300">
  <tag k="addr:street" v="Calle Schell"/>
  <tag k="name" v="Now"/>
  <tag k="shop" v="clothes"/>
  <tag k="toilets:wheelchair" v="no"/>
  <tag k="wheelchair" v="yes"/>
 </node>
 <node id="4341796642" visible="true" version="9" changeset="178868522" timestamp="2026-02-21T17:01:40Z" user="wille" uid="360183" lat="-12.1229013" lon="-77.0290435">
  <tag k="addr:street" v="Calle Schell"/>
  <tag k="check_date" v="2026-02-21"/>
  <tag k="name" v="Vía Uno"/>
  <tag k="shop" v="shoes"/>
  <tag k="survey:date" v="2016-08-30"/>
  <tag k="toilets:wheelchair" v="no"/>
  <tag k="wheelchair" v="no"/>
  <tag k="wheelchair:description" v="Muchos escalones para ingresar a la galería donde están los locales"/>
 </node>
 <node id="4341796643" visible="true" version="1" changeset="41333455" timestamp="2016-08-08T21:19:16Z" user="FoxyMarcie" uid="3321091" lat="-12.1225973" lon="-77.0294132"/>
 <node id="4341823815" visible="true" version="2" changeset="51548290" timestamp="2017-08-29T15:54:00Z" user="Velocimaptor" uid="3544143" lat="-12.1227695" lon="-77.0296008">
  <tag k="addr:street" v="Calle Schell"/>
  <tag k="name" v="Platanitos Boutique"/>
  <tag k="shop" v="boutique"/>
  <tag k="source" v="Reconocimiento cartográfico 2017 por Kaart."/>
 </node>
 <node id="4341823816" visible="true" version="1" changeset="41333851" timestamp="2016-08-08T21:40:52Z" user="FoxyMarcie" uid="3321091" lat="-12.1225954" lon="-77.0296540"/>
 <node id="4341823817" visible="true" version="1" changeset="41333851" timestamp="2016-08-08T21:40:52Z" user="FoxyMarcie" uid="3321091" lat="-12.1227833" lon="-77.0296956"/>
 <node id="4341823818" visible="true" version="2" changeset="41832128" timestamp="2016-08-31T17:53:43Z" user="straight-ahead" uid="46619" lat="-12.1227099" lon="-77.0299085">
  <tag k="addr:street" v="Calle Schell"/>
  <tag k="name" v="Make Best"/>
  <tag k="shop" v="yes"/>
  <tag k="survey:date" v="2016-08-31"/>
 </node>
 <node id="4341823819" visible="true" version="2" changeset="51548290" timestamp="2017-08-29T15:54:00Z" user="Velocimaptor" uid="3544143" lat="-12.1227177" lon="-77.0298555">
  <tag k="addr:street" v="Calle Schell"/>
  <tag k="name" v="Cierra Puertas"/>
  <tag k="shop" v="yes"/>
  <tag k="source" v="Reconocimiento cartográfico 2017 por Kaart."/>
 </node>
 <node id="4341823820" visible="true" version="4" changeset="42411995" timestamp="2016-09-24T22:01:39Z" user="Ronos" uid="962932" lat="-12.1227306" lon="-77.0297998">
  <tag k="addr:street" v="Calle Schell"/>
  <tag k="name" v="GMO Opticas"/>
  <tag k="shop" v="optician"/>
  <tag k="survey:date" v="2016-08-31"/>
  <tag k="toilets:wheelchair" v="no"/>
  <tag k="wheelchair" v="yes"/>
 </node>
 <node id="4341863098" visible="true" version="1" changeset="41334544" timestamp="2016-08-08T22:29:17Z" user="FoxyMarcie" uid="3321091" lat="-12.1253187" lon="-77.0293254"/>
 <node id="4341863099" visible="true" version="1" changeset="41334544" timestamp="2016-08-08T22:29:17Z" user="FoxyMarcie" uid="3321091" lat="-12.1253237" lon="-77.0292238"/>
 <node id="4341863100" visible="true" version="1" changeset="41334544" timestamp="2016-08-08T22:29:17Z" user="FoxyMarcie" uid="3321091" lat="-12.1254359" lon="-77.0292296"/>
 <node id="4341863101" visible="true" version="1" changeset="41334544" timestamp="2016-08-08T22:29:17Z" user="FoxyMarcie" uid="3321091" lat="-12.1254323" lon="-77.0293007"/>
 <node id="4341863102" visible="true" version="1" changeset="41334544" timestamp="2016-08-08T22:29:17Z" user="FoxyMarcie" uid="3321091" lat="-12.1254025" lon="-77.0293298"/>
 <node id="4341863103" visible="true" version="1" changeset="41334544" timestamp="2016-08-08T22:29:17Z" user="FoxyMarcie" uid="3321091" lat="-12.1251466" lon="-77.0291865"/>
 <node id="4341863104" visible="true" version="1" changeset="41334544" timestamp="2016-08-08T22:29:17Z" user="FoxyMarcie" uid="3321091" lat="-12.1235334" lon="-77.0288806"/>
 <node id="4341863105" visible="true" version="1" changeset="41334544" timestamp="2016-08-08T22:29:17Z" user="FoxyMarcie" uid="3321091" lat="-12.1234909" lon="-77.0291367"/>
 <node id="4341863106" visible="true" version="4" changeset="51125308" timestamp="2017-08-15T00:55:19Z" user="Ronos" uid="962932" lat="-12.1228587" lon="-77.0290362">
  <tag k="addr:street" v="Avenida José Larco"/>
  <tag k="name" v="Passione"/>
  <tag k="shop" v="clothes"/>
  <tag k="toilets:wheelchair" v="no"/>
  <tag k="wheelchair" v="no"/>
  <tag k="wheelchair:description" v="Muchos escalones para ingresar a la galería donde están los locales"/>
 </node>
 <node id="4341863107" visible="true" version="5" changeset="51125308" timestamp="2017-08-15T00:55:48Z" user="Ronos" uid="962932" lat="-12.1228759" lon="-77.0290389">
  <tag k="addr:street" v="Avenida José Larco"/>
  <tag k="name" v="Saxos"/>
  <tag k="shop" v="clothes"/>
  <tag k="toilets:wheelchair" v="no"/>
  <tag k="wheelchair" v="no"/>
  <tag k="wheelchair:description" v="Muchos escalones para ingresar a la galería donde están los locales"/>
 </node>
 <node id="4341863108" visible="true" version="5" changeset="51125308" timestamp="2017-08-15T00:54:56Z" user="Ronos" uid="962932" lat="-12.1227042" lon="-77.0290231">
  <tag k="addr:street" v="Avenida José Larco"/>
  <tag k="name" v="Alonka"/>
  <tag k="shop" v="clothes"/>
  <tag k="toilets:wheelchair" v="no"/>
  <tag k="wheelchair" v="no"/>
  <tag k="wheelchair:description" v="Muchos escalones para ingresar a la galería donde están los locales"/>
 </node>
 <node id="4341863109" visible="true" version="1" changeset="41334544" timestamp="2016-08-08T22:29:18Z" user="FoxyMarcie" uid="3321091" lat="-12.1224763" lon="-77.0290091"/>
 <node id="4341863110" visible="true" version="2" changeset="138646224" timestamp="2023-07-18T04:07:55Z" user="ovruni" uid="81735" lat="-12.1224541" lon="-77.0289710"/>
 <node id="4341863111" visible="true" version="1" changeset="41334544" timestamp="2016-08-08T22:29:18Z" user="FoxyMarcie" uid="3321091" lat="-12.1224669" lon="-77.0288414"/>
 <node id="4341863112" visible="true" version="1" changeset="41334544" timestamp="2016-08-08T22:29:18Z" user="FoxyMarcie" uid="3321091" lat="-12.1226508" lon="-77.0288604"/>
 <node id="4341874713" visible="true" version="1" changeset="41334805" timestamp="2016-08-08T22:49:06Z" user="FoxyMarcie" uid="3321091" lat="-12.1221380" lon="-77.0286768"/>
 <node id="4344633304" visible="true" version="2" changeset="65300928" timestamp="2018-12-08T21:01:52Z" user="Diego Sanguinetti" uid="309382" lat="-12.1245329" lon="-77.0300213"/>
 <node id="4344633305" visible="true" version="2" changeset="65300928" timestamp="2018-12-08T21:01:52Z" user="Diego Sanguinetti" uid="309382" lat="-12.1246095" lon="-77.0300389"/>
 <node id="4344633306" visible="true" version="1" changeset="41371093" timestamp="2016-08-10T16:40:12Z" user="Baconcrisp" uid="3778777" lat="-12.1246354" lon="-77.0298834"/>
 <node id="4344633307" visible="true" version="1" changeset="41371093" timestamp="2016-08-10T16:40:12Z" user="Baconcrisp" uid="3778777" lat="-12.1245579" lon="-77.0298700"/>
 <node id="4344633308" visible="true" version="3" changeset="41567070" timestamp="2016-08-19T22:43:16Z" user="Baconcrisp" uid="3778777" lat="-12.1245663" lon="-77.0300016">
  <tag k="addr:street" v="Avenida Alfredo Benavides"/>
  <tag k="amenity" v="clinic"/>
  <tag k="name" v="Clínica de Reumatismo"/>
  <tag k="source" v="Reconocimiento cartográfico por KG 2016"/>
 </node>
 <node id="4344690456" visible="true" version="1" changeset="41371546" timestamp="2016-08-10T17:05:20Z" user="Baconcrisp" uid="3778777" lat="-12.1235850" lon="-77.0304419"/>
 <node id="4344690457" visible="true" version="1" changeset="41371546" timestamp="2016-08-10T17:05:20Z" user="Baconcrisp" uid="3778777" lat="-12.1238959" lon="-77.0304824"/>
 <node id="4344690458" visible="true" version="2" changeset="65327074" timestamp="2018-12-09T22:46:07Z" user="Diego Sanguinetti" uid="309382" lat="-12.1239610" lon="-77.0301271"/>
 <node id="4344690459" visible="true" version="2" changeset="65327074" timestamp="2018-12-09T22:46:07Z" user="Diego Sanguinetti" uid="309382" lat="-12.1236456" lon="-77.0300890"/>
 <node id="4346452952" visible="true" version="8" changeset="168128083" timestamp="2025-06-26T08:40:35Z" user="Evgeniya_rocketdata" uid="17513069" lat="-12.1223064" lon="-77.0289489">
  <tag k="addr:postcode" v="15074"/>
  <tag k="addr:street" v="Avenida José Larco"/>
  <tag k="brand" v="Entel"/>
  <tag k="brand:wikidata" v="Q450420"/>
  <tag k="brand:wikipedia" v="en:ENTel"/>
  <tag k="check_date" v="2024-06-11"/>
  <tag k="level" v="0"/>
  <tag k="name" v="Entel"/>
  <tag k="office" v="company"/>
  <tag k="opening_hours" v="Mo-Fr 09:00-20:00; Sa 09:00-19:00"/>
  <tag k="payment:cash" v="yes"/>
  <tag k="payment:credit_cards" v="yes"/>
  <tag k="payment:debit_cards" v="yes"/>
  <tag k="phone" v="+51 800 09000"/>
  <tag k="shop" v="mobile_phone"/>
  <tag k="source" v="Reconocimiento cartográfico de campo 2016 por KG"/>
  <tag k="toilets:wheelchair" v="no"/>
  <tag k="website" v="https://www.entel.pe"/>
  <tag k="wheelchair" v="yes"/>
 </node>
 <node id="4346452953" visible="true" version="5" changeset="50733117" timestamp="2017-07-31T20:45:35Z" user="Te-Ika" uid="3742941" lat="-12.1222296" lon="-77.0289448">
  <tag k="addr:postcode" v="15074"/>
  <tag k="addr:street" v="Avenida José Larco"/>
  <tag k="name" v="La Quinta"/>
  <tag k="shop" v="yes"/>
  <tag k="source" v="Reconocimiento cartográfico por KG 2017"/>
 </node>
 <node id="4346452954" visible="true" version="5" changeset="65454581" timestamp="2018-12-13T20:57:14Z" user="Diego Sanguinetti" uid="309382" lat="-12.1221914" lon="-77.0289425">
  <tag k="addr:postcode" v="15074"/>
  <tag k="addr:street" v="Avenida José Larco"/>
  <tag k="name" v="Mobo"/>
  <tag k="shop" v="yes"/>
  <tag k="source" v="Reconocimiento cartográfico por KG 2017"/>
 </node>
 <node id="4346452955" visible="true" version="5" changeset="65454581" timestamp="2018-12-13T20:57:14Z" user="Diego Sanguinetti" uid="309382" lat="-12.1221351" lon="-77.0289384">
  <tag k="addr:city" v="Miraflores"/>
  <tag k="addr:postcode" v="15074"/>
  <tag k="addr:street" v="Avenida José Larco"/>
  <tag k="name" v="GMO"/>
  <tag k="shop" v="optician"/>
  <tag k="source" v="Reconocimiento cartográfico por KG 2017"/>
 </node>
 <node id="4372058037" visible="true" version="1" changeset="41762976" timestamp="2016-08-28T19:41:38Z" user="straight-ahead" uid="46619" lat="-12.1253102" lon="-77.0291965">
  <tag k="artwork_type" v="painting"/>
  <tag k="name" v="Street Art: Lying Man"/>
  <tag k="tourism" v="artwork"/>
 </node>
 <node id="4376633467" visible="true" version="2" changeset="65301247" timestamp="2018-12-08T21:16:21Z" user="Diego Sanguinetti" uid="309382" lat="-12.1243930" lon="-77.0283981"/>
 <node id="4376633468" visible="true" version="2" changeset="65301247" timestamp="2018-12-08T21:16:21Z" user="Diego Sanguinetti" uid="309382" lat="-12.1244929" lon="-77.0286272"/>
 <node id="4376633469" visible="true" version="7" changeset="51986213" timestamp="2017-09-12T20:42:04Z" user="Ronos" uid="962932" lat="-12.1237218" lon="-77.0291650">
  <tag k="addr:housenumber" v="651"/>
  <tag k="addr:street" v="Avenida José Larco"/>
  <tag k="amenity" v="cafe"/>
  <tag k="name" v="News Cafe Coffee Shop"/>
  <tag k="survey:date" v="2016-08-30"/>
  <tag k="toilets:wheelchair" v="no"/>
  <tag k="wheelchair" v="yes"/>
  <tag k="wheelchair:description" v="Grada alta a la entrada pero rampa al costado"/>
 </node>
 <node id="4376633471" visible="true" version="2" changeset="65301247" timestamp="2018-12-08T21:16:21Z" user="Diego Sanguinetti" uid="309382" lat="-12.1245271" lon="-77.0284214"/>
 <node id="4376633473" visible="true" version="2" changeset="65301247" timestamp="2018-12-08T21:16:21Z" user="Diego Sanguinetti" uid="309382" lat="-12.1243588" lon="-77.0286039"/>
 <node id="4376633475" visible="true" version="3" changeset="66930981" timestamp="2019-02-05T12:50:57Z" user="chachafish" uid="2237750" lat="-12.1233767" lon="-77.0292041">
  <tag k="crossing" v="zebra"/>
  <tag k="highway" v="crossing"/>
 </node>
 <node id="4407514699" visible="true" version="2" changeset="85915895" timestamp="2020-05-29T03:24:47Z" user="BikeRoad" uid="3189465" lat="-12.1219662" lon="-77.0294951"/>
 <node id="4407514700" visible="true" version="2" changeset="85915895" timestamp="2020-05-29T03:24:47Z" user="BikeRoad" uid="3189465" lat="-12.1219662" lon="-77.0294856"/>
 <node id="4407514701" visible="true" version="2" changeset="85915895" timestamp="2020-05-29T03:24:47Z" user="BikeRoad" uid="3189465" lat="-12.1219686" lon="-77.0294764"/>
 <node id="4407514702" visible="true" version="2" changeset="85915895" timestamp="2020-05-29T03:24:47Z" user="BikeRoad" uid="3189465" lat="-12.1219935" lon="-77.0294552"/>
 <node id="4407514703" visible="true" version="2" changeset="85915895" timestamp="2020-05-29T03:24:47Z" user="BikeRoad" uid="3189465" lat="-12.1220056" lon="-77.0294548"/>
 <node id="4407514704" visible="true" version="2" changeset="85915895" timestamp="2020-05-29T03:24:47Z" user="BikeRoad" uid="3189465" lat="-12.1220172" lon="-77.0294586"/>
 <node id="4407514705" visible="true" version="2" changeset="85915895" timestamp="2020-05-29T03:24:47Z" user="BikeRoad" uid="3189465" lat="-12.1220268" lon="-77.0294662"/>
 <node id="4407514706" visible="true" version="2" changeset="85915895" timestamp="2020-05-29T03:24:47Z" user="BikeRoad" uid="3189465" lat="-12.1220332" lon="-77.0294766"/>
 <node id="4407514707" visible="true" version="2" changeset="85915895" timestamp="2020-05-29T03:24:47Z" user="BikeRoad" uid="3189465" lat="-12.1220346" lon="-77.0294997"/>
 <node id="4407514708" visible="true" version="2" changeset="85915895" timestamp="2020-05-29T03:24:47Z" user="BikeRoad" uid="3189465" lat="-12.1220302" lon="-77.0295098"/>
 <node id="4407514709" visible="true" version="2" changeset="85915895" timestamp="2020-05-29T03:24:47Z" user="BikeRoad" uid="3189465" lat="-12.1220229" lon="-77.0295180"/>
 <node id="4407514710" visible="true" version="2" changeset="85915895" timestamp="2020-05-29T03:24:47Z" user="BikeRoad" uid="3189465" lat="-12.1220031" lon="-77.0295259"/>
 <node id="4407514711" visible="true" version="2" changeset="85915895" timestamp="2020-05-29T03:24:47Z" user="BikeRoad" uid="3189465" lat="-12.1219924" lon="-77.0295250"/>
 <node id="4407514712" visible="true" version="2" changeset="85915895" timestamp="2020-05-29T03:24:47Z" user="BikeRoad" uid="3189465" lat="-12.1219825" lon="-77.0295207"/>
 <node id="4407514713" visible="true" version="2" changeset="85915895" timestamp="2020-05-29T03:24:47Z" user="BikeRoad" uid="3189465" lat="-12.1219744" lon="-77.0295136"/>
 <node id="4414033913" visible="true" version="1" changeset="42361931" timestamp="2016-09-22T23:26:45Z" user="Ronos" uid="962932" lat="-12.1223471" lon="-77.0293735"/>
 <node id="4414033914" visible="true" version="1" changeset="42361931" timestamp="2016-09-22T23:26:45Z" user="Ronos" uid="962932" lat="-12.1223695" lon="-77.0293014"/>
 <node id="4414033915" visible="true" version="1" changeset="42361931" timestamp="2016-09-22T23:26:45Z" user="Ronos" uid="962932" lat="-12.1225006" lon="-77.0293440"/>
 <node id="4414033916" visible="true" version="1" changeset="42361931" timestamp="2016-09-22T23:26:45Z" user="Ronos" uid="962932" lat="-12.1224782" lon="-77.0294162"/>
 <node id="4414036002" visible="true" version="8" changeset="122821606" timestamp="2022-06-24T23:42:26Z" user="ovruni" uid="81735" lat="-12.1220251" lon="-77.0299105">
  <tag k="addr:city" v="Miraflores"/>
  <tag k="addr:housenumber" v="117"/>
  <tag k="addr:street" v="Avenida Ernesto Diez Canseco"/>
  <tag k="email" v="flyingdoghostels@gmail.com"/>
  <tag k="internet_access" v="wlan"/>
  <tag k="name" v="Flying Dog Hostel 2"/>
  <tag k="phone" v="+511 2427145"/>
  <tag k="toilets:wheelchair" v="no"/>
  <tag k="tourism" v="hostel"/>
  <tag k="website" v="https://www.flyingdogperu.com/es/hostel-lima-menu.html"/>
  <tag k="wheelchair" v="no"/>
  <tag k="wheelchair:description" v="2do piso todo"/>
 </node>
 <node id="4414041777" visible="true" version="1" changeset="42362098" timestamp="2016-09-22T23:48:30Z" user="Ronos" uid="962932" lat="-12.1221817" lon="-77.0298200"/>
 <node id="4414041778" visible="true" version="1" changeset="42362098" timestamp="2016-09-22T23:48:30Z" user="Ronos" uid="962932" lat="-12.1222216" lon="-77.0296859"/>
 <node id="4414041779" visible="true" version="1" changeset="42362098" timestamp="2016-09-22T23:48:30Z" user="Ronos" uid="962932" lat="-12.1223072" lon="-77.0297125"/>
 <node id="4414041780" visible="true" version="1" changeset="42362098" timestamp="2016-09-22T23:48:30Z" user="Ronos" uid="962932" lat="-12.1222673" lon="-77.0298466"/>
 <node id="4416997117" visible="true" version="7" changeset="178683645" timestamp="2026-02-17T14:48:08Z" user="wille" uid="360183" lat="-12.1235952" lon="-77.0286076">
  <tag k="addr:city" v="Miraflores"/>
  <tag k="addr:housenumber" v="248"/>
  <tag k="addr:postcode" v="15074"/>
  <tag k="addr:street" v="Calle Tarata"/>
  <tag k="amenity" v="restaurant"/>
  <tag k="check_date" v="2026-02-16"/>
  <tag k="cuisine" v="peruvian"/>
  <tag k="name" v="Kauza"/>
  <tag k="outdoor_seating" v="yes"/>
  <tag k="wheelchair" v="limited"/>
 </node>
 <node id="4416997838" visible="true" version="1" changeset="42414614" timestamp="2016-09-25T01:32:51Z" user="Ronos" uid="962932" lat="-12.1230754" lon="-77.0284156"/>
 <node id="4417000678" visible="true" version="7" changeset="178683645" timestamp="2026-02-17T14:48:08Z" user="wille" uid="360183" lat="-12.1233247" lon="-77.0293932">
  <tag k="addr:city" v="Miraflores"/>
  <tag k="addr:housenumber" v="632"/>
  <tag k="addr:street" v="Avenida José Larco"/>
  <tag k="amenity" v="cafe"/>
  <tag k="brand" v="Starbucks"/>
  <tag k="brand:wikidata" v="Q37158"/>
  <tag k="brand:wikipedia" v="en:Starbucks"/>
  <tag k="check_date" v="2026-02-16"/>
  <tag k="cuisine" v="coffee_shop"/>
  <tag k="name" v="Starbucks"/>
  <tag k="official_name" v="Starbucks Coffee"/>
  <tag k="takeaway" v="yes"/>
  <tag k="toilets:wheelchair" v="yes"/>
  <tag k="wheelchair" v="no"/>
  <tag k="wheelchair:description" v="Toquen el timbre y te subiran los escalones con una grua especial"/>
 </node>
 <node id="4417016570" visible="true" version="8" changeset="119292110" timestamp="2022-04-04T08:25:22Z" user="Almorca" uid="71626" lat="-12.1230498" lon="-77.0293559">
  <tag k="addr:city" v="Miraflores"/>
  <tag k="addr:housenumber" v="608"/>
  <tag k="addr:street" v="Avenida José Larco"/>
  <tag k="amenity" v="cafe"/>
  <tag k="cuisine" v="churro"/>
  <tag k="name" v="Manolo"/>
  <tag k="opening_hours" v="Mo-Fr 07:15-01:00; Sa-Su 08:15-01:00"/>
  <tag k="phone" v="+511 4442244"/>
  <tag k="source" v="Kaart Ground Survey 2017"/>
  <tag k="toilets:wheelchair" v="no"/>
  <tag k="website" v="http://www.manolochurros.com/"/>
  <tag k="wheelchair" v="yes"/>
 </node>
 <node id="4419840366" visible="true" version="2" changeset="65327074" timestamp="2018-12-09T22:46:07Z" user="Diego Sanguinetti" uid="309382" lat="-12.1234683" lon="-77.0300015"/>
 <node id="4419840367" visible="true" version="2" changeset="65327074" timestamp="2018-12-09T22:46:07Z" user="Diego Sanguinetti" uid="309382" lat="-12.1235035" lon="-77.0297643"/>
 <node id="4419840368" visible="true" version="1" changeset="42460882" timestamp="2016-09-27T04:50:39Z" user="Ronos" uid="962932" lat="-12.1239578" lon="-77.0298144"/>
 <node id="4419840369" visible="true" version="1" changeset="42460882" timestamp="2016-09-27T04:50:39Z" user="Ronos" uid="962932" lat="-12.1240195" lon="-77.0294604"/>
 <node id="4419840370" visible="true" version="1" changeset="42460882" timestamp="2016-09-27T04:50:39Z" user="Ronos" uid="962932" lat="-12.1242633" lon="-77.0295033"/>
 <node id="4419840371" visible="true" version="1" changeset="42460882" timestamp="2016-09-27T04:50:39Z" user="Ronos" uid="962932" lat="-12.1242253" lon="-77.0297876"/>
 <node id="4419840372" visible="true" version="1" changeset="42460882" timestamp="2016-09-27T04:50:39Z" user="Ronos" uid="962932" lat="-12.1243669" lon="-77.0298091"/>
 <node id="4419840373" visible="true" version="1" changeset="42460882" timestamp="2016-09-27T04:50:40Z" user="Ronos" uid="962932" lat="-12.1243040" lon="-77.0301537"/>
 <node id="4419843470" visible="true" version="1" changeset="42460909" timestamp="2016-09-27T04:53:55Z" user="Ronos" uid="962932" lat="-12.1227987" lon="-77.0303958"/>
 <node id="4419843471" visible="true" version="1" changeset="42460909" timestamp="2016-09-27T04:53:55Z" user="Ronos" uid="962932" lat="-12.1228774" lon="-77.0299667"/>
 <node id="4419843472" visible="true" version="1" changeset="42460909" timestamp="2016-09-27T04:53:55Z" user="Ronos" uid="962932" lat="-12.1235120" lon="-77.0300605"/>
 <node id="4419843473" visible="true" version="1" changeset="42460909" timestamp="2016-09-27T04:53:55Z" user="Ronos" uid="962932" lat="-12.1234229" lon="-77.0305112"/>
 <node id="4428033908" visible="true" version="8" changeset="178683645" timestamp="2026-02-17T14:48:08Z" user="wille" uid="360183" lat="-12.1234158" lon="-77.0285471">
  <tag k="addr:city" v="Miraflores"/>
  <tag k="addr:housenumber" v="243"/>
  <tag k="addr:street" v="Calle A. Schell"/>
  <tag k="amenity" v="restaurant"/>
  <tag k="check_date" v="2026-02-16"/>
  <tag k="cuisine" v="thai"/>
  <tag k="diet:vegetarian" v="yes"/>
  <tag k="name" v="Savora Thai"/>
  <tag k="outdoor_seating" v="no"/>
  <tag k="toilets:wheelchair" v="no"/>
  <tag k="wheelchair" v="limited"/>
  <tag k="wheelchair:description" v="Dos pisos, rampa a la entrada"/>
 </node>
 <node id="4465666590" visible="true" version="5" changeset="143454750" timestamp="2023-11-01T05:26:01Z" user="b-jazz-bot" uid="9451067" lat="-12.1253953" lon="-77.0289419">
  <tag k="addr:city" v="Miraflores"/>
  <tag k="addr:housenumber" v="150"/>
  <tag k="addr:postcode" v="15074"/>
  <tag k="addr:street" v="Calle Bolívar"/>
  <tag k="name" v="Bike Tours of Lima"/>
  <tag k="name:en" v="Bike Tours of Lima"/>
  <tag k="name:es" v="Bike Tours of Lima"/>
  <tag k="opening_hours" v="Mo-Fr 21:30-06:00; Sa-Su 21:30-02:00"/>
  <tag k="phone" v="+51 1 4453172"/>
  <tag k="shop" v="yes"/>
  <tag k="website" v="https://biketoursoflima.com/"/>
 </node>
 <node id="4493267089" visible="true" version="1" changeset="43545799" timestamp="2016-11-10T21:08:19Z" user="Diego Sanguinetti" uid="309382" lat="-12.1252454" lon="-77.0281959"/>
 <node id="4493267090" visible="true" version="1" changeset="43545799" timestamp="2016-11-10T21:08:19Z" user="Diego Sanguinetti" uid="309382" lat="-12.1253270" lon="-77.0282066"/>
 <node id="4493267091" visible="true" version="1" changeset="43545799" timestamp="2016-11-10T21:08:19Z" user="Diego Sanguinetti" uid="309382" lat="-12.1253488" lon="-77.0280325"/>
 <node id="4493267092" visible="true" version="1" changeset="43545799" timestamp="2016-11-10T21:08:19Z" user="Diego Sanguinetti" uid="309382" lat="-12.1252672" lon="-77.0280218"/>
 <node id="4547386333" visible="true" version="2" changeset="65300928" timestamp="2018-12-08T21:01:52Z" user="Diego Sanguinetti" uid="309382" lat="-12.1250181" lon="-77.0302614"/>
 <node id="4547386334" visible="true" version="2" changeset="65300928" timestamp="2018-12-08T21:01:52Z" user="Diego Sanguinetti" uid="309382" lat="-12.1250778" lon="-77.0302760"/>
 <node id="4547386335" visible="true" version="2" changeset="65300928" timestamp="2018-12-08T21:01:52Z" user="Diego Sanguinetti" uid="309382" lat="-12.1251159" lon="-77.0301129"/>
 <node id="4547386336" visible="true" version="2" changeset="65300928" timestamp="2018-12-08T21:01:52Z" user="Diego Sanguinetti" uid="309382" lat="-12.1250609" lon="-77.0300781"/>
 <node id="4547386341" visible="true" version="1" changeset="44295819" timestamp="2016-12-10T02:55:42Z" user="Diego Sanguinetti" uid="309382" lat="-12.1252959" lon="-77.0286204"/>
 <node id="4547386342" visible="true" version="1" changeset="44295819" timestamp="2016-12-10T02:55:42Z" user="Diego Sanguinetti" uid="309382" lat="-12.1254848" lon="-77.0286231"/>
 <node id="4547386343" visible="true" version="1" changeset="44295819" timestamp="2016-12-10T02:55:42Z" user="Diego Sanguinetti" uid="309382" lat="-12.1255084" lon="-77.0284997"/>
 <node id="4547386344" visible="true" version="1" changeset="44295819" timestamp="2016-12-10T02:55:42Z" user="Diego Sanguinetti" uid="309382" lat="-12.1254087" lon="-77.0284729"/>
 <node id="4547386345" visible="true" version="1" changeset="44295819" timestamp="2016-12-10T02:55:42Z" user="Diego Sanguinetti" uid="309382" lat="-12.1254087" lon="-77.0284273"/>
 <node id="4547386346" visible="true" version="1" changeset="44295819" timestamp="2016-12-10T02:55:42Z" user="Diego Sanguinetti" uid="309382" lat="-12.1253222" lon="-77.0284112"/>
 <node id="4547386480" visible="true" version="1" changeset="44295819" timestamp="2016-12-10T02:55:44Z" user="Diego Sanguinetti" uid="309382" lat="-12.1241167" lon="-77.0286900"/>
 <node id="4547386481" visible="true" version="1" changeset="44295819" timestamp="2016-12-10T02:55:44Z" user="Diego Sanguinetti" uid="309382" lat="-12.1242852" lon="-77.0287165"/>
 <node id="4547386482" visible="true" version="1" changeset="44295819" timestamp="2016-12-10T02:55:44Z" user="Diego Sanguinetti" uid="309382" lat="-12.1242895" lon="-77.0285928"/>
 <node id="4547386483" visible="true" version="1" changeset="44295819" timestamp="2016-12-10T02:55:44Z" user="Diego Sanguinetti" uid="309382" lat="-12.1241599" lon="-77.0285574"/>
 <node id="4557991106" visible="true" version="1" changeset="44462244" timestamp="2016-12-17T03:33:09Z" user="Diego Sanguinetti" uid="309382" lat="-12.1226012" lon="-77.0284120"/>
 <node id="4557991107" visible="true" version="1" changeset="44462244" timestamp="2016-12-17T03:33:09Z" user="Diego Sanguinetti" uid="309382" lat="-12.1225831" lon="-77.0281899"/>
 <node id="4557991108" visible="true" version="1" changeset="44462244" timestamp="2016-12-17T03:33:09Z" user="Diego Sanguinetti" uid="309382" lat="-12.1227118" lon="-77.0281789"/>
 <node id="4557991109" visible="true" version="1" changeset="44462244" timestamp="2016-12-17T03:33:09Z" user="Diego Sanguinetti" uid="309382" lat="-12.1227299" lon="-77.0284011"/>
 <node id="4557991168" visible="true" version="1" changeset="44462244" timestamp="2016-12-17T03:33:10Z" user="Diego Sanguinetti" uid="309382" lat="-12.1224504" lon="-77.0288151"/>
 <node id="4557991169" visible="true" version="1" changeset="44462244" timestamp="2016-12-17T03:33:10Z" user="Diego Sanguinetti" uid="309382" lat="-12.1226443" lon="-77.0288164"/>
 <node id="4557991170" visible="true" version="1" changeset="44462244" timestamp="2016-12-17T03:33:10Z" user="Diego Sanguinetti" uid="309382" lat="-12.1226449" lon="-77.0287154"/>
 <node id="4557991171" visible="true" version="1" changeset="44462244" timestamp="2016-12-17T03:33:10Z" user="Diego Sanguinetti" uid="309382" lat="-12.1224511" lon="-77.0287140"/>
 <node id="4557991172" visible="true" version="2" changeset="124874417" timestamp="2022-08-14T05:42:56Z" user="gscholz" uid="109705" lat="-12.1224614" lon="-77.0282561"/>
 <node id="4557991173" visible="true" version="2" changeset="124874417" timestamp="2022-08-14T05:42:56Z" user="gscholz" uid="109705" lat="-12.1225604" lon="-77.0282548"/>
 <node id="4557991174" visible="true" version="2" changeset="124874417" timestamp="2022-08-14T05:42:56Z" user="gscholz" uid="109705" lat="-12.1225590" lon="-77.0281535"/>
 <node id="4557991175" visible="true" version="2" changeset="124874417" timestamp="2022-08-14T05:42:56Z" user="gscholz" uid="109705" lat="-12.1224601" lon="-77.0281549"/>
 <node id="4557991176" visible="true" version="1" changeset="44462244" timestamp="2016-12-17T03:33:10Z" user="Diego Sanguinetti" uid="309382" lat="-12.1222031" lon="-77.0286558"/>
 <node id="4557991177" visible="true" version="1" changeset="44462244" timestamp="2016-12-17T03:33:10Z" user="Diego Sanguinetti" uid="309382" lat="-12.1223224" lon="-77.0286638"/>
 <node id="4557991178" visible="true" version="1" changeset="44462244" timestamp="2016-12-17T03:33:10Z" user="Diego Sanguinetti" uid="309382" lat="-12.1223237" lon="-77.0284908"/>
 <node id="4557991179" visible="true" version="1" changeset="44462244" timestamp="2016-12-17T03:33:10Z" user="Diego Sanguinetti" uid="309382" lat="-12.1221677" lon="-77.0284868"/>
 <node id="4557991180" visible="true" version="1" changeset="44462244" timestamp="2016-12-17T03:33:10Z" user="Diego Sanguinetti" uid="309382" lat="-12.1221677" lon="-77.0286290"/>
 <node id="4557991181" visible="true" version="1" changeset="44462244" timestamp="2016-12-17T03:33:10Z" user="Diego Sanguinetti" uid="309382" lat="-12.1221965" lon="-77.0286209"/>
 <node id="4557991182" visible="true" version="1" changeset="44462244" timestamp="2016-12-17T03:33:10Z" user="Diego Sanguinetti" uid="309382" lat="-12.1225243" lon="-77.0283728">
  <tag k="addr:city" v="Miraflores"/>
  <tag k="addr:housenumber" v="258"/>
  <tag k="addr:street" v="Avenida Ernesto Diez Canseco"/>
  <tag k="name" v="Tribunal Fiscal, Ministerio de Economía y Finanzas"/>
  <tag k="office" v="government"/>
  <tag k="opening_hours" v="Mo-Fr 9:00-17:00"/>
  <tag k="website" v="https://www.mef.gob.pe/es/tribunal-fiscal/658-contabilidad-publica/4188-horarios-de-atencion"/>
 </node>
 <node id="4557991183" visible="true" version="1" changeset="44462244" timestamp="2016-12-17T03:33:10Z" user="Diego Sanguinetti" uid="309382" lat="-12.1224585" lon="-77.0284268"/>
 <node id="4557991184" visible="true" version="1" changeset="44462244" timestamp="2016-12-17T03:33:10Z" user="Diego Sanguinetti" uid="309382" lat="-12.1225560" lon="-77.0284237"/>
 <node id="4557991185" visible="true" version="1" changeset="44462244" timestamp="2016-12-17T03:33:10Z" user="Diego Sanguinetti" uid="309382" lat="-12.1225518" lon="-77.0282804"/>
 <node id="4557991186" visible="true" version="1" changeset="44462244" timestamp="2016-12-17T03:33:10Z" user="Diego Sanguinetti" uid="309382" lat="-12.1224542" lon="-77.0282834"/>
 <node id="4557991187" visible="true" version="1" changeset="44462244" timestamp="2016-12-17T03:33:10Z" user="Diego Sanguinetti" uid="309382" lat="-12.1227260" lon="-77.0285688"/>
 <node id="4557991188" visible="true" version="1" changeset="44462244" timestamp="2016-12-17T03:33:10Z" user="Diego Sanguinetti" uid="309382" lat="-12.1228093" lon="-77.0285704"/>
 <node id="4557991189" visible="true" version="1" changeset="44462244" timestamp="2016-12-17T03:33:10Z" user="Diego Sanguinetti" uid="309382" lat="-12.1228117" lon="-77.0284384"/>
 <node id="4557991190" visible="true" version="1" changeset="44462244" timestamp="2016-12-17T03:33:10Z" user="Diego Sanguinetti" uid="309382" lat="-12.1227284" lon="-77.0284368"/>
 <node id="4557991199" visible="true" version="1" changeset="44462244" timestamp="2016-12-17T03:33:10Z" user="Diego Sanguinetti" uid="309382" lat="-12.1226786" lon="-77.0288146"/>
 <node id="4557991200" visible="true" version="1" changeset="44462244" timestamp="2016-12-17T03:33:10Z" user="Diego Sanguinetti" uid="309382" lat="-12.1228313" lon="-77.0288303"/>
 <node id="4557991201" visible="true" version="1" changeset="44462244" timestamp="2016-12-17T03:33:10Z" user="Diego Sanguinetti" uid="309382" lat="-12.1228354" lon="-77.0287885"/>
 <node id="4557991202" visible="true" version="1" changeset="44462244" timestamp="2016-12-17T03:33:10Z" user="Diego Sanguinetti" uid="309382" lat="-12.1226827" lon="-77.0287728"/>
 <node id="4557991203" visible="true" version="1" changeset="44462244" timestamp="2016-12-17T03:33:10Z" user="Diego Sanguinetti" uid="309382" lat="-12.1226588" lon="-77.0287648"/>
 <node id="4557991204" visible="true" version="1" changeset="44462244" timestamp="2016-12-17T03:33:10Z" user="Diego Sanguinetti" uid="309382" lat="-12.1228575" lon="-77.0287886"/>
 <node id="4557991205" visible="true" version="1" changeset="44462244" timestamp="2016-12-17T03:33:10Z" user="Diego Sanguinetti" uid="309382" lat="-12.1228698" lon="-77.0286810"/>
 <node id="4557991206" visible="true" version="1" changeset="44462244" timestamp="2016-12-17T03:33:10Z" user="Diego Sanguinetti" uid="309382" lat="-12.1227825" lon="-77.0286705"/>
 <node id="4557991207" visible="true" version="1" changeset="44462244" timestamp="2016-12-17T03:33:10Z" user="Diego Sanguinetti" uid="309382" lat="-12.1227768" lon="-77.0287198"/>
 <node id="4557991208" visible="true" version="1" changeset="44462244" timestamp="2016-12-17T03:33:10Z" user="Diego Sanguinetti" uid="309382" lat="-12.1227103" lon="-77.0287118"/>
 <node id="4557991209" visible="true" version="1" changeset="44462244" timestamp="2016-12-17T03:33:10Z" user="Diego Sanguinetti" uid="309382" lat="-12.1227197" lon="-77.0286296"/>
 <node id="4557991210" visible="true" version="1" changeset="44462244" timestamp="2016-12-17T03:33:10Z" user="Diego Sanguinetti" uid="309382" lat="-12.1226749" lon="-77.0286242"/>
 <node id="4557991211" visible="true" version="1" changeset="44462244" timestamp="2016-12-17T03:33:10Z" user="Diego Sanguinetti" uid="309382" lat="-12.1223316" lon="-77.0297174"/>
 <node id="4557991212" visible="true" version="1" changeset="44462244" timestamp="2016-12-17T03:33:10Z" user="Diego Sanguinetti" uid="309382" lat="-12.1223596" lon="-77.0296202"/>
 <node id="4557991213" visible="true" version="1" changeset="44462244" timestamp="2016-12-17T03:33:10Z" user="Diego Sanguinetti" uid="309382" lat="-12.1225259" lon="-77.0296666"/>
 <node id="4557991214" visible="true" version="1" changeset="44462244" timestamp="2016-12-17T03:33:10Z" user="Diego Sanguinetti" uid="309382" lat="-12.1225043" lon="-77.0297616"/>
 <node id="4557991320" visible="true" version="2" changeset="67231580" timestamp="2019-02-15T16:14:28Z" user="chachafish" uid="2237750" lat="-12.1239997" lon="-77.0285039"/>
 <node id="4557991321" visible="true" version="2" changeset="67231580" timestamp="2019-02-15T16:14:28Z" user="chachafish" uid="2237750" lat="-12.1240784" lon="-77.0285127"/>
 <node id="4557991322" visible="true" version="2" changeset="67231580" timestamp="2019-02-15T16:14:29Z" user="chachafish" uid="2237750" lat="-12.1241070" lon="-77.0282445"/>
 <node id="4557991323" visible="true" version="2" changeset="67231580" timestamp="2019-02-15T16:14:29Z" user="chachafish" uid="2237750" lat="-12.1240532" lon="-77.0282385"/>
 <node id="4557991324" visible="true" version="1" changeset="44462244" timestamp="2016-12-17T03:33:12Z" user="Diego Sanguinetti" uid="309382" lat="-12.1240804" lon="-77.0279836"/>
 <node id="4557991325" visible="true" version="1" changeset="44462244" timestamp="2016-12-17T03:33:12Z" user="Diego Sanguinetti" uid="309382" lat="-12.1239991" lon="-77.0280010"/>
 <node id="4557991326" visible="true" version="2" changeset="67231580" timestamp="2019-02-15T16:14:29Z" user="chachafish" uid="2237750" lat="-12.1239703" lon="-77.0282709"/>
 <node id="4557991327" visible="true" version="2" changeset="67231580" timestamp="2019-02-15T16:14:29Z" user="chachafish" uid="2237750" lat="-12.1238254" lon="-77.0282547"/>
 <node id="4557991328" visible="true" version="2" changeset="67231580" timestamp="2019-02-15T16:14:29Z" user="chachafish" uid="2237750" lat="-12.1238154" lon="-77.0283482"/>
 <node id="4557991329" visible="true" version="2" changeset="67231580" timestamp="2019-02-15T16:14:29Z" user="chachafish" uid="2237750" lat="-12.1240140" lon="-77.0283703"/>
 <node id="4557991330" visible="true" version="1" changeset="44462244" timestamp="2016-12-17T03:33:12Z" user="Diego Sanguinetti" uid="309382" lat="-12.1238649" lon="-77.0285283"/>
 <node id="4557991331" visible="true" version="1" changeset="44462244" timestamp="2016-12-17T03:33:12Z" user="Diego Sanguinetti" uid="309382" lat="-12.1239236" lon="-77.0285326"/>
 <node id="4557991332" visible="true" version="1" changeset="44462244" timestamp="2016-12-17T03:33:12Z" user="Diego Sanguinetti" uid="309382" lat="-12.1239317" lon="-77.0284199"/>
 <node id="4557991333" visible="true" version="1" changeset="44462244" timestamp="2016-12-17T03:33:12Z" user="Diego Sanguinetti" uid="309382" lat="-12.1238333" lon="-77.0284125"/>
 <node id="4557991334" visible="true" version="1" changeset="44462244" timestamp="2016-12-17T03:33:12Z" user="Diego Sanguinetti" uid="309382" lat="-12.1238292" lon="-77.0284710"/>
 <node id="4557991335" visible="true" version="1" changeset="44462244" timestamp="2016-12-17T03:33:12Z" user="Diego Sanguinetti" uid="309382" lat="-12.1238687" lon="-77.0284740"/>
 <node id="4557991336" visible="true" version="1" changeset="44462244" timestamp="2016-12-17T03:33:12Z" user="Diego Sanguinetti" uid="309382" lat="-12.1238969" lon="-77.0288323"/>
 <node id="4557991337" visible="true" version="1" changeset="44462244" timestamp="2016-12-17T03:33:12Z" user="Diego Sanguinetti" uid="309382" lat="-12.1239025" lon="-77.0287825"/>
 <node id="4557991338" visible="true" version="1" changeset="44462244" timestamp="2016-12-17T03:33:12Z" user="Diego Sanguinetti" uid="309382" lat="-12.1242403" lon="-77.0288221"/>
 <node id="4557991339" visible="true" version="1" changeset="44462244" timestamp="2016-12-17T03:33:12Z" user="Diego Sanguinetti" uid="309382" lat="-12.1242347" lon="-77.0288719"/>
 <node id="4557991340" visible="true" version="1" changeset="44462244" timestamp="2016-12-17T03:33:12Z" user="Diego Sanguinetti" uid="309382" lat="-12.1238089" lon="-77.0289042"/>
 <node id="4557991341" visible="true" version="1" changeset="44462244" timestamp="2016-12-17T03:33:12Z" user="Diego Sanguinetti" uid="309382" lat="-12.1238608" lon="-77.0289113"/>
 <node id="4557991342" visible="true" version="1" changeset="44462244" timestamp="2016-12-17T03:33:12Z" user="Diego Sanguinetti" uid="309382" lat="-12.1238898" lon="-77.0286904"/>
 <node id="4557991343" visible="true" version="1" changeset="44462244" timestamp="2016-12-17T03:33:12Z" user="Diego Sanguinetti" uid="309382" lat="-12.1238379" lon="-77.0286832"/>
 <node id="4557991360" visible="true" version="1" changeset="44462244" timestamp="2016-12-17T03:33:12Z" user="Diego Sanguinetti" uid="309382" lat="-12.1238972" lon="-77.0282056"/>
 <node id="4557991361" visible="true" version="1" changeset="44462244" timestamp="2016-12-17T03:33:12Z" user="Diego Sanguinetti" uid="309382" lat="-12.1239508" lon="-77.0282105"/>
 <node id="4557991362" visible="true" version="1" changeset="44462244" timestamp="2016-12-17T03:33:12Z" user="Diego Sanguinetti" uid="309382" lat="-12.1239702" lon="-77.0279884"/>
 <node id="4557991363" visible="true" version="1" changeset="44462244" timestamp="2016-12-17T03:33:12Z" user="Diego Sanguinetti" uid="309382" lat="-12.1239166" lon="-77.0279835"/>
 <node id="4557991380" visible="true" version="2" changeset="65454340" timestamp="2018-12-13T20:48:34Z" user="Diego Sanguinetti" uid="309382" lat="-12.1242717" lon="-77.0282840"/>
 <node id="4557991381" visible="true" version="2" changeset="65454340" timestamp="2018-12-13T20:48:34Z" user="Diego Sanguinetti" uid="309382" lat="-12.1245481" lon="-77.0283253"/>
 <node id="4557991382" visible="true" version="2" changeset="65454340" timestamp="2018-12-13T20:48:34Z" user="Diego Sanguinetti" uid="309382" lat="-12.1245611" lon="-77.0282345"/>
 <node id="4557991383" visible="true" version="2" changeset="65454340" timestamp="2018-12-13T20:48:34Z" user="Diego Sanguinetti" uid="309382" lat="-12.1242847" lon="-77.0281932"/>
 <node id="4557999661" visible="true" version="1" changeset="44462365" timestamp="2016-12-17T03:54:22Z" user="Diego Sanguinetti" uid="309382" lat="-12.1251102" lon="-77.0302950"/>
 <node id="4557999662" visible="true" version="1" changeset="44462365" timestamp="2016-12-17T03:54:22Z" user="Diego Sanguinetti" uid="309382" lat="-12.1251742" lon="-77.0303041"/>
 <node id="4557999663" visible="true" version="1" changeset="44462365" timestamp="2016-12-17T03:54:22Z" user="Diego Sanguinetti" uid="309382" lat="-12.1252169" lon="-77.0301568"/>
 <node id="4557999664" visible="true" version="1" changeset="44462365" timestamp="2016-12-17T03:54:22Z" user="Diego Sanguinetti" uid="309382" lat="-12.1251582" lon="-77.0301349"/>
 <node id="4557999755" visible="true" version="2" changeset="65300928" timestamp="2018-12-08T21:01:52Z" user="Diego Sanguinetti" uid="309382" lat="-12.1252174" lon="-77.0301287"/>
 <node id="4557999756" visible="true" version="2" changeset="65300928" timestamp="2018-12-08T21:01:52Z" user="Diego Sanguinetti" uid="309382" lat="-12.1252892" lon="-77.0301520"/>
 <node id="4557999757" visible="true" version="2" changeset="65300928" timestamp="2018-12-08T21:01:52Z" user="Diego Sanguinetti" uid="309382" lat="-12.1253093" lon="-77.0300873"/>
 <node id="4557999758" visible="true" version="2" changeset="65300928" timestamp="2018-12-08T21:01:52Z" user="Diego Sanguinetti" uid="309382" lat="-12.1253872" lon="-77.0301127"/>
 <node id="4557999759" visible="true" version="2" changeset="65300928" timestamp="2018-12-08T21:01:52Z" user="Diego Sanguinetti" uid="309382" lat="-12.1253689" lon="-77.0301716"/>
 <node id="4557999760" visible="true" version="2" changeset="65300928" timestamp="2018-12-08T21:01:52Z" user="Diego Sanguinetti" uid="309382" lat="-12.1254101" lon="-77.0301850"/>
 <node id="4557999761" visible="true" version="2" changeset="65300928" timestamp="2018-12-08T21:01:52Z" user="Diego Sanguinetti" uid="309382" lat="-12.1254510" lon="-77.0300530"/>
 <node id="4557999762" visible="true" version="2" changeset="65300928" timestamp="2018-12-08T21:01:52Z" user="Diego Sanguinetti" uid="309382" lat="-12.1252601" lon="-77.0299910"/>
 <node id="4558001151" visible="true" version="2" changeset="65327074" timestamp="2018-12-09T22:46:07Z" user="Diego Sanguinetti" uid="309382" lat="-12.1237725" lon="-77.0302172"/>
 <node id="4558001152" visible="true" version="2" changeset="65327074" timestamp="2018-12-09T22:46:07Z" user="Diego Sanguinetti" uid="309382" lat="-12.1238230" lon="-77.0302229"/>
 <node id="4558001153" visible="true" version="2" changeset="65327074" timestamp="2018-12-09T22:46:07Z" user="Diego Sanguinetti" uid="309382" lat="-12.1238296" lon="-77.0301618"/>
 <node id="4558001154" visible="true" version="2" changeset="65327074" timestamp="2018-12-09T22:46:07Z" user="Diego Sanguinetti" uid="309382" lat="-12.1237791" lon="-77.0301561"/>
 <node id="4558001155" visible="true" version="1" changeset="44462397" timestamp="2016-12-17T04:00:18Z" user="Diego Sanguinetti" uid="309382" lat="-12.1241232" lon="-77.0284559"/>
 <node id="4558001156" visible="true" version="1" changeset="44462397" timestamp="2016-12-17T04:00:18Z" user="Diego Sanguinetti" uid="309382" lat="-12.1241818" lon="-77.0284559"/>
 <node id="4558001157" visible="true" version="1" changeset="44462397" timestamp="2016-12-17T04:00:18Z" user="Diego Sanguinetti" uid="309382" lat="-12.1241876" lon="-77.0282191"/>
 <node id="4558001158" visible="true" version="1" changeset="44462397" timestamp="2016-12-17T04:00:18Z" user="Diego Sanguinetti" uid="309382" lat="-12.1241378" lon="-77.0282191"/>
 <node id="4558001159" visible="true" version="1" changeset="44462397" timestamp="2016-12-17T04:00:18Z" user="Diego Sanguinetti" uid="309382" lat="-12.1239591" lon="-77.0302180"/>
 <node id="4558001160" visible="true" version="1" changeset="44462397" timestamp="2016-12-17T04:00:18Z" user="Diego Sanguinetti" uid="309382" lat="-12.1240616" lon="-77.0302300"/>
 <node id="4558001161" visible="true" version="1" changeset="44462397" timestamp="2016-12-17T04:00:18Z" user="Diego Sanguinetti" uid="309382" lat="-12.1240792" lon="-77.0301491"/>
 <node id="4558001162" visible="true" version="1" changeset="44462397" timestamp="2016-12-17T04:00:18Z" user="Diego Sanguinetti" uid="309382" lat="-12.1239825" lon="-77.0301221"/>
 <node id="4558001166" visible="true" version="2" changeset="119358051" timestamp="2022-04-05T19:55:43Z" user="TuAmigoElEditor" uid="13950332" lat="-12.1235621" lon="-77.0286310"/>
 <node id="4558001167" visible="true" version="2" changeset="119358051" timestamp="2022-04-05T19:55:43Z" user="TuAmigoElEditor" uid="13950332" lat="-12.1235750" lon="-77.0285707"/>
 <node id="4558001168" visible="true" version="2" changeset="119358051" timestamp="2022-04-05T19:55:43Z" user="TuAmigoElEditor" uid="13950332" lat="-12.1235912" lon="-77.0285506"/>
 <node id="4558001169" visible="true" version="2" changeset="119358051" timestamp="2022-04-05T19:55:43Z" user="TuAmigoElEditor" uid="13950332" lat="-12.1236183" lon="-77.0285417"/>
 <node id="4558001170" visible="true" version="2" changeset="119358051" timestamp="2022-04-05T19:55:43Z" user="TuAmigoElEditor" uid="13950332" lat="-12.1237282" lon="-77.0285629"/>
 <node id="4558001171" visible="true" version="2" changeset="119358051" timestamp="2022-04-05T19:55:43Z" user="TuAmigoElEditor" uid="13950332" lat="-12.1237174" lon="-77.0286303"/>
 <node id="4558001172" visible="true" version="2" changeset="119358051" timestamp="2022-04-05T19:55:43Z" user="TuAmigoElEditor" uid="13950332" lat="-12.1236569" lon="-77.0286236"/>
 <node id="4558001173" visible="true" version="2" changeset="119358051" timestamp="2022-04-05T19:55:43Z" user="TuAmigoElEditor" uid="13950332" lat="-12.1236526" lon="-77.0286424"/>
 <node id="4558001174" visible="true" version="1" changeset="44462397" timestamp="2016-12-17T04:00:18Z" user="Diego Sanguinetti" uid="309382" lat="-12.1235024" lon="-77.0302811"/>
 <node id="4558001175" visible="true" version="1" changeset="44462397" timestamp="2016-12-17T04:00:18Z" user="Diego Sanguinetti" uid="309382" lat="-12.1235736" lon="-77.0302956"/>
 <node id="4558001176" visible="true" version="1" changeset="44462397" timestamp="2016-12-17T04:00:18Z" user="Diego Sanguinetti" uid="309382" lat="-12.1236074" lon="-77.0300718"/>
 <node id="4558001177" visible="true" version="1" changeset="44462397" timestamp="2016-12-17T04:00:18Z" user="Diego Sanguinetti" uid="309382" lat="-12.1235433" lon="-77.0300591"/>
 <node id="4558001180" visible="true" version="2" changeset="50728401" timestamp="2017-07-31T17:18:06Z" user="zwaygp" uid="5027347" lat="-12.1230309" lon="-77.0294959"/>
 <node id="4558001181" visible="true" version="2" changeset="50728401" timestamp="2017-07-31T17:18:06Z" user="zwaygp" uid="5027347" lat="-12.1229609" lon="-77.0294843"/>
 <node id="4558009861" visible="true" version="1" changeset="44462463" timestamp="2016-12-17T04:11:59Z" user="Diego Sanguinetti" uid="309382" lat="-12.1236335" lon="-77.0297234"/>
 <node id="4558009862" visible="true" version="1" changeset="44462463" timestamp="2016-12-17T04:11:59Z" user="Diego Sanguinetti" uid="309382" lat="-12.1237203" lon="-77.0297407"/>
 <node id="4558009863" visible="true" version="1" changeset="44462463" timestamp="2016-12-17T04:11:59Z" user="Diego Sanguinetti" uid="309382" lat="-12.1237348" lon="-77.0296519"/>
 <node id="4558009864" visible="true" version="1" changeset="44462463" timestamp="2016-12-17T04:11:59Z" user="Diego Sanguinetti" uid="309382" lat="-12.1236503" lon="-77.0296445"/>
 <node id="4558009865" visible="true" version="1" changeset="44462463" timestamp="2016-12-17T04:11:59Z" user="Diego Sanguinetti" uid="309382" lat="-12.1238661" lon="-77.0295116"/>
 <node id="4558009866" visible="true" version="1" changeset="44462463" timestamp="2016-12-17T04:11:59Z" user="Diego Sanguinetti" uid="309382" lat="-12.1238773" lon="-77.0294477"/>
 <node id="4558009867" visible="true" version="1" changeset="44462463" timestamp="2016-12-17T04:11:59Z" user="Diego Sanguinetti" uid="309382" lat="-12.1237026" lon="-77.0294159"/>
 <node id="4558009868" visible="true" version="1" changeset="44462463" timestamp="2016-12-17T04:11:59Z" user="Diego Sanguinetti" uid="309382" lat="-12.1236647" lon="-77.0296333"/>
 <node id="4558009869" visible="true" version="1" changeset="44462463" timestamp="2016-12-17T04:11:59Z" user="Diego Sanguinetti" uid="309382" lat="-12.1237531" lon="-77.0296494"/>
 <node id="4558009870" visible="true" version="1" changeset="44462463" timestamp="2016-12-17T04:11:59Z" user="Diego Sanguinetti" uid="309382" lat="-12.1237799" lon="-77.0294959"/>
 <node id="4558009871" visible="true" version="1" changeset="44462463" timestamp="2016-12-17T04:11:59Z" user="Diego Sanguinetti" uid="309382" lat="-12.1237547" lon="-77.0297464"/>
 <node id="4558009872" visible="true" version="1" changeset="44462463" timestamp="2016-12-17T04:11:59Z" user="Diego Sanguinetti" uid="309382" lat="-12.1237707" lon="-77.0296586"/>
 <node id="4558009873" visible="true" version="1" changeset="44462463" timestamp="2016-12-17T04:11:59Z" user="Diego Sanguinetti" uid="309382" lat="-12.1238565" lon="-77.0296750"/>
 <node id="4558009874" visible="true" version="1" changeset="44462463" timestamp="2016-12-17T04:11:59Z" user="Diego Sanguinetti" uid="309382" lat="-12.1238405" lon="-77.0297627"/>
 <node id="4558009875" visible="true" version="1" changeset="44462463" timestamp="2016-12-17T04:11:59Z" user="Diego Sanguinetti" uid="309382" lat="-12.1238808" lon="-77.0286344"/>
 <node id="4558009876" visible="true" version="1" changeset="44462463" timestamp="2016-12-17T04:11:59Z" user="Diego Sanguinetti" uid="309382" lat="-12.1240907" lon="-77.0286616"/>
 <node id="4558009877" visible="true" version="1" changeset="44462463" timestamp="2016-12-17T04:11:59Z" user="Diego Sanguinetti" uid="309382" lat="-12.1240979" lon="-77.0286122"/>
 <node id="4558009878" visible="true" version="1" changeset="44462463" timestamp="2016-12-17T04:11:59Z" user="Diego Sanguinetti" uid="309382" lat="-12.1239049" lon="-77.0285999"/>
 <node id="4558009879" visible="true" version="3" changeset="65301247" timestamp="2018-12-08T21:16:21Z" user="Diego Sanguinetti" uid="309382" lat="-12.1229180" lon="-77.0297307"/>
 <node id="4558009880" visible="true" version="3" changeset="65301247" timestamp="2018-12-08T21:16:21Z" user="Diego Sanguinetti" uid="309382" lat="-12.1229866" lon="-77.0297413"/>
 <node id="4558009881" visible="true" version="2" changeset="50728401" timestamp="2017-07-31T17:18:07Z" user="zwaygp" uid="5027347" lat="-12.1230057" lon="-77.0296371"/>
 <node id="4558009882" visible="true" version="2" changeset="50728401" timestamp="2017-07-31T17:18:07Z" user="zwaygp" uid="5027347" lat="-12.1229351" lon="-77.0296236"/>
 <node id="4558009883" visible="true" version="1" changeset="44462463" timestamp="2016-12-17T04:12:00Z" user="Diego Sanguinetti" uid="309382" lat="-12.1223045" lon="-77.0302371"/>
 <node id="4558009884" visible="true" version="1" changeset="44462463" timestamp="2016-12-17T04:12:00Z" user="Diego Sanguinetti" uid="309382" lat="-12.1224155" lon="-77.0302766"/>
 <node id="4558009885" visible="true" version="1" changeset="44462463" timestamp="2016-12-17T04:12:00Z" user="Diego Sanguinetti" uid="309382" lat="-12.1224951" lon="-77.0299532"/>
 <node id="4558009886" visible="true" version="1" changeset="44462463" timestamp="2016-12-17T04:12:00Z" user="Diego Sanguinetti" uid="309382" lat="-12.1223938" lon="-77.0299360"/>
 <node id="4558009887" visible="true" version="1" changeset="44462463" timestamp="2016-12-17T04:12:00Z" user="Diego Sanguinetti" uid="309382" lat="-12.1220273" lon="-77.0298489"/>
 <node id="4558009888" visible="true" version="1" changeset="44462463" timestamp="2016-12-17T04:12:00Z" user="Diego Sanguinetti" uid="309382" lat="-12.1220877" lon="-77.0297512"/>
 <node id="4558010589" visible="true" version="1" changeset="44462463" timestamp="2016-12-17T04:12:00Z" user="Diego Sanguinetti" uid="309382" lat="-12.1220440" lon="-77.0297274"/>
 <node id="4558010590" visible="true" version="1" changeset="44462463" timestamp="2016-12-17T04:12:00Z" user="Diego Sanguinetti" uid="309382" lat="-12.1219878" lon="-77.0298324"/>
 <node id="4558010591" visible="true" version="1" changeset="44462463" timestamp="2016-12-17T04:12:00Z" user="Diego Sanguinetti" uid="309382" lat="-12.1220775" lon="-77.0297843"/>
 <node id="4558010592" visible="true" version="1" changeset="44462463" timestamp="2016-12-17T04:12:00Z" user="Diego Sanguinetti" uid="309382" lat="-12.1221136" lon="-77.0298064"/>
 <node id="4558010593" visible="true" version="1" changeset="44462463" timestamp="2016-12-17T04:12:00Z" user="Diego Sanguinetti" uid="309382" lat="-12.1221309" lon="-77.0297639"/>
 <node id="4558010594" visible="true" version="1" changeset="44462463" timestamp="2016-12-17T04:12:00Z" user="Diego Sanguinetti" uid="309382" lat="-12.1221012" lon="-77.0297484"/>
 <node id="4558010595" visible="true" version="1" changeset="44462463" timestamp="2016-12-17T04:12:00Z" user="Diego Sanguinetti" uid="309382" lat="-12.1219929" lon="-77.0300818"/>
 <node id="4558010596" visible="true" version="1" changeset="44462463" timestamp="2016-12-17T04:12:00Z" user="Diego Sanguinetti" uid="309382" lat="-12.1220235" lon="-77.0300058"/>
 <node id="4558010597" visible="true" version="1" changeset="44462463" timestamp="2016-12-17T04:12:00Z" user="Diego Sanguinetti" uid="309382" lat="-12.1220040" lon="-77.0299864"/>
 <node id="4558010598" visible="true" version="1" changeset="44462463" timestamp="2016-12-17T04:12:00Z" user="Diego Sanguinetti" uid="309382" lat="-12.1220292" lon="-77.0299239"/>
 <node id="4558010599" visible="true" version="1" changeset="44462463" timestamp="2016-12-17T04:12:00Z" user="Diego Sanguinetti" uid="309382" lat="-12.1220577" lon="-77.0299359"/>
 <node id="4558010600" visible="true" version="1" changeset="44462463" timestamp="2016-12-17T04:12:00Z" user="Diego Sanguinetti" uid="309382" lat="-12.1220708" lon="-77.0299032"/>
 <node id="4558010601" visible="true" version="1" changeset="44462463" timestamp="2016-12-17T04:12:00Z" user="Diego Sanguinetti" uid="309382" lat="-12.1219765" lon="-77.0298636"/>
 <node id="4558010602" visible="true" version="1" changeset="44462463" timestamp="2016-12-17T04:12:00Z" user="Diego Sanguinetti" uid="309382" lat="-12.1219281" lon="-77.0299841"/>
 <node id="4558010603" visible="true" version="1" changeset="44462463" timestamp="2016-12-17T04:12:00Z" user="Diego Sanguinetti" uid="309382" lat="-12.1219755" lon="-77.0300041"/>
 <node id="4558010604" visible="true" version="1" changeset="44462463" timestamp="2016-12-17T04:12:00Z" user="Diego Sanguinetti" uid="309382" lat="-12.1219513" lon="-77.0300643"/>
 <node id="4558010616" visible="true" version="2" changeset="65359696" timestamp="2018-12-11T00:08:09Z" user="Diego Sanguinetti" uid="309382" lat="-12.1221642" lon="-77.0299311"/>
 <node id="4558010617" visible="true" version="2" changeset="65359696" timestamp="2018-12-11T00:08:09Z" user="Diego Sanguinetti" uid="309382" lat="-12.1222640" lon="-77.0299709"/>
 <node id="4558010618" visible="true" version="2" changeset="65359696" timestamp="2018-12-11T00:08:09Z" user="Diego Sanguinetti" uid="309382" lat="-12.1222930" lon="-77.0298947"/>
 <node id="4558010619" visible="true" version="2" changeset="65359696" timestamp="2018-12-11T00:08:09Z" user="Diego Sanguinetti" uid="309382" lat="-12.1221933" lon="-77.0298549"/>
 <node id="4565697342" visible="true" version="2" changeset="85958230" timestamp="2020-05-29T16:49:42Z" user="BikeRoad" uid="3189465" lat="-12.1218403" lon="-77.0293462"/>
 <node id="4619727089" visible="true" version="11" changeset="151277545" timestamp="2024-05-13T17:38:14Z" user="Rocelopa" uid="21179808" lat="-12.1231105" lon="-77.0291652">
  <tag k="bench" v="no"/>
  <tag k="bin" v="no"/>
  <tag k="bus" v="yes"/>
  <tag k="highway" v="bus_stop"/>
  <tag k="lit" v="no"/>
  <tag k="name" v="Schell"/>
  <tag k="network" v="SIT"/>
  <tag k="network:wikidata" v="Q64707076"/>
  <tag k="network:wikipedia" v="es:Sistema Integrado de Transporte de Lima y Callao"/>
  <tag k="public_transport" v="platform"/>
  <tag k="shelter" v="no"/>
  <tag k="toilets:wheelchair" v="no"/>
  <tag k="wheelchair" v="no"/>
 </node>
 <node id="4621599018" visible="true" version="4" changeset="93766993" timestamp="2020-11-09T04:39:40Z" user="ovruni" uid="81735" lat="-12.1222554" lon="-77.0293082">
  <tag k="amenity" v="motorcycle_parking"/>
  <tag k="capacity" v="10"/>
  <tag k="operator:type" v="public"/>
 </node>
 <node id="4685866428" visible="true" version="2" changeset="58177363" timestamp="2018-04-17T18:42:46Z" user="mweper" uid="1311281" lat="-12.1224772" lon="-77.0285683">
  <tag k="addr:city" v="Miraflores"/>
  <tag k="addr:housenumber" v="230"/>
  <tag k="addr:street" v="Avenida Ernesto Diez Canseco"/>
  <tag k="government" v="register_office"/>
  <tag k="name" v="RENIEC"/>
  <tag k="office" v="government"/>
  <tag k="opening_hours" v="Mo-Fr 08:30-17:00; Sa 08:00-12:30"/>
  <tag k="operator" v="Ministerio Público Fiscalía de la Nación"/>
  <tag k="phone" v="+51 1 3152700"/>
 </node>
 <node id="4685873747" visible="true" version="2" changeset="150219351" timestamp="2024-04-19T11:37:01Z" user="wille" uid="360183" lat="-12.1223107" lon="-77.0286192">
  <tag k="addr:city" v="Miraflores"/>
  <tag k="addr:street" v="Avenida Ernesto Diez Canseco"/>
  <tag k="amenity" v="bank"/>
  <tag k="brand" v="Banco de la Nación"/>
  <tag k="brand:wikidata" v="Q4856206"/>
  <tag k="name" v="Banco de la Nación"/>
  <tag k="operator" v="Banco de la Nación"/>
 </node>
 <node id="4732392249" visible="true" version="3" changeset="143454861" timestamp="2023-11-01T05:29:20Z" user="b-jazz-bot" uid="9451067" lat="-12.1231482" lon="-77.0289846">
  <tag k="addr:city" v="Lima"/>
  <tag k="addr:district" v="Miraflores"/>
  <tag k="addr:housenumber" v="212"/>
  <tag k="addr:street" v="Avenida Ernesto Diez Canseco"/>
  <tag k="email" v="reservations@larqa.com"/>
  <tag k="internet_access" v="wlan"/>
  <tag k="name" v="Larq'a Park Rooms"/>
  <tag k="phone" v="+51 14785524"/>
  <tag k="tourism" v="hotel"/>
  <tag k="website" v="https://www.larqa.com/"/>
 </node>
 <node id="4890540930" visible="true" version="5" changeset="151277184" timestamp="2024-05-13T17:35:38Z" user="Rocelopa" uid="21179808" lat="-12.1243688" lon="-77.0291837">
  <tag k="addr:city" v="Miraflores"/>
  <tag k="addr:housenumber" v="415"/>
  <tag k="addr:postcode" v="15074"/>
  <tag k="addr:street" v="Avenida Alfredo Benavides"/>
  <tag k="brand" v="Hotel Estelar"/>
  <tag k="check_date" v="2024-05-13"/>
  <tag k="name" v="Hotel Estelar Miraflores"/>
  <tag k="name:es" v="Hotel Estelar Miraflores"/>
  <tag k="operator" v="Hotel Estelar"/>
  <tag k="phone" v="+51 1 630 7777"/>
  <tag k="tourism" v="hotel"/>
  <tag k="website" v="https://www.hotelesestelar.com/es/hotel/hotel-estelar-miraflores"/>
 </node>
 <node id="4904977113" visible="true" version="3" changeset="65425272" timestamp="2018-12-12T23:00:14Z" user="Diego Sanguinetti" uid="309382" lat="-12.1237921" lon="-77.0294561">
  <tag k="addr:city" v="Miraflores"/>
  <tag k="addr:housenumber" v="656"/>
  <tag k="addr:postcode" v="15074"/>
  <tag k="addr:street" v="Avenida José Larco"/>
  <tag k="email" v="reservas@suiteslarco656.com"/>
  <tag k="internet_access" v="wlan"/>
  <tag k="name" v="Suites Larco 656"/>
  <tag k="operator" v="Suites Larco 656"/>
  <tag k="phone" v="+51 1 5191700"/>
  <tag k="tourism" v="hostel"/>
  <tag k="website" v="https://www.suiteslarco656.com"/>
 </node>
 <node id="4939442422" visible="true" version="3" changeset="178683645" timestamp="2026-02-17T14:48:08Z" user="wille" uid="360183" lat="-12.1234453" lon="-77.0283428">
  <tag k="addr:city" v="Lima"/>
  <tag k="addr:housenumber" v="261"/>
  <tag k="addr:neighbourhood" v="Miraflores"/>
  <tag k="addr:postcode" v="15074"/>
  <tag k="addr:state" v="Lima"/>
  <tag k="addr:street" v="Calle Tarata"/>
  <tag k="amenity" v="bureau_de_change"/>
  <tag k="check_date" v="2026-02-16"/>
  <tag k="name" v="Caja Trujillo"/>
  <tag k="name:es" v="Caja Trujillo"/>
  <tag k="wheelchair" v="yes"/>
 </node>
 <node id="4941329721" visible="true" version="4" changeset="150219351" timestamp="2024-04-19T11:37:01Z" user="wille" uid="360183" lat="-12.1231606" lon="-77.0284632">
  <tag k="addr:street" v="Calle A. Schell"/>
  <tag k="brand" v="Tambo+"/>
  <tag k="brand:wikidata" v="Q64516439"/>
  <tag k="name" v="Tambo+"/>
  <tag k="name:es" v="Tambo"/>
  <tag k="shop" v="convenience"/>
  <tag k="source" v="Kaart Ground Survey 2017"/>
 </node>
 <node id="5005476033" visible="true" version="2" changeset="50733877" timestamp="2017-07-31T21:28:09Z" user="zwaygp" uid="5027347" lat="-12.1227892" lon="-77.0295178">
  <tag k="addr:street" v="Calle A. Schell"/>
  <tag k="name" v="Paez"/>
  <tag k="shop" v="yes"/>
  <tag k="source" v="Kaart Ground Survey 2017"/>
 </node>
 <node id="5005476034" visible="true" version="2" changeset="50733877" timestamp="2017-07-31T21:28:10Z" user="zwaygp" uid="5027347" lat="-12.1227518" lon="-77.0297283">
  <tag k="addr:street" v="Calle A. Schell"/>
  <tag k="name" v="Evoy"/>
  <tag k="shop" v="yes"/>
  <tag k="source" v="Kaart Ground Survey 2017"/>
 </node>
 <node id="5005476035" visible="true" version="2" changeset="50733877" timestamp="2017-07-31T21:28:10Z" user="zwaygp" uid="5027347" lat="-12.1227378" lon="-77.0297653">
  <tag k="addr:street" v="Calle A. Schell"/>
  <tag k="name" v="La Quinta"/>
  <tag k="shop" v="tobacco"/>
  <tag k="source" v="Kaart Ground Survey 2017"/>
 </node>
 <node id="5005476036" visible="true" version="2" changeset="50733877" timestamp="2017-07-31T21:28:10Z" user="zwaygp" uid="5027347" lat="-12.1227202" lon="-77.0298347">
  <tag k="addr:street" v="Calle A. Schell"/>
  <tag k="name" v="Outlet La Vi-trin"/>
  <tag k="shop" v="yes"/>
  <tag k="source" v="Kaart Ground Survey 2017"/>
 </node>
 <node id="5005476037" visible="true" version="2" changeset="50733877" timestamp="2017-07-31T21:28:10Z" user="zwaygp" uid="5027347" lat="-12.1227004" lon="-77.0299830">
  <tag k="addr:street" v="Calle A. Schell"/>
  <tag k="name" v="Dermaestetic"/>
  <tag k="shop" v="beauty"/>
  <tag k="source" v="Kaart Ground Survey 2017"/>
 </node>
 <node id="5005476038" visible="true" version="2" changeset="50733877" timestamp="2017-07-31T21:28:10Z" user="zwaygp" uid="5027347" lat="-12.1226700" lon="-77.0301898">
  <tag k="addr:street" v="Calle A. Schell"/>
  <tag k="name" v="Vilma"/>
  <tag k="shop" v="yes"/>
  <tag k="source" v="Kaart Ground Survey 2017"/>
 </node>
 <node id="5005516411" visible="true" version="2" changeset="50733877" timestamp="2017-07-31T21:28:10Z" user="zwaygp" uid="5027347" lat="-12.1229718" lon="-77.0293907">
  <tag k="addr:street" v="Calle A. Schell"/>
  <tag k="name" v="Picasso Salon &amp; Spa"/>
  <tag k="shop" v="beauty"/>
  <tag k="source" v="Kaart Ground Survey 2017"/>
 </node>
 <node id="5005516412" visible="true" version="2" changeset="50733877" timestamp="2017-07-31T21:28:10Z" user="zwaygp" uid="5027347" lat="-12.1229638" lon="-77.0295630">
  <tag k="addr:street" v="Calle A. Schell"/>
  <tag k="name" v="La Casita del Cellular"/>
  <tag k="shop" v="mobile_phone"/>
  <tag k="source" v="Kaart Ground Survey 2017"/>
 </node>
 <node id="5005805750" visible="true" version="2" changeset="50733117" timestamp="2017-07-31T20:45:36Z" user="Te-Ika" uid="3742941" lat="-12.1222721" lon="-77.0289653">
  <tag k="addr:street" v="Avenida José Larco"/>
  <tag k="name" v="Inkafarma"/>
  <tag k="shop" v="convenience"/>
  <tag k="source" v="Reconocimiento cartográfico por KG 2017"/>
 </node>
 <node id="5005805755" visible="true" version="4" changeset="124940890" timestamp="2022-08-15T18:36:27Z" user="SteffenJH" uid="15206266" lat="-12.1224969" lon="-77.0292576">
  <tag k="addr:housenumber" v="538"/>
  <tag k="addr:street" v="Avenida José Larco"/>
  <tag k="amenity" v="restaurant"/>
  <tag k="cuisine" v="burger"/>
  <tag k="name" v="Carnibar"/>
  <tag k="source" v="Reconocimiento cartográfico por KG 2017"/>
  <tag k="wheelchair" v="yes"/>
 </node>
 <node id="5005805756" visible="true" version="3" changeset="124948538" timestamp="2022-08-15T23:52:57Z" user="ovruni" uid="81735" lat="-12.1225769" lon="-77.0292717">
  <tag k="addr:street" v="Avenida José Larco"/>
  <tag k="amenity" v="restaurant"/>
  <tag k="name" v="Opíparo"/>
  <tag k="source" v="Reconocimiento cartográfico por KG 2017"/>
 </node>
 <node id="5005805757" visible="true" version="3" changeset="178868522" timestamp="2026-02-21T17:01:40Z" user="wille" uid="360183" lat="-12.1228129" lon="-77.0292918">
  <tag k="addr:street" v="Avenida José Larco"/>
  <tag k="check_date" v="2026-02-21"/>
  <tag k="name" v="Crepier Stores"/>
  <tag k="shop" v="bag"/>
  <tag k="source" v="Reconocimiento cartográfico por KG 2017"/>
 </node>
 <node id="5005805758" visible="true" version="2" changeset="50733117" timestamp="2017-07-31T20:45:36Z" user="Te-Ika" uid="3742941" lat="-12.1231991" lon="-77.0282418">
  <tag k="addr:street" v="Calle A. Schell"/>
  <tag k="name" v="Montalvo"/>
  <tag k="shop" v="beauty"/>
  <tag k="source" v="Reconocimiento cartográfico por KG 2017"/>
 </node>
 <node id="5005805759" visible="true" version="7" changeset="152557433" timestamp="2024-06-11T18:51:30Z" user="wille" uid="360183" lat="-12.1231906" lon="-77.0282914">
  <tag k="addr:city" v="Miraflores"/>
  <tag k="addr:housenumber" v="354"/>
  <tag k="addr:street" v="Calle A. Schell"/>
  <tag k="amenity" v="restaurant"/>
  <tag k="check_date" v="2024-06-10"/>
  <tag k="contact:facebook" v="https://www.facebook.com/pages/category/Middle-Eastern-Restaurant/Restaurante-Arabe-Tierra-Santa-102881276420837/"/>
  <tag k="cuisine" v="arab"/>
  <tag k="diet:vegetarian" v="yes"/>
  <tag k="name" v="Tierra Santa"/>
  <tag k="opening_hours" v="Mo-Sa 09:00-23:30; Su 10:00-16:00"/>
  <tag k="phone" v="+511 2430970"/>
  <tag k="source" v="Reconocimiento terrestre cartográfico realizado por Kaart en 2017."/>
 </node>
 <node id="5032598149" visible="true" version="1" changeset="51085597" timestamp="2017-08-13T15:48:44Z" user="Diego Sanguinetti" uid="309382" lat="-12.1253281" lon="-77.0283951"/>
 <node id="5032598150" visible="true" version="1" changeset="51085597" timestamp="2017-08-13T15:48:44Z" user="Diego Sanguinetti" uid="309382" lat="-12.1255068" lon="-77.0284271"/>
 <node id="5032598151" visible="true" version="1" changeset="51085597" timestamp="2017-08-13T15:48:44Z" user="Diego Sanguinetti" uid="309382" lat="-12.1255126" lon="-77.0283934"/>
 <node id="5032598152" visible="true" version="1" changeset="51085597" timestamp="2017-08-13T15:48:44Z" user="Diego Sanguinetti" uid="309382" lat="-12.1253339" lon="-77.0283613"/>
 <node id="5032598153" visible="true" version="1" changeset="51085597" timestamp="2017-08-13T15:48:44Z" user="Diego Sanguinetti" uid="309382" lat="-12.1252668" lon="-77.0290499"/>
 <node id="5032598154" visible="true" version="1" changeset="51085597" timestamp="2017-08-13T15:48:44Z" user="Diego Sanguinetti" uid="309382" lat="-12.1254361" lon="-77.0290670"/>
 <node id="5032598155" visible="true" version="1" changeset="51085597" timestamp="2017-08-13T15:48:44Z" user="Diego Sanguinetti" uid="309382" lat="-12.1254729" lon="-77.0286853"/>
 <node id="5032598156" visible="true" version="1" changeset="51085597" timestamp="2017-08-13T15:48:44Z" user="Diego Sanguinetti" uid="309382" lat="-12.1253035" lon="-77.0286682"/>
 <node id="5035794965" visible="true" version="1" changeset="51125433" timestamp="2017-08-15T00:31:36Z" user="Ronos" uid="962932" lat="-12.1230458" lon="-77.0289466">
  <tag k="name" v="Telefonica"/>
  <tag k="office" v="company"/>
 </node>
 <node id="5035801470" visible="true" version="4" changeset="51125308" timestamp="2017-08-15T00:53:47Z" user="Ronos" uid="962932" lat="-12.1226793" lon="-77.0290201">
  <tag k="name" v="Vilma Parra"/>
  <tag k="shop" v="clothes"/>
  <tag k="toilets:wheelchair" v="no"/>
  <tag k="wheelchair" v="no"/>
  <tag k="wheelchair:description" v="Muchos escalones para ingresar a la galeria"/>
 </node>
 <node id="5035812706" visible="true" version="4" changeset="51125308" timestamp="2017-08-15T01:04:24Z" user="Ronos" uid="962932" lat="-12.1227567" lon="-77.0290268">
  <tag k="name" v="Centro Comercial Acuario"/>
  <tag k="shop" v="mall"/>
  <tag k="wheelchair" v="no"/>
 </node>
 <node id="5040044045" visible="true" version="5" changeset="107923143" timestamp="2021-07-13T16:26:25Z" user="Jens Kubieziel" uid="3111585" lat="-12.1244613" lon="-77.0288725">
  <tag k="amenity" v="pharmacy"/>
  <tag k="brand" v="Boticas y Salud"/>
  <tag k="brand:wikidata" v="Q62563126"/>
  <tag k="healthcare" v="pharmacy"/>
  <tag k="name" v="Boticas y Salud"/>
  <tag k="toilets:wheelchair" v="no"/>
  <tag k="wheelchair" v="yes"/>
 </node>
 <node id="5040046276" visible="true" version="4" changeset="51188194" timestamp="2017-08-16T22:24:10Z" user="Ronos" uid="962932" lat="-12.1244416" lon="-77.0290174">
  <tag k="amenity" v="pharmacy"/>
  <tag k="name" v="InkaFarma"/>
  <tag k="toilets:wheelchair" v="no"/>
  <tag k="wheelchair" v="yes"/>
 </node>
 <node id="5062094123" visible="true" version="4" changeset="99705879" timestamp="2021-02-22T02:12:45Z" user="Mxdanger" uid="7152372" lat="-12.1250334" lon="-77.0292724">
  <tag k="addr:city" v="Miraflores"/>
  <tag k="addr:housenumber" v="743"/>
  <tag k="addr:postcode" v="15074"/>
  <tag k="addr:street" v="Avenida José Larco"/>
  <tag k="amenity" v="college"/>
  <tag k="contact:twitter" v="Peruwayna_Lima"/>
  <tag k="name" v="Peruwayna Spanish School"/>
  <tag k="name:es" v="Peruwayna Spanish School"/>
  <tag k="phone" v="+511 6830030"/>
  <tag k="website" v="https://www.peruwayna.com/"/>
 </node>
 <node id="5074255222" visible="true" version="2" changeset="143454841" timestamp="2023-11-01T05:28:52Z" user="b-jazz-bot" uid="9451067" lat="-12.1227314" lon="-77.0297292">
  <tag k="addr:housenumber" v="276"/>
  <tag k="addr:street" v="Calle Schell"/>
  <tag k="email" v="kaffe@kaffe.com.pe"/>
  <tag k="name" v="Kaffe"/>
  <tag k="name:es" v="Kaffe"/>
  <tag k="phone" v="+51 1 4442277"/>
  <tag k="shop" v="electronics"/>
  <tag k="website" v="https://kaffe.com.pe/"/>
 </node>
 <node id="5254245731" visible="true" version="2" changeset="57164086" timestamp="2018-03-14T03:07:07Z" user="Diego Sanguinetti" uid="309382" lat="-12.1229393" lon="-77.0300508">
  <tag k="amenity" v="atm"/>
 </node>
 <node id="5476044877" visible="true" version="1" changeset="57151350" timestamp="2018-03-13T16:59:58Z" user="Diego Sanguinetti" uid="309382" lat="-12.1253610" lon="-77.0295080">
  <tag k="natural" v="tree"/>
 </node>
 <node id="5476044881" visible="true" version="1" changeset="57151350" timestamp="2018-03-13T16:59:58Z" user="Diego Sanguinetti" uid="309382" lat="-12.1253584" lon="-77.0293645">
  <tag k="natural" v="tree"/>
 </node>
 <node id="5476044882" visible="true" version="1" changeset="57151350" timestamp="2018-03-13T16:59:58Z" user="Diego Sanguinetti" uid="309382" lat="-12.1252732" lon="-77.0293564">
  <tag k="natural" v="tree"/>
 </node>
 <node id="5476044883" visible="true" version="1" changeset="57151350" timestamp="2018-03-13T16:59:59Z" user="Diego Sanguinetti" uid="309382" lat="-12.1251512" lon="-77.0293658">
  <tag k="natural" v="tree"/>
 </node>
 <node id="5476752324" visible="true" version="2" changeset="65301247" timestamp="2018-12-08T21:16:21Z" user="Diego Sanguinetti" uid="309382" lat="-12.1243863" lon="-77.0287323"/>
 <node id="5476752325" visible="true" version="2" changeset="65301247" timestamp="2018-12-08T21:16:21Z" user="Diego Sanguinetti" uid="309382" lat="-12.1244826" lon="-77.0287492"/>
 <node id="5476752326" visible="true" version="2" changeset="65301247" timestamp="2018-12-08T21:16:21Z" user="Diego Sanguinetti" uid="309382" lat="-12.1244944" lon="-77.0286788"/>
 <node id="5476752327" visible="true" version="2" changeset="65301247" timestamp="2018-12-08T21:16:21Z" user="Diego Sanguinetti" uid="309382" lat="-12.1243982" lon="-77.0286619"/>
 <node id="5476906759" visible="true" version="2" changeset="67176227" timestamp="2019-02-13T21:56:15Z" user="chachafish" uid="2237750" lat="-12.1217384" lon="-77.0307403"/>
 <node id="5476906762" visible="true" version="2" changeset="67176227" timestamp="2019-02-13T21:56:15Z" user="chachafish" uid="2237750" lat="-12.1222942" lon="-77.0302585"/>
 <node id="5494112341" visible="true" version="4" changeset="74764925" timestamp="2019-09-22T07:12:06Z" user="ovruni" uid="81735" lat="-12.1231082" lon="-77.0289569">
  <tag k="addr:city" v="Miraflores"/>
  <tag k="addr:country" v="PE"/>
  <tag k="addr:housenumber" v="310"/>
  <tag k="addr:street" v="Calle A. Schell"/>
  <tag k="name" v="Presidencia del Consejo de Ministros"/>
  <tag k="office" v="government"/>
  <tag k="phone" v="+51 1 2197000"/>
  <tag k="website" v="http://www.pcm.gob.pe/"/>
 </node>
 <node id="5494607239" visible="true" version="1" changeset="57397746" timestamp="2018-03-21T19:45:24Z" user="Diego Sanguinetti" uid="309382" lat="-12.1230638" lon="-77.0282909">
  <tag k="natural" v="tree"/>
 </node>
 <node id="5494607240" visible="true" version="2" changeset="65359963" timestamp="2018-12-11T00:30:29Z" user="Diego Sanguinetti" uid="309382" lat="-12.1230710" lon="-77.0282175">
  <tag k="natural" v="tree"/>
 </node>
 <node id="5494623610" visible="true" version="1" changeset="57397878" timestamp="2018-03-21T19:50:37Z" user="Diego Sanguinetti" uid="309382" lat="-12.1219433" lon="-77.0283318"/>
 <node id="5494623611" visible="true" version="1" changeset="57397878" timestamp="2018-03-21T19:50:37Z" user="Diego Sanguinetti" uid="309382" lat="-12.1220405" lon="-77.0283356"/>
 <node id="5494623612" visible="true" version="1" changeset="57397878" timestamp="2018-03-21T19:50:37Z" user="Diego Sanguinetti" uid="309382" lat="-12.1220474" lon="-77.0281480"/>
 <node id="5494623613" visible="true" version="1" changeset="57397878" timestamp="2018-03-21T19:50:37Z" user="Diego Sanguinetti" uid="309382" lat="-12.1219502" lon="-77.0281443"/>
 <node id="5594960332" visible="true" version="2" changeset="58765239" timestamp="2018-05-07T17:25:53Z" user="dannykath_peruimport" uid="7010188" lat="-12.1251685" lon="-77.0291954">
  <tag k="addr:district" v="Miraflores"/>
  <tag k="addr:full" v="Avenida Larco 1275-1279"/>
  <tag k="addr:province" v="Lima"/>
  <tag k="addr:subdistrict" v="Miraflores"/>
  <tag k="amenity" v="school"/>
  <tag k="ele" v="94"/>
  <tag k="isced:level" v="6"/>
  <tag k="name" v="Virgen De Guadalupe"/>
  <tag k="note" v="Ubicacion_web (local)"/>
  <tag k="ref" v="1250133"/>
  <tag k="source" v="minedu.gob.pe"/>
 </node>
 <node id="5660839959" visible="true" version="3" changeset="135081480" timestamp="2023-04-19T01:28:15Z" user="ovruni" uid="81735" lat="-12.1243604" lon="-77.0293680">
  <tag k="power" v="substation"/>
  <tag k="ref" v="SE 1910"/>
 </node>
 <node id="5693127721" visible="true" version="1" changeset="59876455" timestamp="2018-06-15T14:58:53Z" user="Christopher Hylland" uid="4018834" lat="-12.1228137" lon="-77.0298086">
  <tag k="amenity" v="bank"/>
  <tag k="name" v="MoneyGram"/>
 </node>
 <node id="5702895358" visible="true" version="3" changeset="135081480" timestamp="2023-04-19T01:28:15Z" user="ovruni" uid="81735" lat="-12.1221365" lon="-77.0284305">
  <tag k="power" v="substation"/>
  <tag k="ref" v="SE 5937"/>
 </node>
 <node id="5702895360" visible="true" version="3" changeset="135081480" timestamp="2023-04-19T01:28:15Z" user="ovruni" uid="81735" lat="-12.1230132" lon="-77.0287761">
  <tag k="power" v="substation"/>
  <tag k="ref" v="SE 8479"/>
 </node>
 <node id="5702897148" visible="true" version="3" changeset="135081480" timestamp="2023-04-19T01:28:15Z" user="ovruni" uid="81735" lat="-12.1229646" lon="-77.0290360">
  <tag k="power" v="substation"/>
  <tag k="ref" v="SE 7754"/>
 </node>
 <node id="5713340767" visible="true" version="3" changeset="135081480" timestamp="2023-04-19T01:28:15Z" user="ovruni" uid="81735" lat="-12.1239126" lon="-77.0293124">
  <tag k="power" v="substation"/>
  <tag k="ref" v="SE 380"/>
 </node>
 <node id="5713340768" visible="true" version="3" changeset="135081480" timestamp="2023-04-19T01:28:15Z" user="ovruni" uid="81735" lat="-12.1232862" lon="-77.0290858">
  <tag k="power" v="substation"/>
  <tag k="ref" v="SE 1812"/>
 </node>
 <node id="5713349925" visible="true" version="3" changeset="135081480" timestamp="2023-04-19T01:28:15Z" user="ovruni" uid="81735" lat="-12.1234891" lon="-77.0292951">
  <tag k="power" v="substation"/>
  <tag k="ref" v="SE 8364"/>
 </node>
 <node id="5754563925" visible="true" version="1" changeset="60624512" timestamp="2018-07-11T18:18:36Z" user="Joep van der Gulik" uid="6191009" lat="-12.1221722" lon="-77.0297558">
  <tag k="amenity" v="bar"/>
  <tag k="name:en" v="Tequila rock"/>
 </node>
 <node id="5967454224" visible="true" version="1" changeset="63324048" timestamp="2018-10-08T20:10:59Z" user="Diego Sanguinetti" uid="309382" lat="-12.1252789" lon="-77.0295134">
  <tag k="natural" v="tree"/>
 </node>
 <node id="5967454225" visible="true" version="1" changeset="63324048" timestamp="2018-10-08T20:10:59Z" user="Diego Sanguinetti" uid="309382" lat="-12.1251679" lon="-77.0295057">
  <tag k="natural" v="tree"/>
 </node>
 <node id="5967454226" visible="true" version="1" changeset="63324048" timestamp="2018-10-08T20:11:00Z" user="Diego Sanguinetti" uid="309382" lat="-12.1250533" lon="-77.0294827">
  <tag k="natural" v="tree"/>
 </node>
 <node id="5967482146" visible="true" version="1" changeset="63324525" timestamp="2018-10-08T20:30:45Z" user="Diego Sanguinetti" uid="309382" lat="-12.1222567" lon="-77.0269079">
  <tag k="direction" v="forward"/>
  <tag k="highway" v="stop"/>
 </node>
 <node id="5982096136" visible="true" version="2" changeset="143454963" timestamp="2023-11-01T05:32:41Z" user="b-jazz-bot" uid="9451067" lat="-12.1242243" lon="-77.0299510">
  <tag k="addr:city" v="Miraflores"/>
  <tag k="addr:housenumber" v="347"/>
  <tag k="addr:street" v="Avenida Alfredo Benavides"/>
  <tag k="beauty" v="spa"/>
  <tag k="name" v="Spa Mónica Cabrera"/>
  <tag k="opening_hours" v="Mo-Fr 12:00-21:00; Sa-Su 11:00-20:00"/>
  <tag k="phone" v="+511 2729247"/>
  <tag k="shop" v="beauty"/>
  <tag k="website" v="https://spamonicacabrera.com/"/>
 </node>
 <node id="5982110791" visible="true" version="2" changeset="64797926" timestamp="2018-11-23T01:56:24Z" user="ovruni" uid="81735" lat="-12.1229973" lon="-77.0282260">
  <tag k="addr:city" v="Miraflores"/>
  <tag k="addr:housenumber" v="294"/>
  <tag k="addr:street" v="Calle Tarata"/>
  <tag k="amenity" v="music_school"/>
  <tag k="name" v="Vocal Coaching Perú"/>
  <tag k="opening_hours" v="Mo-Fr 10:00 - 13:00, 14:00 - 18:30"/>
  <tag k="website" v="http://www.vocalcoachingperu.com/"/>
 </node>
 <node id="5982110793" visible="true" version="1" changeset="63496489" timestamp="2018-10-13T22:49:17Z" user="Diego Sanguinetti" uid="309382" lat="-12.1235461" lon="-77.0287285">
  <tag k="denotation" v="urban"/>
  <tag k="natural" v="tree"/>
 </node>
 <node id="5982110794" visible="true" version="2" changeset="119358051" timestamp="2022-04-05T19:55:43Z" user="TuAmigoElEditor" uid="13950332" lat="-12.1235427" lon="-77.0286430">
  <tag k="denotation" v="urban"/>
  <tag k="natural" v="tree"/>
 </node>
 <node id="5982110795" visible="true" version="2" changeset="119358051" timestamp="2022-04-05T19:55:43Z" user="TuAmigoElEditor" uid="13950332" lat="-12.1234484" lon="-77.0286990">
  <tag k="denotation" v="urban"/>
  <tag k="natural" v="tree"/>
 </node>
 <node id="5982110796" visible="true" version="2" changeset="119358051" timestamp="2022-04-05T19:55:43Z" user="TuAmigoElEditor" uid="13950332" lat="-12.1234623" lon="-77.0286128">
  <tag k="denotation" v="urban"/>
  <tag k="natural" v="tree"/>
 </node>
 <node id="5982110797" visible="true" version="1" changeset="63496489" timestamp="2018-10-13T22:49:17Z" user="Diego Sanguinetti" uid="309382" lat="-12.1234817" lon="-77.0285491">
  <tag k="denotation" v="urban"/>
  <tag k="natural" v="tree"/>
 </node>
 <node id="5982110798" visible="true" version="2" changeset="119358051" timestamp="2022-04-05T19:55:43Z" user="TuAmigoElEditor" uid="13950332" lat="-12.1234081" lon="-77.0288971">
  <tag k="denotation" v="urban"/>
  <tag k="natural" v="tree"/>
 </node>
 <node id="5982110799" visible="true" version="2" changeset="119358051" timestamp="2022-04-05T19:55:43Z" user="TuAmigoElEditor" uid="13950332" lat="-12.1234902" lon="-77.0288853">
  <tag k="denotation" v="urban"/>
  <tag k="natural" v="tree"/>
 </node>
 <node id="5982110800" visible="true" version="1" changeset="63496489" timestamp="2018-10-13T22:49:17Z" user="Diego Sanguinetti" uid="309382" lat="-12.1230598" lon="-77.0292759">
  <tag k="denotation" v="urban"/>
  <tag k="natural" v="tree"/>
 </node>
 <node id="5982110801" visible="true" version="1" changeset="63496489" timestamp="2018-10-13T22:49:17Z" user="Diego Sanguinetti" uid="309382" lat="-12.1232019" lon="-77.0292850">
  <tag k="denotation" v="urban"/>
  <tag k="natural" v="tree"/>
 </node>
 <node id="5982110802" visible="true" version="1" changeset="63496489" timestamp="2018-10-13T22:49:17Z" user="Diego Sanguinetti" uid="309382" lat="-12.1233196" lon="-77.0293054">
  <tag k="denotation" v="urban"/>
  <tag k="natural" v="tree"/>
 </node>
 <node id="5982110803" visible="true" version="1" changeset="63496489" timestamp="2018-10-13T22:49:17Z" user="Diego Sanguinetti" uid="309382" lat="-12.1234084" lon="-77.0293145">
  <tag k="denotation" v="urban"/>
  <tag k="natural" v="tree"/>
 </node>
 <node id="5982110804" visible="true" version="1" changeset="63496489" timestamp="2018-10-13T22:49:18Z" user="Diego Sanguinetti" uid="309382" lat="-12.1226201" lon="-77.0292123">
  <tag k="denotation" v="urban"/>
  <tag k="natural" v="tree"/>
 </node>
 <node id="5982110805" visible="true" version="1" changeset="63496489" timestamp="2018-10-13T22:49:18Z" user="Diego Sanguinetti" uid="309382" lat="-12.1227134" lon="-77.0292214">
  <tag k="denotation" v="urban"/>
  <tag k="natural" v="tree"/>
 </node>
 <node id="6042889989" visible="true" version="1" changeset="64248418" timestamp="2018-11-06T23:20:34Z" user="Diego Sanguinetti" uid="309382" lat="-12.1251919" lon="-77.0303274"/>
 <node id="6042889990" visible="true" version="1" changeset="64248418" timestamp="2018-11-06T23:20:34Z" user="Diego Sanguinetti" uid="309382" lat="-12.1252819" lon="-77.0303522"/>
 <node id="6042889991" visible="true" version="1" changeset="64248418" timestamp="2018-11-06T23:20:35Z" user="Diego Sanguinetti" uid="309382" lat="-12.1253257" lon="-77.0301858"/>
 <node id="6042889992" visible="true" version="1" changeset="64248418" timestamp="2018-11-06T23:20:35Z" user="Diego Sanguinetti" uid="309382" lat="-12.1252358" lon="-77.0301610"/>
 <node id="6042926760" visible="true" version="1" changeset="64248900" timestamp="2018-11-06T23:57:38Z" user="Diego Sanguinetti" uid="309382" lat="-12.1230466" lon="-77.0295669"/>
 <node id="6042926761" visible="true" version="1" changeset="64248900" timestamp="2018-11-06T23:57:38Z" user="Diego Sanguinetti" uid="309382" lat="-12.1231878" lon="-77.0295924"/>
 <node id="6042926762" visible="true" version="1" changeset="64248900" timestamp="2018-11-06T23:57:38Z" user="Diego Sanguinetti" uid="309382" lat="-12.1231962" lon="-77.0295437"/>
 <node id="6042926763" visible="true" version="1" changeset="64248900" timestamp="2018-11-06T23:57:38Z" user="Diego Sanguinetti" uid="309382" lat="-12.1230550" lon="-77.0295182"/>
 <node id="6042926764" visible="true" version="1" changeset="64248900" timestamp="2018-11-06T23:57:38Z" user="Diego Sanguinetti" uid="309382" lat="-12.1221740" lon="-77.0291606">
  <tag k="denotation" v="urban"/>
  <tag k="natural" v="tree"/>
 </node>
 <node id="6042926765" visible="true" version="1" changeset="64248900" timestamp="2018-11-06T23:57:39Z" user="Diego Sanguinetti" uid="309382" lat="-12.1220927" lon="-77.0291471">
  <tag k="denotation" v="urban"/>
  <tag k="natural" v="tree"/>
 </node>
 <node id="6114429485" visible="true" version="1" changeset="65144426" timestamp="2018-12-04T02:30:47Z" user="Benedikt Ullmann" uid="9165218" lat="-12.1231946" lon="-77.0290673">
  <tag k="amenity" v="atm"/>
  <tag k="operator" v="BCP"/>
 </node>
 <node id="6125569138" visible="true" version="1" changeset="65300928" timestamp="2018-12-08T21:01:50Z" user="Diego Sanguinetti" uid="309382" lat="-12.1246702" lon="-77.0299877"/>
 <node id="6125569139" visible="true" version="1" changeset="65300928" timestamp="2018-12-08T21:01:50Z" user="Diego Sanguinetti" uid="309382" lat="-12.1247980" lon="-77.0300046"/>
 <node id="6125569140" visible="true" version="1" changeset="65300928" timestamp="2018-12-08T21:01:50Z" user="Diego Sanguinetti" uid="309382" lat="-12.1247933" lon="-77.0300415"/>
 <node id="6125569141" visible="true" version="1" changeset="65300928" timestamp="2018-12-08T21:01:50Z" user="Diego Sanguinetti" uid="309382" lat="-12.1249281" lon="-77.0300593"/>
 <node id="6125569142" visible="true" version="1" changeset="65300928" timestamp="2018-12-08T21:01:50Z" user="Diego Sanguinetti" uid="309382" lat="-12.1249339" lon="-77.0300135"/>
 <node id="6125569143" visible="true" version="1" changeset="65300928" timestamp="2018-12-08T21:01:50Z" user="Diego Sanguinetti" uid="309382" lat="-12.1248339" lon="-77.0300003"/>
 <node id="6125569144" visible="true" version="1" changeset="65300928" timestamp="2018-12-08T21:01:50Z" user="Diego Sanguinetti" uid="309382" lat="-12.1248455" lon="-77.0299742"/>
 <node id="6125569145" visible="true" version="1" changeset="65300928" timestamp="2018-12-08T21:01:50Z" user="Diego Sanguinetti" uid="309382" lat="-12.1249596" lon="-77.0299893"/>
 <node id="6125569146" visible="true" version="1" changeset="65300928" timestamp="2018-12-08T21:01:50Z" user="Diego Sanguinetti" uid="309382" lat="-12.1249703" lon="-77.0299044"/>
 <node id="6125569147" visible="true" version="1" changeset="65300928" timestamp="2018-12-08T21:01:50Z" user="Diego Sanguinetti" uid="309382" lat="-12.1247995" lon="-77.0298818"/>
 <node id="6125569148" visible="true" version="1" changeset="65300928" timestamp="2018-12-08T21:01:50Z" user="Diego Sanguinetti" uid="309382" lat="-12.1247930" lon="-77.0299330"/>
 <node id="6125569149" visible="true" version="1" changeset="65300928" timestamp="2018-12-08T21:01:50Z" user="Diego Sanguinetti" uid="309382" lat="-12.1246790" lon="-77.0299179"/>
 <node id="6125587996" visible="true" version="1" changeset="65301247" timestamp="2018-12-08T21:16:18Z" user="Diego Sanguinetti" uid="309382" lat="-12.1241624" lon="-77.0289924"/>
 <node id="6125587997" visible="true" version="1" changeset="65301247" timestamp="2018-12-08T21:16:18Z" user="Diego Sanguinetti" uid="309382" lat="-12.1244252" lon="-77.0290384"/>
 <node id="6125587998" visible="true" version="1" changeset="65301247" timestamp="2018-12-08T21:16:18Z" user="Diego Sanguinetti" uid="309382" lat="-12.1244675" lon="-77.0290196"/>
 <node id="6125587999" visible="true" version="1" changeset="65301247" timestamp="2018-12-08T21:16:18Z" user="Diego Sanguinetti" uid="309382" lat="-12.1244731" lon="-77.0289793"/>
 <node id="6125588000" visible="true" version="1" changeset="65301247" timestamp="2018-12-08T21:16:18Z" user="Diego Sanguinetti" uid="309382" lat="-12.1244491" lon="-77.0289490"/>
 <node id="6125588001" visible="true" version="1" changeset="65301247" timestamp="2018-12-08T21:16:18Z" user="Diego Sanguinetti" uid="309382" lat="-12.1242363" lon="-77.0289118"/>
 <node id="6125588002" visible="true" version="1" changeset="65301247" timestamp="2018-12-08T21:16:18Z" user="Diego Sanguinetti" uid="309382" lat="-12.1242324" lon="-77.0289356"/>
 <node id="6125588003" visible="true" version="1" changeset="65301247" timestamp="2018-12-08T21:16:18Z" user="Diego Sanguinetti" uid="309382" lat="-12.1241736" lon="-77.0289254"/>
 <node id="6125588004" visible="true" version="1" changeset="65301247" timestamp="2018-12-08T21:16:18Z" user="Diego Sanguinetti" uid="309382" lat="-12.1242632" lon="-77.0288978"/>
 <node id="6125588005" visible="true" version="1" changeset="65301247" timestamp="2018-12-08T21:16:18Z" user="Diego Sanguinetti" uid="309382" lat="-12.1244640" lon="-77.0289294"/>
 <node id="6125588006" visible="true" version="1" changeset="65301247" timestamp="2018-12-08T21:16:18Z" user="Diego Sanguinetti" uid="309382" lat="-12.1244876" lon="-77.0287721"/>
 <node id="6125588007" visible="true" version="1" changeset="65301247" timestamp="2018-12-08T21:16:18Z" user="Diego Sanguinetti" uid="309382" lat="-12.1242869" lon="-77.0287406"/>
 <node id="6125588008" visible="true" version="1" changeset="65301247" timestamp="2018-12-08T21:16:18Z" user="Diego Sanguinetti" uid="309382" lat="-12.1235996" lon="-77.0293398">
  <tag k="denotation" v="urban"/>
  <tag k="natural" v="tree"/>
 </node>
 <node id="6125588009" visible="true" version="1" changeset="65301247" timestamp="2018-12-08T21:16:18Z" user="Diego Sanguinetti" uid="309382" lat="-12.1237150" lon="-77.0293586">
  <tag k="denotation" v="urban"/>
  <tag k="natural" v="tree"/>
 </node>
 <node id="6125588010" visible="true" version="1" changeset="65301247" timestamp="2018-12-08T21:16:18Z" user="Diego Sanguinetti" uid="309382" lat="-12.1238304" lon="-77.0293720">
  <tag k="denotation" v="urban"/>
  <tag k="natural" v="tree"/>
 </node>
 <node id="6125588011" visible="true" version="1" changeset="65301247" timestamp="2018-12-08T21:16:18Z" user="Diego Sanguinetti" uid="309382" lat="-12.1239195" lon="-77.0293934">
  <tag k="denotation" v="urban"/>
  <tag k="natural" v="tree"/>
 </node>
 <node id="6125588012" visible="true" version="1" changeset="65301247" timestamp="2018-12-08T21:16:18Z" user="Diego Sanguinetti" uid="309382" lat="-12.1240297" lon="-77.0294122">
  <tag k="denotation" v="urban"/>
  <tag k="natural" v="tree"/>
 </node>
 <node id="6125588013" visible="true" version="1" changeset="65301247" timestamp="2018-12-08T21:16:18Z" user="Diego Sanguinetti" uid="309382" lat="-12.1240743" lon="-77.0294149">
  <tag k="denotation" v="urban"/>
  <tag k="natural" v="tree"/>
 </node>
 <node id="6125588014" visible="true" version="1" changeset="65301247" timestamp="2018-12-08T21:16:18Z" user="Diego Sanguinetti" uid="309382" lat="-12.1242762" lon="-77.0294417">
  <tag k="denotation" v="urban"/>
  <tag k="natural" v="tree"/>
 </node>
 <node id="6127164532" visible="true" version="1" changeset="65326793" timestamp="2018-12-09T22:27:40Z" user="Diego Sanguinetti" uid="309382" lat="-12.1240587" lon="-77.0291321"/>
 <node id="6127164533" visible="true" version="1" changeset="65326793" timestamp="2018-12-09T22:27:40Z" user="Diego Sanguinetti" uid="309382" lat="-12.1241165" lon="-77.0291434"/>
 <node id="6127164534" visible="true" version="1" changeset="65326793" timestamp="2018-12-09T22:27:40Z" user="Diego Sanguinetti" uid="309382" lat="-12.1241408" lon="-77.0290137"/>
 <node id="6127164535" visible="true" version="1" changeset="65326793" timestamp="2018-12-09T22:27:40Z" user="Diego Sanguinetti" uid="309382" lat="-12.1240830" lon="-77.0290024"/>
 <node id="6127164536" visible="true" version="1" changeset="65326793" timestamp="2018-12-09T22:27:40Z" user="Diego Sanguinetti" uid="309382" lat="-12.1241823" lon="-77.0290658"/>
 <node id="6127164537" visible="true" version="1" changeset="65326793" timestamp="2018-12-09T22:27:40Z" user="Diego Sanguinetti" uid="309382" lat="-12.1242187" lon="-77.0290361"/>
 <node id="6127164538" visible="true" version="1" changeset="65326793" timestamp="2018-12-09T22:27:40Z" user="Diego Sanguinetti" uid="309382" lat="-12.1242024" lon="-77.0290257"/>
 <node id="6127164539" visible="true" version="1" changeset="65326793" timestamp="2018-12-09T22:27:40Z" user="Diego Sanguinetti" uid="309382" lat="-12.1241710" lon="-77.0290512"/>
 <node id="6127164540" visible="true" version="1" changeset="65326793" timestamp="2018-12-09T22:27:40Z" user="Diego Sanguinetti" uid="309382" lat="-12.1239993" lon="-77.0289361"/>
 <node id="6127164541" visible="true" version="1" changeset="65326793" timestamp="2018-12-09T22:27:40Z" user="Diego Sanguinetti" uid="309382" lat="-12.1241372" lon="-77.0289514"/>
 <node id="6127164542" visible="true" version="1" changeset="65326793" timestamp="2018-12-09T22:27:40Z" user="Diego Sanguinetti" uid="309382" lat="-12.1241417" lon="-77.0289096"/>
 <node id="6127164543" visible="true" version="1" changeset="65326793" timestamp="2018-12-09T22:27:40Z" user="Diego Sanguinetti" uid="309382" lat="-12.1240037" lon="-77.0288942"/>
 <node id="6127177125" visible="true" version="1" changeset="65327074" timestamp="2018-12-09T22:46:05Z" user="Diego Sanguinetti" uid="309382" lat="-12.1233775" lon="-77.0299898"/>
 <node id="6127177126" visible="true" version="1" changeset="65327074" timestamp="2018-12-09T22:46:05Z" user="Diego Sanguinetti" uid="309382" lat="-12.1234554" lon="-77.0300065"/>
 <node id="6127177127" visible="true" version="1" changeset="65327074" timestamp="2018-12-09T22:46:05Z" user="Diego Sanguinetti" uid="309382" lat="-12.1234635" lon="-77.0299670"/>
 <node id="6127177128" visible="true" version="1" changeset="65327074" timestamp="2018-12-09T22:46:05Z" user="Diego Sanguinetti" uid="309382" lat="-12.1234507" lon="-77.0299643"/>
 <node id="6127177129" visible="true" version="1" changeset="65327074" timestamp="2018-12-09T22:46:05Z" user="Diego Sanguinetti" uid="309382" lat="-12.1234648" lon="-77.0298949"/>
 <node id="6127177130" visible="true" version="1" changeset="65327074" timestamp="2018-12-09T22:46:05Z" user="Diego Sanguinetti" uid="309382" lat="-12.1233998" lon="-77.0298810"/>
 <node id="6127177131" visible="true" version="1" changeset="65327074" timestamp="2018-12-09T22:46:05Z" user="Diego Sanguinetti" uid="309382" lat="-12.1233950" lon="-77.0298516"/>
 <node id="6127177132" visible="true" version="1" changeset="65327074" timestamp="2018-12-09T22:46:05Z" user="Diego Sanguinetti" uid="309382" lat="-12.1234635" lon="-77.0298670"/>
 <node id="6127177133" visible="true" version="1" changeset="65327074" timestamp="2018-12-09T22:46:05Z" user="Diego Sanguinetti" uid="309382" lat="-12.1234915" lon="-77.0297365"/>
 <node id="6127177134" visible="true" version="1" changeset="65327074" timestamp="2018-12-09T22:46:05Z" user="Diego Sanguinetti" uid="309382" lat="-12.1234231" lon="-77.0297212"/>
 <node id="6127177135" visible="true" version="1" changeset="65327074" timestamp="2018-12-09T22:46:05Z" user="Diego Sanguinetti" uid="309382" lat="-12.1238071" lon="-77.0299734"/>
 <node id="6127177136" visible="true" version="1" changeset="65327074" timestamp="2018-12-09T22:46:05Z" user="Diego Sanguinetti" uid="309382" lat="-12.1238960" lon="-77.0299855"/>
 <node id="6127177137" visible="true" version="1" changeset="65327074" timestamp="2018-12-09T22:46:05Z" user="Diego Sanguinetti" uid="309382" lat="-12.1239007" lon="-77.0299493"/>
 <node id="6127177138" visible="true" version="1" changeset="65327074" timestamp="2018-12-09T22:46:05Z" user="Diego Sanguinetti" uid="309382" lat="-12.1238118" lon="-77.0299373"/>
 <node id="6127177139" visible="true" version="1" changeset="65327074" timestamp="2018-12-09T22:46:05Z" user="Diego Sanguinetti" uid="309382" lat="-12.1236720" lon="-77.0299546"/>
 <node id="6127177140" visible="true" version="1" changeset="65327074" timestamp="2018-12-09T22:46:05Z" user="Diego Sanguinetti" uid="309382" lat="-12.1237699" lon="-77.0299679"/>
 <node id="6127177141" visible="true" version="1" changeset="65327074" timestamp="2018-12-09T22:46:05Z" user="Diego Sanguinetti" uid="309382" lat="-12.1237744" lon="-77.0299328"/>
 <node id="6127177142" visible="true" version="1" changeset="65327074" timestamp="2018-12-09T22:46:05Z" user="Diego Sanguinetti" uid="309382" lat="-12.1236765" lon="-77.0299195"/>
 <node id="6127177143" visible="true" version="1" changeset="65327074" timestamp="2018-12-09T22:46:05Z" user="Diego Sanguinetti" uid="309382" lat="-12.1243251" lon="-77.0301077">
  <tag k="amenity" v="parking_entrance"/>
 </node>
 <node id="6127177144" visible="true" version="1" changeset="65327074" timestamp="2018-12-09T22:46:05Z" user="Diego Sanguinetti" uid="309382" lat="-12.1243801" lon="-77.0300465"/>
 <node id="6127177145" visible="true" version="1" changeset="65327074" timestamp="2018-12-09T22:46:05Z" user="Diego Sanguinetti" uid="309382" lat="-12.1235701" lon="-77.0299229"/>
 <node id="6127177146" visible="true" version="1" changeset="65327074" timestamp="2018-12-09T22:46:05Z" user="Diego Sanguinetti" uid="309382" lat="-12.1241549" lon="-77.0302018"/>
 <node id="6127177147" visible="true" version="1" changeset="65327074" timestamp="2018-12-09T22:46:05Z" user="Diego Sanguinetti" uid="309382" lat="-12.1242896" lon="-77.0302296"/>
 <node id="6127177148" visible="true" version="1" changeset="65327074" timestamp="2018-12-09T22:46:05Z" user="Diego Sanguinetti" uid="309382" lat="-12.1243012" lon="-77.0301708"/>
 <node id="6127177149" visible="true" version="1" changeset="65327074" timestamp="2018-12-09T22:46:05Z" user="Diego Sanguinetti" uid="309382" lat="-12.1241665" lon="-77.0301429"/>
 <node id="6127177150" visible="true" version="1" changeset="65327074" timestamp="2018-12-09T22:46:05Z" user="Diego Sanguinetti" uid="309382" lat="-12.1247855" lon="-77.0302886"/>
 <node id="6127177153" visible="true" version="1" changeset="65327074" timestamp="2018-12-09T22:46:05Z" user="Diego Sanguinetti" uid="309382" lat="-12.1245424" lon="-77.0298372"/>
 <node id="6127177154" visible="true" version="1" changeset="65327074" timestamp="2018-12-09T22:46:05Z" user="Diego Sanguinetti" uid="309382" lat="-12.1248740" lon="-77.0298765"/>
 <node id="6127177155" visible="true" version="1" changeset="65327074" timestamp="2018-12-09T22:46:05Z" user="Diego Sanguinetti" uid="309382" lat="-12.1248837" lon="-77.0297903"/>
 <node id="6127177156" visible="true" version="1" changeset="65327074" timestamp="2018-12-09T22:46:05Z" user="Diego Sanguinetti" uid="309382" lat="-12.1245522" lon="-77.0297509"/>
 <node id="6127177157" visible="true" version="1" changeset="65327074" timestamp="2018-12-09T22:46:05Z" user="Diego Sanguinetti" uid="309382" lat="-12.1248922" lon="-77.0302418"/>
 <node id="6127177158" visible="true" version="1" changeset="65327074" timestamp="2018-12-09T22:46:05Z" user="Diego Sanguinetti" uid="309382" lat="-12.1249455" lon="-77.0302418"/>
 <node id="6127177159" visible="true" version="1" changeset="65327074" timestamp="2018-12-09T22:46:05Z" user="Diego Sanguinetti" uid="309382" lat="-12.1249743" lon="-77.0301322"/>
 <node id="6127177160" visible="true" version="1" changeset="65327074" timestamp="2018-12-09T22:46:05Z" user="Diego Sanguinetti" uid="309382" lat="-12.1249246" lon="-77.0301185"/>
 <node id="6129501020" visible="true" version="1" changeset="65359535" timestamp="2018-12-10T23:54:37Z" user="Diego Sanguinetti" uid="309382" lat="-12.1226199" lon="-77.0303767"/>
 <node id="6129501021" visible="true" version="2" changeset="85908085" timestamp="2020-05-28T20:39:11Z" user="BikeRoad" uid="3189465" lat="-12.1220320" lon="-77.0301349"/>
 <node id="6129501022" visible="true" version="2" changeset="67176227" timestamp="2019-02-13T21:56:15Z" user="chachafish" uid="2237750" lat="-12.1215777" lon="-77.0299509"/>
 <node id="6129501026" visible="true" version="1" changeset="65359535" timestamp="2018-12-10T23:54:37Z" user="Diego Sanguinetti" uid="309382" lat="-12.1219375" lon="-77.0297354"/>
 <node id="6129501027" visible="true" version="1" changeset="65359535" timestamp="2018-12-10T23:54:37Z" user="Diego Sanguinetti" uid="309382" lat="-12.1219596" lon="-77.0297468"/>
 <node id="6129501028" visible="true" version="1" changeset="65359535" timestamp="2018-12-10T23:54:37Z" user="Diego Sanguinetti" uid="309382" lat="-12.1219423" lon="-77.0297819"/>
 <node id="6129501029" visible="true" version="1" changeset="65359535" timestamp="2018-12-10T23:54:37Z" user="Diego Sanguinetti" uid="309382" lat="-12.1219774" lon="-77.0298000"/>
 <node id="6129501030" visible="true" version="1" changeset="65359535" timestamp="2018-12-10T23:54:37Z" user="Diego Sanguinetti" uid="309382" lat="-12.1219899" lon="-77.0297747"/>
 <node id="6129501031" visible="true" version="1" changeset="65359535" timestamp="2018-12-10T23:54:37Z" user="Diego Sanguinetti" uid="309382" lat="-12.1220036" lon="-77.0297747"/>
 <node id="6129501032" visible="true" version="1" changeset="65359535" timestamp="2018-12-10T23:54:37Z" user="Diego Sanguinetti" uid="309382" lat="-12.1220334" lon="-77.0297142"/>
 <node id="6129501033" visible="true" version="1" changeset="65359535" timestamp="2018-12-10T23:54:37Z" user="Diego Sanguinetti" uid="309382" lat="-12.1219653" lon="-77.0296790"/>
 <node id="6129502569" visible="true" version="1" changeset="65359696" timestamp="2018-12-11T00:08:09Z" user="Diego Sanguinetti" uid="309382" lat="-12.1222565" lon="-77.0296735"/>
 <node id="6129502570" visible="true" version="1" changeset="65359696" timestamp="2018-12-11T00:08:09Z" user="Diego Sanguinetti" uid="309382" lat="-12.1223099" lon="-77.0296934"/>
 <node id="6129502571" visible="true" version="1" changeset="65359696" timestamp="2018-12-11T00:08:09Z" user="Diego Sanguinetti" uid="309382" lat="-12.1223459" lon="-77.0295925"/>
 <node id="6129502572" visible="true" version="1" changeset="65359696" timestamp="2018-12-11T00:08:09Z" user="Diego Sanguinetti" uid="309382" lat="-12.1222925" lon="-77.0295726"/>
 <node id="6129502573" visible="true" version="1" changeset="65359696" timestamp="2018-12-11T00:08:09Z" user="Diego Sanguinetti" uid="309382" lat="-12.1224010" lon="-77.0303134"/>
 <node id="6129502574" visible="true" version="1" changeset="65359696" timestamp="2018-12-11T00:08:09Z" user="Diego Sanguinetti" uid="309382" lat="-12.1223486" lon="-77.0302838"/>
 <node id="6129502575" visible="true" version="1" changeset="65359696" timestamp="2018-12-11T00:08:09Z" user="Diego Sanguinetti" uid="309382" lat="-12.1223726" lon="-77.0302997"/>
 <node id="6129502576" visible="true" version="1" changeset="65359696" timestamp="2018-12-11T00:08:09Z" user="Diego Sanguinetti" uid="309382" lat="-12.1224225" lon="-77.0300208">
  <tag k="noexit" v="yes"/>
 </node>
 <node id="6129502577" visible="true" version="3" changeset="67176227" timestamp="2019-02-13T21:56:15Z" user="chachafish" uid="2237750" lat="-12.1221590" lon="-77.0297376"/>
 <node id="6129502578" visible="true" version="1" changeset="65359696" timestamp="2018-12-11T00:08:09Z" user="Diego Sanguinetti" uid="309382" lat="-12.1221019" lon="-77.0297035"/>
 <node id="6129502579" visible="true" version="1" changeset="65359696" timestamp="2018-12-11T00:08:09Z" user="Diego Sanguinetti" uid="309382" lat="-12.1221942" lon="-77.0294552"/>
 <node id="6129502580" visible="true" version="3" changeset="67176227" timestamp="2019-02-13T21:56:15Z" user="chachafish" uid="2237750" lat="-12.1222562" lon="-77.0294336"/>
 <node id="6129513770" visible="true" version="1" changeset="65359832" timestamp="2018-12-11T00:19:35Z" user="Diego Sanguinetti" uid="309382" lat="-12.1214111" lon="-77.0290876"/>
 <node id="6129513772" visible="true" version="1" changeset="65359832" timestamp="2018-12-11T00:19:35Z" user="Diego Sanguinetti" uid="309382" lat="-12.1213407" lon="-77.0298429"/>
 <node id="6129513774" visible="true" version="1" changeset="65359832" timestamp="2018-12-11T00:19:35Z" user="Diego Sanguinetti" uid="309382" lat="-12.1214115" lon="-77.0297058"/>
 <node id="6129513775" visible="true" version="1" changeset="65359832" timestamp="2018-12-11T00:19:35Z" user="Diego Sanguinetti" uid="309382" lat="-12.1216700" lon="-77.0298407"/>
 <node id="6129513776" visible="true" version="1" changeset="65359832" timestamp="2018-12-11T00:19:35Z" user="Diego Sanguinetti" uid="309382" lat="-12.1216461" lon="-77.0298799"/>
 <node id="6129513777" visible="true" version="1" changeset="65359832" timestamp="2018-12-11T00:19:35Z" user="Diego Sanguinetti" uid="309382" lat="-12.1217546" lon="-77.0299876"/>
 <node id="6129513778" visible="true" version="1" changeset="65359832" timestamp="2018-12-11T00:19:35Z" user="Diego Sanguinetti" uid="309382" lat="-12.1220704" lon="-77.0301344"/>
 <node id="6129513779" visible="true" version="1" changeset="65359832" timestamp="2018-12-11T00:19:35Z" user="Diego Sanguinetti" uid="309382" lat="-12.1223033" lon="-77.0302483"/>
 <node id="6129513780" visible="true" version="1" changeset="65359832" timestamp="2018-12-11T00:19:35Z" user="Diego Sanguinetti" uid="309382" lat="-12.1224275" lon="-77.0303118"/>
 <node id="6129513781" visible="true" version="2" changeset="65359963" timestamp="2018-12-11T00:30:29Z" user="Diego Sanguinetti" uid="309382" lat="-12.1226476" lon="-77.0303592"/>
 <node id="6129513782" visible="true" version="2" changeset="65359963" timestamp="2018-12-11T00:30:29Z" user="Diego Sanguinetti" uid="309382" lat="-12.1226293" lon="-77.0303969"/>
 <node id="6129513783" visible="true" version="1" changeset="65359832" timestamp="2018-12-11T00:19:35Z" user="Diego Sanguinetti" uid="309382" lat="-12.1223994" lon="-77.0303366"/>
 <node id="6129513784" visible="true" version="1" changeset="65359832" timestamp="2018-12-11T00:19:35Z" user="Diego Sanguinetti" uid="309382" lat="-12.1223877" lon="-77.0303912"/>
 <node id="6129516085" visible="true" version="1" changeset="65359832" timestamp="2018-12-11T00:19:35Z" user="Diego Sanguinetti" uid="309382" lat="-12.1224207" lon="-77.0304180"/>
 <node id="6129516086" visible="true" version="1" changeset="65359832" timestamp="2018-12-11T00:19:35Z" user="Diego Sanguinetti" uid="309382" lat="-12.1226080" lon="-77.0304408"/>
 <node id="6129516087" visible="true" version="1" changeset="65359832" timestamp="2018-12-11T00:19:35Z" user="Diego Sanguinetti" uid="309382" lat="-12.1226002" lon="-77.0305043"/>
 <node id="6129516088" visible="true" version="1" changeset="65359832" timestamp="2018-12-11T00:19:35Z" user="Diego Sanguinetti" uid="309382" lat="-12.1225478" lon="-77.0304815"/>
 <node id="6129516089" visible="true" version="1" changeset="65359832" timestamp="2018-12-11T00:19:35Z" user="Diego Sanguinetti" uid="309382" lat="-12.1225226" lon="-77.0304845"/>
 <node id="6129516090" visible="true" version="1" changeset="65359832" timestamp="2018-12-11T00:19:35Z" user="Diego Sanguinetti" uid="309382" lat="-12.1225022" lon="-77.0305063"/>
 <node id="6129516091" visible="true" version="1" changeset="65359832" timestamp="2018-12-11T00:19:35Z" user="Diego Sanguinetti" uid="309382" lat="-12.1214049" lon="-77.0290138"/>
 <node id="6129516092" visible="true" version="1" changeset="65359832" timestamp="2018-12-11T00:19:35Z" user="Diego Sanguinetti" uid="309382" lat="-12.1217114" lon="-77.0290834"/>
 <node id="6129516093" visible="true" version="1" changeset="65359832" timestamp="2018-12-11T00:19:35Z" user="Diego Sanguinetti" uid="309382" lat="-12.1222824" lon="-77.0291324"/>
 <node id="6129516094" visible="true" version="1" changeset="65359832" timestamp="2018-12-11T00:19:35Z" user="Diego Sanguinetti" uid="309382" lat="-12.1222986" lon="-77.0290319"/>
 <node id="6129516095" visible="true" version="1" changeset="65359832" timestamp="2018-12-11T00:19:35Z" user="Diego Sanguinetti" uid="309382" lat="-12.1212834" lon="-77.0289682"/>
 <node id="6129516096" visible="true" version="1" changeset="65359832" timestamp="2018-12-11T00:19:35Z" user="Diego Sanguinetti" uid="309382" lat="-12.1198836" lon="-77.0289110"/>
 <node id="6129516097" visible="true" version="1" changeset="65359832" timestamp="2018-12-11T00:19:35Z" user="Diego Sanguinetti" uid="309382" lat="-12.1198836" lon="-77.0290230"/>
 <node id="6129516098" visible="true" version="1" changeset="65359832" timestamp="2018-12-11T00:19:35Z" user="Diego Sanguinetti" uid="309382" lat="-12.1211564" lon="-77.0290637"/>
 <node id="6129516101" visible="true" version="1" changeset="65359832" timestamp="2018-12-11T00:19:36Z" user="Diego Sanguinetti" uid="309382" lat="-12.1208911" lon="-77.0289953"/>
 <node id="6129516117" visible="true" version="2" changeset="124911633" timestamp="2022-08-15T05:55:02Z" user="ovruni" uid="81735" lat="-12.1208210" lon="-77.0290566"/>
 <node id="6129518261" visible="true" version="1" changeset="65359860" timestamp="2018-12-11T00:21:38Z" user="Diego Sanguinetti" uid="309382" lat="-12.1224103" lon="-77.0312530"/>
 <node id="6129518262" visible="true" version="1" changeset="65359860" timestamp="2018-12-11T00:21:38Z" user="Diego Sanguinetti" uid="309382" lat="-12.1224297" lon="-77.0311765"/>
 <node id="6129518267" visible="true" version="1" changeset="65359860" timestamp="2018-12-11T00:21:38Z" user="Diego Sanguinetti" uid="309382" lat="-12.1225985" lon="-77.0305542"/>
 <node id="6129525705" visible="true" version="1" changeset="65359963" timestamp="2018-12-11T00:30:28Z" user="Diego Sanguinetti" uid="309382" lat="-12.1219973" lon="-77.0301004"/>
 <node id="6129525706" visible="true" version="1" changeset="65359963" timestamp="2018-12-11T00:30:28Z" user="Diego Sanguinetti" uid="309382" lat="-12.1221868" lon="-77.0297584"/>
 <node id="6129525707" visible="true" version="1" changeset="65359963" timestamp="2018-12-11T00:30:28Z" user="Diego Sanguinetti" uid="309382" lat="-12.1221305" lon="-77.0297326"/>
 <node id="6129525708" visible="true" version="1" changeset="65359963" timestamp="2018-12-11T00:30:28Z" user="Diego Sanguinetti" uid="309382" lat="-12.1223867" lon="-77.0291539"/>
 <node id="6129525709" visible="true" version="1" changeset="65359963" timestamp="2018-12-11T00:30:28Z" user="Diego Sanguinetti" uid="309382" lat="-12.1222981" lon="-77.0291860"/>
 <node id="6129525710" visible="true" version="1" changeset="65359963" timestamp="2018-12-11T00:30:28Z" user="Diego Sanguinetti" uid="309382" lat="-12.1221228" lon="-77.0297538"/>
 <node id="6129525711" visible="true" version="1" changeset="65359963" timestamp="2018-12-11T00:30:28Z" user="Diego Sanguinetti" uid="309382" lat="-12.1215601" lon="-77.0294182"/>
 <node id="6129525712" visible="true" version="1" changeset="65359963" timestamp="2018-12-11T00:30:28Z" user="Diego Sanguinetti" uid="309382" lat="-12.1215457" lon="-77.0294462"/>
 <node id="6129525713" visible="true" version="2" changeset="65360168" timestamp="2018-12-11T00:52:07Z" user="Diego Sanguinetti" uid="309382" lat="-12.1230269" lon="-77.0292325"/>
 <node id="6129525714" visible="true" version="2" changeset="65360168" timestamp="2018-12-11T00:52:07Z" user="Diego Sanguinetti" uid="309382" lat="-12.1230395" lon="-77.0291380"/>
 <node id="6129525715" visible="true" version="1" changeset="65359963" timestamp="2018-12-11T00:30:28Z" user="Diego Sanguinetti" uid="309382" lat="-12.1223404" lon="-77.0290377"/>
 <node id="6129525716" visible="true" version="1" changeset="65359963" timestamp="2018-12-11T00:30:28Z" user="Diego Sanguinetti" uid="309382" lat="-12.1224200" lon="-77.0290487"/>
 <node id="6129525717" visible="true" version="1" changeset="65359963" timestamp="2018-12-11T00:30:28Z" user="Diego Sanguinetti" uid="309382" lat="-12.1223977" lon="-77.0278263"/>
 <node id="6129525718" visible="true" version="1" changeset="65359963" timestamp="2018-12-11T00:30:28Z" user="Diego Sanguinetti" uid="309382" lat="-12.1223243" lon="-77.0278279"/>
 <node id="6129525719" visible="true" version="1" changeset="65359963" timestamp="2018-12-11T00:30:28Z" user="Diego Sanguinetti" uid="309382" lat="-12.1223329" lon="-77.0284739"/>
 <node id="6129525720" visible="true" version="1" changeset="65359963" timestamp="2018-12-11T00:30:28Z" user="Diego Sanguinetti" uid="309382" lat="-12.1223321" lon="-77.0284136"/>
 <node id="6129525721" visible="true" version="1" changeset="65359963" timestamp="2018-12-11T00:30:28Z" user="Diego Sanguinetti" uid="309382" lat="-12.1214581" lon="-77.0283468"/>
 <node id="6129525722" visible="true" version="1" changeset="65359963" timestamp="2018-12-11T00:30:28Z" user="Diego Sanguinetti" uid="309382" lat="-12.1214501" lon="-77.0284071"/>
 <node id="6129525723" visible="true" version="1" changeset="65359963" timestamp="2018-12-11T00:30:28Z" user="Diego Sanguinetti" uid="309382" lat="-12.1228825" lon="-77.0292306"/>
 <node id="6129525724" visible="true" version="1" changeset="65359963" timestamp="2018-12-11T00:30:28Z" user="Diego Sanguinetti" uid="309382" lat="-12.1229540" lon="-77.0292416"/>
 <node id="6129525725" visible="true" version="1" changeset="65359963" timestamp="2018-12-11T00:30:28Z" user="Diego Sanguinetti" uid="309382" lat="-12.1224969" lon="-77.0310498"/>
 <node id="6129525726" visible="true" version="1" changeset="65359963" timestamp="2018-12-11T00:30:28Z" user="Diego Sanguinetti" uid="309382" lat="-12.1226612" lon="-77.0303311"/>
 <node id="6129525727" visible="true" version="1" changeset="65359963" timestamp="2018-12-11T00:30:28Z" user="Diego Sanguinetti" uid="309382" lat="-12.1225023" lon="-77.0313011"/>
 <node id="6129525730" visible="true" version="2" changeset="65360168" timestamp="2018-12-11T00:52:07Z" user="Diego Sanguinetti" uid="309382" lat="-12.1231108" lon="-77.0278707"/>
 <node id="6129525731" visible="true" version="2" changeset="65360168" timestamp="2018-12-11T00:52:07Z" user="Diego Sanguinetti" uid="309382" lat="-12.1231953" lon="-77.0278841"/>
 <node id="6129525732" visible="true" version="2" changeset="65360168" timestamp="2018-12-11T00:52:07Z" user="Diego Sanguinetti" uid="309382" lat="-12.1230061" lon="-77.0291306"/>
 <node id="6129525733" visible="true" version="2" changeset="65360168" timestamp="2018-12-11T00:52:07Z" user="Diego Sanguinetti" uid="309382" lat="-12.1229217" lon="-77.0291173"/>
 <node id="6129529991" visible="true" version="1" changeset="65360024" timestamp="2018-12-11T00:38:31Z" user="Diego Sanguinetti" uid="309382" lat="-12.1231404" lon="-77.0280287"/>
 <node id="6129529992" visible="true" version="2" changeset="166561598" timestamp="2025-05-21T10:25:58Z" user="PunjnadCanal" uid="22557322" lat="-12.1228871" lon="-77.0280115"/>
 <node id="6129529999" visible="true" version="1" changeset="65360024" timestamp="2018-12-11T00:38:31Z" user="Diego Sanguinetti" uid="309382" lat="-12.1229584" lon="-77.0281352"/>
 <node id="6129530000" visible="true" version="1" changeset="65360024" timestamp="2018-12-11T00:38:31Z" user="Diego Sanguinetti" uid="309382" lat="-12.1229193" lon="-77.0283785"/>
 <node id="6129530001" visible="true" version="1" changeset="65360024" timestamp="2018-12-11T00:38:31Z" user="Diego Sanguinetti" uid="309382" lat="-12.1229743" lon="-77.0280369"/>
 <node id="6129530002" visible="true" version="1" changeset="65360024" timestamp="2018-12-11T00:38:31Z" user="Diego Sanguinetti" uid="309382" lat="-12.1228739" lon="-77.0283685"/>
 <node id="6129530003" visible="true" version="1" changeset="65360024" timestamp="2018-12-11T00:38:31Z" user="Diego Sanguinetti" uid="309382" lat="-12.1229846" lon="-77.0283822"/>
 <node id="6129530004" visible="true" version="1" changeset="65360024" timestamp="2018-12-11T00:38:31Z" user="Diego Sanguinetti" uid="309382" lat="-12.1230252" lon="-77.0280407"/>
 <node id="6129530005" visible="true" version="1" changeset="65360024" timestamp="2018-12-11T00:38:31Z" user="Diego Sanguinetti" uid="309382" lat="-12.1229483" lon="-77.0280312"/>
 <node id="6129530006" visible="true" version="1" changeset="65360024" timestamp="2018-12-11T00:38:31Z" user="Diego Sanguinetti" uid="309382" lat="-12.1229238" lon="-77.0282376"/>
 <node id="6129530007" visible="true" version="1" changeset="65360024" timestamp="2018-12-11T00:38:31Z" user="Diego Sanguinetti" uid="309382" lat="-12.1228900" lon="-77.0282334"/>
 <node id="6129534662" visible="true" version="2" changeset="119358051" timestamp="2022-04-05T19:55:43Z" user="TuAmigoElEditor" uid="13950332" lat="-12.1235983" lon="-77.0284381"/>
 <node id="6129534663" visible="true" version="2" changeset="119358051" timestamp="2022-04-05T19:55:43Z" user="TuAmigoElEditor" uid="13950332" lat="-12.1236194" lon="-77.0284635"/>
 <node id="6129534664" visible="true" version="2" changeset="119358051" timestamp="2022-04-05T19:55:43Z" user="TuAmigoElEditor" uid="13950332" lat="-12.1237116" lon="-77.0284779"/>
 <node id="6129534665" visible="true" version="2" changeset="119358051" timestamp="2022-04-05T19:55:43Z" user="TuAmigoElEditor" uid="13950332" lat="-12.1237242" lon="-77.0283935"/>
 <node id="6129534666" visible="true" version="2" changeset="119358051" timestamp="2022-04-05T19:55:43Z" user="TuAmigoElEditor" uid="13950332" lat="-12.1236973" lon="-77.0283893"/>
 <node id="6129534667" visible="true" version="2" changeset="119358051" timestamp="2022-04-05T19:55:43Z" user="TuAmigoElEditor" uid="13950332" lat="-12.1237011" lon="-77.0283638"/>
 <node id="6129534668" visible="true" version="2" changeset="119358051" timestamp="2022-04-05T19:55:43Z" user="TuAmigoElEditor" uid="13950332" lat="-12.1236114" lon="-77.0283498"/>
 <node id="6129541015" visible="true" version="3" changeset="119358051" timestamp="2022-04-05T19:55:43Z" user="TuAmigoElEditor" uid="13950332" lat="-12.1233184" lon="-77.0291713"/>
 <node id="6129541016" visible="true" version="3" changeset="119358051" timestamp="2022-04-05T19:55:43Z" user="TuAmigoElEditor" uid="13950332" lat="-12.1234773" lon="-77.0291976"/>
 <node id="6129541019" visible="true" version="1" changeset="65360168" timestamp="2018-12-11T00:52:06Z" user="Diego Sanguinetti" uid="309382" lat="-12.1244262" lon="-77.0293328"/>
 <node id="6129541020" visible="true" version="1" changeset="65360168" timestamp="2018-12-11T00:52:06Z" user="Diego Sanguinetti" uid="309382" lat="-12.1244135" lon="-77.0294272"/>
 <node id="6129541021" visible="true" version="1" changeset="65360168" timestamp="2018-12-11T00:52:06Z" user="Diego Sanguinetti" uid="309382" lat="-12.1234485" lon="-77.0292912"/>
 <node id="6129541022" visible="true" version="1" changeset="65360168" timestamp="2018-12-11T00:52:06Z" user="Diego Sanguinetti" uid="309382" lat="-12.1235263" lon="-77.0293024"/>
 <node id="6129541023" visible="true" version="1" changeset="65360168" timestamp="2018-12-11T00:52:06Z" user="Diego Sanguinetti" uid="309382" lat="-12.1234687" lon="-77.0297152"/>
 <node id="6129541024" visible="true" version="1" changeset="65360168" timestamp="2018-12-11T00:52:06Z" user="Diego Sanguinetti" uid="309382" lat="-12.1233909" lon="-77.0297038"/>
 <node id="6129541025" visible="true" version="2" changeset="85635477" timestamp="2020-05-23T01:50:17Z" user="BikeRoad" uid="3189465" lat="-12.1232342" lon="-77.0296273"/>
 <node id="6129541026" visible="true" version="2" changeset="85635477" timestamp="2020-05-23T01:50:17Z" user="BikeRoad" uid="3189465" lat="-12.1232203" lon="-77.0297254"/>
 <node id="6129541027" visible="true" version="2" changeset="85635477" timestamp="2020-05-23T01:50:17Z" user="BikeRoad" uid="3189465" lat="-12.1233187" lon="-77.0297399"/>
 <node id="6129541028" visible="true" version="2" changeset="85635477" timestamp="2020-05-23T01:50:17Z" user="BikeRoad" uid="3189465" lat="-12.1233326" lon="-77.0296419"/>
 <node id="6129541029" visible="true" version="3" changeset="119358051" timestamp="2022-04-05T19:55:43Z" user="TuAmigoElEditor" uid="13950332" lat="-12.1233866" lon="-77.0287923"/>
 <node id="6129541031" visible="true" version="1" changeset="65360168" timestamp="2018-12-11T00:52:06Z" user="Diego Sanguinetti" uid="309382" lat="-12.1230689" lon="-77.0287174"/>
 <node id="6129541032" visible="true" version="2" changeset="119358051" timestamp="2022-04-05T19:55:43Z" user="TuAmigoElEditor" uid="13950332" lat="-12.1230657" lon="-77.0287392"/>
 <node id="6129541033" visible="true" version="1" changeset="65360168" timestamp="2018-12-11T00:52:06Z" user="Diego Sanguinetti" uid="309382" lat="-12.1226744" lon="-77.0304646"/>
 <node id="6129541034" visible="true" version="1" changeset="65360168" timestamp="2018-12-11T00:52:06Z" user="Diego Sanguinetti" uid="309382" lat="-12.1226905" lon="-77.0303828"/>
 <node id="6129541037" visible="true" version="1" changeset="65360168" timestamp="2018-12-11T00:52:06Z" user="Diego Sanguinetti" uid="309382" lat="-12.1225524" lon="-77.0310315"/>
 <node id="6129541038" visible="true" version="1" changeset="65360168" timestamp="2018-12-11T00:52:06Z" user="Diego Sanguinetti" uid="309382" lat="-12.1225815" lon="-77.0309619"/>
 <node id="6259816766" visible="true" version="2" changeset="119358051" timestamp="2022-04-05T19:55:43Z" user="TuAmigoElEditor" uid="13950332" lat="-12.1236070" lon="-77.0279372"/>
 <node id="6573591585" visible="true" version="1" changeset="71654814" timestamp="2019-06-27T00:23:26Z" user="Jabs" uid="272972" lat="-12.1229444" lon="-77.0296357">
  <tag k="addr:housenumber" v="268"/>
  <tag k="addr:street" v="Calle A. Schell"/>
  <tag k="name" v="Toque X"/>
  <tag k="shop" v="beauty"/>
 </node>
 <node id="6573591586" visible="true" version="2" changeset="110586843" timestamp="2021-09-01T22:17:47Z" user="ovruni" uid="81735" lat="-12.1229312" lon="-77.0296976">
  <tag k="addr:housenumber" v="264"/>
  <tag k="addr:street" v="Calle A. Schell"/>
  <tag k="shop" v="hardware"/>
 </node>
 <node id="6587708006" visible="true" version="5" changeset="124953957" timestamp="2022-08-16T05:56:03Z" user="ovruni" uid="81735" lat="-12.1233819" lon="-77.0294990">
  <tag k="addr:city" v="Lima"/>
  <tag k="addr:country" v="PE"/>
  <tag k="addr:district" v="Miraflores"/>
  <tag k="addr:housenumber" v="181"/>
  <tag k="addr:postcode" v="15074"/>
  <tag k="addr:street" v="Calle Tarata"/>
  <tag k="air_conditioning" v="yes"/>
  <tag k="contact:facebook" v="https://www.facebook.com/spa.peru.style/"/>
  <tag k="contact:instagram" v="https://www.instagram.com/barberia.peru.style/"/>
  <tag k="contact:whatsapp" v="+51 946 276 308"/>
  <tag k="description" v="La mejor Barbería-Spa para caballeros de Lima. Corte/Barba/Limpieza Facial/Masajes/muchos servicios más. Sede Miraflores: Calle Tarata 181 (Altura cuadra 6 de Av. Larco. Al lado del estacionamiento de Metro de Parque Kennedy). WhatsApp (+51) 946276308"/>
  <tag k="email" v="barberia.peru.style@gmail.com"/>
  <tag k="name" v="Perú Style"/>
  <tag k="opening_hours" v="Mo-Sa 10:00-23:00; Su 11:00-21:00"/>
  <tag k="payment:cash" v="yes"/>
  <tag k="payment:credit_cards" v="yes"/>
  <tag k="payment:debit_cards" v="yes"/>
  <tag k="phone" v="+51 1 6760282"/>
  <tag k="ref" v="Miraflores"/>
  <tag k="shop" v="hairdresser"/>
  <tag k="start_date" v="2018"/>
  <tag k="website" v="http://www.perustyle.com.pe/"/>
 </node>
 <node id="6749869959" visible="true" version="1" changeset="73796606" timestamp="2019-08-27T12:48:21Z" user="Charitha CNK" uid="9086377" lat="-12.1240474" lon="-77.0285153"/>
 <node id="6756064589" visible="true" version="2" changeset="137079656" timestamp="2023-06-08T05:42:44Z" user="PedirkaDesert" uid="16408123" lat="-12.1240894" lon="-77.0279762">
  <tag k="access" v="permissive"/>
  <tag k="barrier" v="gate"/>
 </node>
 <node id="7566535509" visible="true" version="1" changeset="85898271" timestamp="2020-05-28T15:38:02Z" user="BikeRoad" uid="3189465" lat="-12.1217434" lon="-77.0307153"/>
 <node id="7566535511" visible="true" version="2" changeset="124912221" timestamp="2022-08-15T06:22:44Z" user="ovruni" uid="81735" lat="-12.1217563" lon="-77.0306886"/>
 <node id="7567884892" visible="true" version="1" changeset="85915895" timestamp="2020-05-29T03:24:47Z" user="BikeRoad" uid="3189465" lat="-12.1220851" lon="-77.0296408"/>
 <node id="7567884893" visible="true" version="1" changeset="85915895" timestamp="2020-05-29T03:24:47Z" user="BikeRoad" uid="3189465" lat="-12.1220609" lon="-77.0296557"/>
 <node id="7567884894" visible="true" version="1" changeset="85915895" timestamp="2020-05-29T03:24:47Z" user="BikeRoad" uid="3189465" lat="-12.1220737" lon="-77.0296533"/>
 <node id="7567884895" visible="true" version="1" changeset="85915895" timestamp="2020-05-29T03:24:47Z" user="BikeRoad" uid="3189465" lat="-12.1221638" lon="-77.0294465"/>
 <node id="7567884896" visible="true" version="1" changeset="85915895" timestamp="2020-05-29T03:24:47Z" user="BikeRoad" uid="3189465" lat="-12.1221605" lon="-77.0294350"/>
 <node id="7570079260" visible="true" version="1" changeset="85958230" timestamp="2020-05-29T16:49:42Z" user="BikeRoad" uid="3189465" lat="-12.1218038" lon="-77.0295113"/>
 <node id="7570079264" visible="true" version="1" changeset="85958230" timestamp="2020-05-29T16:49:42Z" user="BikeRoad" uid="3189465" lat="-12.1220183" lon="-77.0292600"/>
 <node id="7570079265" visible="true" version="1" changeset="85958230" timestamp="2020-05-29T16:49:42Z" user="BikeRoad" uid="3189465" lat="-12.1221084" lon="-77.0292684"/>
 <node id="7570079266" visible="true" version="1" changeset="85958230" timestamp="2020-05-29T16:49:42Z" user="BikeRoad" uid="3189465" lat="-12.1221052" lon="-77.0293039"/>
 <node id="7570079267" visible="true" version="1" changeset="85958230" timestamp="2020-05-29T16:49:42Z" user="BikeRoad" uid="3189465" lat="-12.1220152" lon="-77.0292955"/>
 <node id="8583388818" visible="true" version="2" changeset="127678633" timestamp="2022-10-17T15:04:48Z" user="Giuseppe Salvador" uid="9527972" lat="-12.1313634" lon="-77.0299410"/>
 <node id="8891500286" visible="true" version="2" changeset="133381369" timestamp="2023-03-06T22:04:44Z" user="OuterPace" uid="10028118" lat="-12.1197214" lon="-77.0290077"/>
 <node id="8891500287" visible="true" version="1" changeset="107374444" timestamp="2021-07-04T04:02:07Z" user="jorgejhms" uid="125905" lat="-12.1198869" lon="-77.0290146"/>
 <node id="8891500288" visible="true" version="1" changeset="107374444" timestamp="2021-07-04T04:02:07Z" user="jorgejhms" uid="125905" lat="-12.1205370" lon="-77.0290328"/>
 <node id="8891500289" visible="true" version="2" changeset="124911375" timestamp="2022-08-15T05:42:36Z" user="ovruni" uid="81735" lat="-12.1207637" lon="-77.0290422"/>
 <node id="8891500290" visible="true" version="1" changeset="107374444" timestamp="2021-07-04T04:02:07Z" user="jorgejhms" uid="125905" lat="-12.1209693" lon="-77.0290439"/>
 <node id="8891500291" visible="true" version="1" changeset="107374444" timestamp="2021-07-04T04:02:07Z" user="jorgejhms" uid="125905" lat="-12.1216406" lon="-77.0290711"/>
 <node id="8891500292" visible="true" version="1" changeset="107374444" timestamp="2021-07-04T04:02:07Z" user="jorgejhms" uid="125905" lat="-12.1222852" lon="-77.0291153"/>
 <node id="8891500293" visible="true" version="1" changeset="107374444" timestamp="2021-07-04T04:02:07Z" user="jorgejhms" uid="125905" lat="-12.1223546" lon="-77.0291256"/>
 <node id="8891500294" visible="true" version="1" changeset="107374444" timestamp="2021-07-04T04:02:07Z" user="jorgejhms" uid="125905" lat="-12.1229332" lon="-77.0292040"/>
 <node id="8891500295" visible="true" version="1" changeset="107374444" timestamp="2021-07-04T04:02:07Z" user="jorgejhms" uid="125905" lat="-12.1234872" lon="-77.0292779"/>
 <node id="8891500296" visible="true" version="1" changeset="107374444" timestamp="2021-07-04T04:02:07Z" user="jorgejhms" uid="125905" lat="-12.1244733" lon="-77.0294320"/>
 <node id="8891500297" visible="true" version="1" changeset="107374444" timestamp="2021-07-04T04:02:07Z" user="jorgejhms" uid="125905" lat="-12.1245445" lon="-77.0294428"/>
 <node id="8891500298" visible="true" version="1" changeset="107374444" timestamp="2021-07-04T04:02:07Z" user="jorgejhms" uid="125905" lat="-12.1259694" lon="-77.0294980"/>
 <node id="8891500299" visible="true" version="1" changeset="107374444" timestamp="2021-07-04T04:02:07Z" user="jorgejhms" uid="125905" lat="-12.1268535" lon="-77.0295742"/>
 <node id="8891500301" visible="true" version="1" changeset="107374444" timestamp="2021-07-04T04:02:07Z" user="jorgejhms" uid="125905" lat="-12.1269995" lon="-77.0295668"/>
 <node id="8891500302" visible="true" version="2" changeset="166282365" timestamp="2025-05-15T02:08:43Z" user="feuerstein" uid="194843" lat="-12.1277658" lon="-77.0296366"/>
 <node id="8891500303" visible="true" version="1" changeset="107374444" timestamp="2021-07-04T04:02:07Z" user="jorgejhms" uid="125905" lat="-12.1280802" lon="-77.0296669"/>
 <node id="8891500304" visible="true" version="1" changeset="107374444" timestamp="2021-07-04T04:02:07Z" user="jorgejhms" uid="125905" lat="-12.1285772" lon="-77.0297128"/>
 <node id="8891500305" visible="true" version="4" changeset="175548489" timestamp="2025-12-05T13:34:33Z" user="Rodolphe Quiédeville" uid="26348" lat="-12.1286711" lon="-77.0297204">
  <tag k="crossing:markings" v="yes"/>
  <tag k="crossing:signals" v="no"/>
  <tag k="highway" v="crossing"/>
 </node>
 <node id="8891500306" visible="true" version="1" changeset="107374444" timestamp="2021-07-04T04:02:07Z" user="jorgejhms" uid="125905" lat="-12.1287348" lon="-77.0297224"/>
 <node id="8891500307" visible="true" version="4" changeset="175548483" timestamp="2025-12-05T13:34:25Z" user="Rodolphe Quiédeville" uid="26348" lat="-12.1297776" lon="-77.0298216">
  <tag k="button_operated" v="no"/>
  <tag k="crossing:signals" v="yes"/>
  <tag k="highway" v="crossing"/>
 </node>
 <node id="8891500308" visible="true" version="4" changeset="175548489" timestamp="2025-12-05T13:34:31Z" user="Rodolphe Quiédeville" uid="26348" lat="-12.1301359" lon="-77.0298503">
  <tag k="crossing:markings" v="yes"/>
  <tag k="crossing:signals" v="no"/>
  <tag k="highway" v="crossing"/>
 </node>
 <node id="8891500310" visible="true" version="1" changeset="107374444" timestamp="2021-07-04T04:02:07Z" user="jorgejhms" uid="125905" lat="-12.1308673" lon="-77.0299078"/>
 <node id="8891500311" visible="true" version="1" changeset="107374444" timestamp="2021-07-04T04:02:07Z" user="jorgejhms" uid="125905" lat="-12.1309666" lon="-77.0299120"/>
 <node id="8891500312" visible="true" version="1" changeset="107374444" timestamp="2021-07-04T04:02:07Z" user="jorgejhms" uid="125905" lat="-12.1216334" lon="-77.0290845"/>
 <node id="8891500313" visible="true" version="1" changeset="107374444" timestamp="2021-07-04T04:02:07Z" user="jorgejhms" uid="125905" lat="-12.1215516" lon="-77.0294347"/>
 <node id="8891500314" visible="true" version="1" changeset="107374444" timestamp="2021-07-04T04:02:07Z" user="jorgejhms" uid="125905" lat="-12.1213513" lon="-77.0298225"/>
 <node id="9334527019" visible="true" version="1" changeset="114884600" timestamp="2021-12-13T13:42:46Z" user="kmARC11" uid="5793295" lat="-12.1229979" lon="-77.0282705">
  <tag k="name" v="Evolèt"/>
  <tag k="name:en" v="Evolet"/>
  <tag k="shop" v="coffee"/>
 </node>
 <node id="9356722972" visible="true" version="2" changeset="116314511" timestamp="2022-01-18T20:09:19Z" user="Fer25" uid="14345373" lat="-12.1231061" lon="-77.0292019">
  <tag k="bus" v="yes"/>
  <tag k="name" v="Schell"/>
  <tag k="network" v="SIT"/>
  <tag k="public_transport" v="stop_position"/>
 </node>
 <node id="9356722973" visible="true" version="2" changeset="116314511" timestamp="2022-01-18T20:09:19Z" user="Fer25" uid="14345373" lat="-12.1248102" lon="-77.0294025">
  <tag k="bus" v="yes"/>
  <tag k="name" v="Benavides"/>
  <tag k="network" v="SIT"/>
  <tag k="public_transport" v="stop_position"/>
 </node>
 <node id="9356722974" visible="true" version="2" changeset="116314511" timestamp="2022-01-18T20:09:19Z" user="Fer25" uid="14345373" lat="-12.1248041" lon="-77.0293574">
  <tag k="bus" v="yes"/>
  <tag k="highway" v="bus_stop"/>
  <tag k="name" v="Benavides"/>
  <tag k="network" v="SIT"/>
  <tag k="network:wikidata" v="Q64707076"/>
  <tag k="network:wikipedia" v="es:Sistema Integrado de Transporte de Lima y Callao"/>
  <tag k="public_transport" v="platform"/>
 </node>
 <node id="9429402672" visible="true" version="1" changeset="116314511" timestamp="2022-01-18T20:09:19Z" user="Fer25" uid="14345373" lat="-12.1246736" lon="-77.0293960"/>
 <node id="9523918171" visible="true" version="3" changeset="117708663" timestamp="2022-02-22T04:38:45Z" user="Chesapeake" uid="10892453" lat="-12.1221236" lon="-77.0281307"/>
 <node id="9523918172" visible="true" version="3" changeset="117708663" timestamp="2022-02-22T04:38:45Z" user="Chesapeake" uid="10892453" lat="-12.1221242" lon="-77.0281074"/>
 <node id="9523918173" visible="true" version="3" changeset="117708663" timestamp="2022-02-22T04:38:45Z" user="Chesapeake" uid="10892453" lat="-12.1221690" lon="-77.0281085"/>
 <node id="9523918174" visible="true" version="2" changeset="117673792" timestamp="2022-02-21T10:18:48Z" user="Chesapeake" uid="10892453" lat="-12.1222560" lon="-77.0283859"/>
 <node id="9523918175" visible="true" version="2" changeset="117673792" timestamp="2022-02-21T10:18:48Z" user="Chesapeake" uid="10892453" lat="-12.1222911" lon="-77.0283725"/>
 <node id="9523918176" visible="true" version="3" changeset="117708663" timestamp="2022-02-22T04:38:45Z" user="Chesapeake" uid="10892453" lat="-12.1222265" lon="-77.0280920"/>
 <node id="9523918177" visible="true" version="3" changeset="117708663" timestamp="2022-02-22T04:38:45Z" user="Chesapeake" uid="10892453" lat="-12.1221694" lon="-77.0280905"/>
 <node id="9523918178" visible="true" version="3" changeset="117708663" timestamp="2022-02-22T04:38:45Z" user="Chesapeake" uid="10892453" lat="-12.1221108" lon="-77.0281303"/>
 <node id="9523918179" visible="true" version="3" changeset="117708663" timestamp="2022-02-22T04:38:45Z" user="Chesapeake" uid="10892453" lat="-12.1222272" lon="-77.0280656"/>
 <node id="9644181149" visible="true" version="1" changeset="119358051" timestamp="2022-04-05T19:55:43Z" user="TuAmigoElEditor" uid="13950332" lat="-12.1230138" lon="-77.0287589"/>
 <node id="9644181150" visible="true" version="1" changeset="119358051" timestamp="2022-04-05T19:55:43Z" user="TuAmigoElEditor" uid="13950332" lat="-12.1233296" lon="-77.0288118"/>
 <node id="9644181151" visible="true" version="1" changeset="119358051" timestamp="2022-04-05T19:55:43Z" user="TuAmigoElEditor" uid="13950332" lat="-12.1233450" lon="-77.0288243"/>
 <node id="9644181152" visible="true" version="1" changeset="119358051" timestamp="2022-04-05T19:55:43Z" user="TuAmigoElEditor" uid="13950332" lat="-12.1233485" lon="-77.0288448"/>
 <node id="9644181154" visible="true" version="1" changeset="119358051" timestamp="2022-04-05T19:55:43Z" user="TuAmigoElEditor" uid="13950332" lat="-12.1235906" lon="-77.0284820"/>
 <node id="9644181155" visible="true" version="1" changeset="119358051" timestamp="2022-04-05T19:55:43Z" user="TuAmigoElEditor" uid="13950332" lat="-12.1233947" lon="-77.0287763"/>
 <node id="9644181156" visible="true" version="1" changeset="119358051" timestamp="2022-04-05T19:55:43Z" user="TuAmigoElEditor" uid="13950332" lat="-12.1233802" lon="-77.0291847"/>
 <node id="9644181157" visible="true" version="1" changeset="119358051" timestamp="2022-04-05T19:55:43Z" user="TuAmigoElEditor" uid="13950332" lat="-12.1235918" lon="-77.0282856">
  <tag k="denotation" v="urban"/>
  <tag k="natural" v="tree"/>
 </node>
 <node id="9644181162" visible="true" version="1" changeset="119358051" timestamp="2022-04-05T19:55:43Z" user="TuAmigoElEditor" uid="13950332" lat="-12.1235183" lon="-77.0282846">
  <tag k="denotation" v="urban"/>
  <tag k="natural" v="tree"/>
 </node>
 <node id="9644181163" visible="true" version="1" changeset="119358051" timestamp="2022-04-05T19:55:43Z" user="TuAmigoElEditor" uid="13950332" lat="-12.1234616" lon="-77.0290844">
  <tag k="denotation" v="urban"/>
  <tag k="natural" v="tree"/>
 </node>
 <node id="9644181164" visible="true" version="1" changeset="119358051" timestamp="2022-04-05T19:55:43Z" user="TuAmigoElEditor" uid="13950332" lat="-12.1234783" lon="-77.0289950">
  <tag k="denotation" v="urban"/>
  <tag k="natural" v="tree"/>
 </node>
 <node id="9644181165" visible="true" version="1" changeset="119358051" timestamp="2022-04-05T19:55:43Z" user="TuAmigoElEditor" uid="13950332" lat="-12.1233900" lon="-77.0290007">
  <tag k="denotation" v="urban"/>
  <tag k="natural" v="tree"/>
 </node>
 <node id="9644181166" visible="true" version="1" changeset="119358051" timestamp="2022-04-05T19:55:43Z" user="TuAmigoElEditor" uid="13950332" lat="-12.1233677" lon="-77.0290958">
  <tag k="denotation" v="urban"/>
  <tag k="natural" v="tree"/>
 </node>
 <node id="9953709105" visible="true" version="2" changeset="124907786" timestamp="2022-08-15T01:17:02Z" user="ovruni" uid="81735" lat="-12.1220148" lon="-77.0299722">
  <tag k="addr:housenumber" v="115"/>
  <tag k="addr:street" v="Avenida Ernesto Diez Canseco"/>
  <tag k="amenity" v="pub"/>
  <tag k="name" v="La Tasca Bar"/>
 </node>
 <node id="9953722563" visible="true" version="1" changeset="124907611" timestamp="2022-08-15T01:01:43Z" user="SteffenJH" uid="15206266" lat="-12.1224838" lon="-77.0287353">
  <tag k="leisure" v="fitness_centre"/>
  <tag k="name" v="Titan Training"/>
 </node>
 <node id="9953726545" visible="true" version="2" changeset="124907786" timestamp="2022-08-15T01:17:02Z" user="ovruni" uid="81735" lat="-12.1224805" lon="-77.0288663">
  <tag k="addr:housenumber" v="216"/>
  <tag k="addr:street" v="Avenida Ernesto Diez Canseco"/>
  <tag k="name" v="TOTTI Express"/>
  <tag k="shop" v="bakery"/>
 </node>
 <node id="9953729755" visible="true" version="1" changeset="124907672" timestamp="2022-08-15T01:07:25Z" user="SteffenJH" uid="15206266" lat="-12.1220752" lon="-77.0297506">
  <tag k="amenity" v="fast_food"/>
 </node>
 <node id="9953891005" visible="true" version="1" changeset="124911375" timestamp="2022-08-15T05:42:36Z" user="ovruni" uid="81735" lat="-12.1203787" lon="-77.0290388"/>
 <node id="9953891009" visible="true" version="1" changeset="124911375" timestamp="2022-08-15T05:42:36Z" user="ovruni" uid="81735" lat="-12.1207839" lon="-77.0290592"/>
 <node id="9955380365" visible="true" version="2" changeset="124945240" timestamp="2022-08-15T20:46:43Z" user="ovruni" uid="81735" lat="-12.1225489" lon="-77.0292621">
  <tag k="addr:housenumber" v="534"/>
  <tag k="addr:street" v="Avenida José Larco"/>
  <tag k="name" v="Bitel"/>
  <tag k="shop" v="mobile_phone"/>
 </node>
 <node id="10205759127" visible="true" version="1" changeset="129176515" timestamp="2022-11-21T02:55:20Z" user="ovruni" uid="81735" lat="-12.1224872" lon="-77.0305037"/>
 <node id="10205759128" visible="true" version="1" changeset="129176515" timestamp="2022-11-21T02:55:20Z" user="ovruni" uid="81735" lat="-12.1223516" lon="-77.0302730"/>
 <node id="10205759130" visible="true" version="1" changeset="129176515" timestamp="2022-11-21T02:55:20Z" user="ovruni" uid="81735" lat="-12.1226067" lon="-77.0304513"/>
 <node id="10205759131" visible="true" version="1" changeset="129176515" timestamp="2022-11-21T02:55:20Z" user="ovruni" uid="81735" lat="-12.1226430" lon="-77.0303687"/>
 <node id="10205759132" visible="true" version="1" changeset="129176515" timestamp="2022-11-21T02:55:20Z" user="ovruni" uid="81735" lat="-12.1220371" lon="-77.0301189"/>
 <node id="10205759133" visible="true" version="1" changeset="129176515" timestamp="2022-11-21T02:55:20Z" user="ovruni" uid="81735" lat="-12.1216458" lon="-77.0298281"/>
 <node id="10205759137" visible="true" version="1" changeset="129176515" timestamp="2022-11-21T02:55:20Z" user="ovruni" uid="81735" lat="-12.1224196" lon="-77.0312163"/>
 <node id="10717989022" visible="true" version="1" changeset="133383801" timestamp="2023-03-07T00:23:18Z" user="OuterPace" uid="10028118" lat="-12.1242241" lon="-77.0307305"/>
 <node id="10719391405" visible="true" version="3" changeset="178684228" timestamp="2026-02-17T15:01:35Z" user="wille" uid="360183" lat="-12.1244198" lon="-77.0292919">
  <tag k="amenity" v="cafe"/>
  <tag k="brand" v="Juan Valdez Café"/>
  <tag k="brand:wikidata" v="Q6301102"/>
  <tag k="check_date" v="2026-02-16"/>
  <tag k="cuisine" v="coffee_shop"/>
  <tag k="name" v="Juan Valdez Café"/>
  <tag k="shop" v="coffee"/>
  <tag k="takeaway" v="yes"/>
  <tag k="wheelchair" v="yes"/>
 </node>
 <node id="10721745267" visible="true" version="2" changeset="166561598" timestamp="2025-05-21T10:25:58Z" user="PunjnadCanal" uid="22557322" lat="-12.1230468" lon="-77.0280212"/>
 <node id="10783161578" visible="true" version="1" changeset="134474547" timestamp="2023-04-04T00:35:31Z" user="ovruni" uid="81735" lat="-12.1260481" lon="-77.0294650">
  <tag k="highway" v="crossing"/>
 </node>
 <node id="10783381743" visible="true" version="1" changeset="134474850" timestamp="2023-04-04T00:56:34Z" user="ovruni" uid="81735" lat="-12.1298529" lon="-77.0298276"/>
 <node id="10783381746" visible="true" version="1" changeset="134474850" timestamp="2023-04-04T00:56:34Z" user="ovruni" uid="81735" lat="-12.1297169" lon="-77.0298158"/>
 <node id="10817219615" visible="true" version="1" changeset="134996601" timestamp="2023-04-17T02:16:35Z" user="DraaRiver" uid="17979775" lat="-12.1252609" lon="-77.0282243"/>
 <node id="10817219622" visible="true" version="1" changeset="134996601" timestamp="2023-04-17T02:16:35Z" user="DraaRiver" uid="17979775" lat="-12.1251462" lon="-77.0284496"/>
 <node id="10817219623" visible="true" version="1" changeset="134996601" timestamp="2023-04-17T02:16:35Z" user="DraaRiver" uid="17979775" lat="-12.1247085" lon="-77.0283887"/>
 <node id="10963002973" visible="true" version="3" changeset="165981202" timestamp="2025-05-08T12:32:09Z" user="PunjnadCanal" uid="22557322" lat="-12.1252802" lon="-77.0280147">
  <tag k="access" v="private"/>
  <tag k="barrier" v="gate"/>
 </node>
 <node id="10963002974" visible="true" version="1" changeset="137083019" timestamp="2023-06-08T07:27:05Z" user="PedirkaDesert" uid="16408123" lat="-12.1247561" lon="-77.0283954">
  <tag k="access" v="permissive"/>
  <tag k="barrier" v="gate"/>
 </node>
 <node id="11032417205" visible="true" version="1" changeset="138231493" timestamp="2023-07-07T14:15:44Z" user="christofluethi" uid="8944712" lat="-12.1229526" lon="-77.0299025">
  <tag k="amenity" v="atm"/>
  <tag k="operator" v="MultiRed"/>
 </node>
 <node id="11411061810" visible="true" version="1" changeset="145019138" timestamp="2023-12-12T01:25:12Z" user="dunkaist" uid="386077" lat="-12.1258071" lon="-77.0294517">
  <tag k="bus" v="yes"/>
  <tag k="name" v="Tourist Information Center"/>
  <tag k="public_transport" v="stop_position"/>
  <tag k="ref" v="2"/>
 </node>
 <node id="11501645270" visible="true" version="2" changeset="160487381" timestamp="2024-12-22T00:17:13Z" user="yetzt" uid="26734" lat="-12.1221442" lon="-77.0297436">
  <tag k="amenity" v="fast_food"/>
  <tag k="diet:vegan" v="yes"/>
  <tag k="diet:vegetarian" v="yes"/>
  <tag k="name" v="Punto Bosque"/>
 </node>
 <node id="11612180669" visible="true" version="3" changeset="165349758" timestamp="2025-04-23T19:35:38Z" user="wheelmap_visitor" uid="290680" lat="-12.1243545" lon="-77.0298181">
  <tag k="name" v="Dollarcity"/>
  <tag k="shop" v="supermarket"/>
  <tag k="wheelchair" v="yes"/>
 </node>
 <node id="11742779835" visible="true" version="1" changeset="148838401" timestamp="2024-03-18T23:37:01Z" user="marrmoriak" uid="21218513" lat="-12.1233975" lon="-77.0279207"/>
 <node id="11742779836" visible="true" version="1" changeset="148838401" timestamp="2024-03-18T23:37:01Z" user="marrmoriak" uid="21218513" lat="-12.1234534" lon="-77.0282782">
  <tag k="addr:city" v="Lima"/>
  <tag k="addr:housenumber" v="265"/>
  <tag k="addr:neighbourhood" v="Miraflores"/>
  <tag k="addr:postcode" v="15074"/>
  <tag k="addr:state" v="Lima"/>
  <tag k="addr:street" v="Calle Tarata"/>
  <tag k="air_conditioning" v="yes"/>
  <tag k="amenity" v="cafe"/>
  <tag k="bar" v="yes"/>
  <tag k="brand" v="Ayni Puzzles &amp; Souvenirs"/>
  <tag k="contact:facebook" v="https://www.facebook.com/ayni.puzzles.coffee.ex/"/>
  <tag k="cuisine" v="sandwich;coffee_shop;peruvian;dessert;chocolate;cafe;maracumango;snackbar"/>
  <tag k="image" v="https://www.facebook.com/photo?fbid=122110375100225535&amp;set=a.122104929272225535"/>
  <tag k="internet_access" v="wlan"/>
  <tag k="internet_access:fee" v="customers"/>
  <tag k="name" v="Ayni Puzzles Coffee &amp; Souvenirs"/>
  <tag k="opening_hours" v="Mo - Fri 7:30 am - 10:30 pm, Sat 7:30 am - 9:40 pm , Sun 2 pm - 10:30 pm"/>
  <tag k="payment:cash" v="yes"/>
  <tag k="payment:credit_cards" v="yes"/>
  <tag k="payment:debit_cards" v="yes"/>
  <tag k="payment:visa" v="yes"/>
  <tag k="phone" v="+51 953 065 664"/>
  <tag k="reservation" v="recommended"/>
  <tag k="toilets" v="yes"/>
  <tag k="website" v="https://instagram.com/ayni.puzzles.coffee/"/>
  <tag k="wheelchair" v="yes"/>
 </node>
 <node id="11748893351" visible="true" version="1" changeset="148932417" timestamp="2024-03-20T20:16:41Z" user="marrmoriak" uid="21218513" lat="-12.1234941" lon="-77.0281791"/>
 <node id="12631991957" visible="true" version="1" changeset="163144694" timestamp="2025-03-03T03:45:13Z" user="Fer25" uid="14345373" lat="-12.1221117" lon="-77.0255353"/>
 <node id="12631991958" visible="true" version="1" changeset="163144694" timestamp="2025-03-03T03:45:13Z" user="Fer25" uid="14345373" lat="-12.1231294" lon="-77.0280939"/>
 <node id="12631991959" visible="true" version="1" changeset="163144694" timestamp="2025-03-03T03:45:13Z" user="Fer25" uid="14345373" lat="-12.1230018" lon="-77.0288319"/>
 <node id="12814386235" visible="true" version="1" changeset="165893352" timestamp="2025-05-06T13:50:26Z" user="PunjnadCanal" uid="22557322" lat="-12.1224622" lon="-77.0284406">
  <tag k="access" v="permissive"/>
  <tag k="barrier" v="gate"/>
 </node>
 <node id="12814386236" visible="true" version="1" changeset="165893352" timestamp="2025-05-06T13:50:26Z" user="PunjnadCanal" uid="22557322" lat="-12.1227035" lon="-77.0281465"/>
 <node id="12814386237" visible="true" version="1" changeset="165893352" timestamp="2025-05-06T13:50:26Z" user="PunjnadCanal" uid="22557322" lat="-12.1227041" lon="-77.0283933"/>
 <node id="12814386238" visible="true" version="1" changeset="165893352" timestamp="2025-05-06T13:50:26Z" user="PunjnadCanal" uid="22557322" lat="-12.1226877" lon="-77.0284235"/>
 <node id="12814386239" visible="true" version="1" changeset="165893352" timestamp="2025-05-06T13:50:26Z" user="PunjnadCanal" uid="22557322" lat="-12.1226635" lon="-77.0284275"/>
 <node id="12814386240" visible="true" version="1" changeset="165893352" timestamp="2025-05-06T13:50:26Z" user="PunjnadCanal" uid="22557322" lat="-12.1226084" lon="-77.0284315"/>
 <node id="12814941154" visible="true" version="1" changeset="165902615" timestamp="2025-05-06T17:05:36Z" user="PunjnadCanal" uid="22557322" lat="-12.1231558" lon="-77.0279369"/>
 <node id="12887112301" visible="true" version="1" changeset="167186929" timestamp="2025-06-04T16:29:21Z" user="mingo23" uid="1902578" lat="-12.1241366" lon="-77.0292242">
  <tag k="amenity" v="bureau_de_change"/>
 </node>
 <node id="12955278652" visible="true" version="1" changeset="168161120" timestamp="2025-06-26T23:51:55Z" user="Tonushka" uid="3419975" lat="-12.1234456" lon="-77.0284600"/>
 <node id="12957749986" visible="true" version="2" changeset="182668664" timestamp="2026-05-14T19:59:58Z" user="speedy1706" uid="24090592" lat="-12.1229351" lon="-77.0287784">
  <tag k="addr:city" v="Miraflores"/>
  <tag k="addr:housenumber" v="325"/>
  <tag k="addr:postcode" v="15074"/>
  <tag k="addr:street" v="Calle Schell 327"/>
  <tag k="internet_access" v="wlan"/>
  <tag k="internet_access:fee" v="no"/>
  <tag k="name" v="Claro Clav, Calle Shell 325"/>
  <tag k="tourism" v="hotel"/>
 </node>
 <node id="12958128054" visible="true" version="1" changeset="168210927" timestamp="2025-06-28T02:57:24Z" user="barrettj12" uid="23046251" lat="-12.1260003" lon="-77.0294620">
  <tag k="highway" v="crossing"/>
 </node>
 <node id="12958128055" visible="true" version="1" changeset="168210927" timestamp="2025-06-28T02:57:24Z" user="barrettj12" uid="23046251" lat="-12.1259850" lon="-77.0294993"/>
 <node id="13248872925" visible="true" version="2" changeset="173604081" timestamp="2025-10-21T23:10:37Z" user="hugogdz" uid="23421587" lat="-12.1229668" lon="-77.0285062">
  <tag k="addr:city" v="Lima"/>
  <tag k="addr:housenumber" v="343"/>
  <tag k="addr:neighbourhood" v="Miraflores"/>
  <tag k="addr:postcode" v="15074"/>
  <tag k="addr:state" v="Lima"/>
  <tag k="addr:street" v="Calle Schell"/>
  <tag k="amenity" v="dentist"/>
  <tag k="healthcare" v="dentist"/>
  <tag k="healthcare:speciality" v="orthodontics;alineadores_invisibles;implantes_dentales;diseño_de_sonrisa;limpieza_dental_premium;coronas_dentales"/>
  <tag k="name" v="Clínica Dental Cano"/>
  <tag k="opening_hours" v="Mo-Sa 10:00-19:00"/>
  <tag k="operator" v="Clinica Dental Cano"/>
  <tag k="payment:cash" v="yes"/>
  <tag k="payment:contactless" v="yes"/>
  <tag k="payment:credit_cards" v="yes"/>
  <tag k="payment:debit_cards" v="yes"/>
  <tag k="payment:mastercard" v="yes"/>
  <tag k="payment:visa" v="yes"/>
  <tag k="phone" v="+51981399306 | +51922761637"/>
  <tag k="website" v="https://clinicadentalcano.pe"/>
 </node>
 <node id="13376646183" visible="true" version="1" changeset="175936333" timestamp="2025-12-14T21:49:31Z" user="JSR1781" uid="20049066" lat="-11.9248945" lon="-77.0642072"/>
 <node id="13376646184" visible="true" version="1" changeset="175936333" timestamp="2025-12-14T21:49:31Z" user="JSR1781" uid="20049066" lat="-11.9246014" lon="-77.0640442"/>
 <node id="13376646185" visible="true" version="1" changeset="175936333" timestamp="2025-12-14T21:49:31Z" user="JSR1781" uid="20049066" lat="-11.9256982" lon="-77.0646480"/>
 <node id="13376646186" visible="true" version="1" changeset="175936333" timestamp="2025-12-14T21:49:31Z" user="JSR1781" uid="20049066" lat="-11.9272417" lon="-77.0655384"/>
 <node id="13376646187" visible="true" version="1" changeset="175936333" timestamp="2025-12-14T21:49:31Z" user="JSR1781" uid="20049066" lat="-11.9276276" lon="-77.0658003"/>
 <node id="13376646188" visible="true" version="1" changeset="175936333" timestamp="2025-12-14T21:49:31Z" user="JSR1781" uid="20049066" lat="-11.9282033" lon="-77.0663271"/>
 <node id="13376646189" visible="true" version="1" changeset="175936333" timestamp="2025-12-14T21:49:31Z" user="JSR1781" uid="20049066" lat="-11.9286073" lon="-77.0667585"/>
 <node id="13376646190" visible="true" version="1" changeset="175936333" timestamp="2025-12-14T21:49:31Z" user="JSR1781" uid="20049066" lat="-11.9292976" lon="-77.0676520"/>
 <node id="13376646191" visible="true" version="1" changeset="175936333" timestamp="2025-12-14T21:49:31Z" user="JSR1781" uid="20049066" lat="-11.9298101" lon="-77.0685640"/>
 <node id="13376646192" visible="true" version="1" changeset="175936333" timestamp="2025-12-14T21:49:31Z" user="JSR1781" uid="20049066" lat="-11.9303346" lon="-77.0702493"/>
 <node id="13376646193" visible="true" version="1" changeset="175936333" timestamp="2025-12-14T21:49:31Z" user="JSR1781" uid="20049066" lat="-11.9305480" lon="-77.0723223"/>
 <node id="13376646194" visible="true" version="1" changeset="175936333" timestamp="2025-12-14T21:49:31Z" user="JSR1781" uid="20049066" lat="-11.9305566" lon="-77.0724002"/>
 <node id="13376646195" visible="true" version="1" changeset="175936333" timestamp="2025-12-14T21:49:31Z" user="JSR1781" uid="20049066" lat="-11.9305774" lon="-77.0724285"/>
 <node id="13376646196" visible="true" version="1" changeset="175936333" timestamp="2025-12-14T21:49:31Z" user="JSR1781" uid="20049066" lat="-11.9306051" lon="-77.0724409"/>
 <node id="13376646197" visible="true" version="1" changeset="175936333" timestamp="2025-12-14T21:49:31Z" user="JSR1781" uid="20049066" lat="-11.9306536" lon="-77.0724409"/>
 <node id="13376646198" visible="true" version="1" changeset="175936333" timestamp="2025-12-14T21:49:31Z" user="JSR1781" uid="20049066" lat="-11.9319707" lon="-77.0723026"/>
 <node id="13376646199" visible="true" version="1" changeset="175936333" timestamp="2025-12-14T21:49:31Z" user="JSR1781" uid="20049066" lat="-11.9341206" lon="-77.0720901"/>
 <node id="13376646200" visible="true" version="1" changeset="175936333" timestamp="2025-12-14T21:49:31Z" user="JSR1781" uid="20049066" lat="-11.9352933" lon="-77.0719748"/>
 <node id="13376752301" visible="true" version="1" changeset="175936333" timestamp="2025-12-14T21:49:31Z" user="JSR1781" uid="20049066" lat="-11.9360024" lon="-77.0719031"/>
 <node id="13376752302" visible="true" version="1" changeset="175936333" timestamp="2025-12-14T21:49:31Z" user="JSR1781" uid="20049066" lat="-11.9379493" lon="-77.0717469"/>
 <node id="13376752303" visible="true" version="1" changeset="175936333" timestamp="2025-12-14T21:49:31Z" user="JSR1781" uid="20049066" lat="-11.9398612" lon="-77.0715702"/>
 <node id="13376752304" visible="true" version="1" changeset="175936333" timestamp="2025-12-14T21:49:31Z" user="JSR1781" uid="20049066" lat="-11.9409862" lon="-77.0714754"/>
 <node id="13376752305" visible="true" version="1" changeset="175936333" timestamp="2025-12-14T21:49:31Z" user="JSR1781" uid="20049066" lat="-11.9417955" lon="-77.0713960"/>
 <node id="13376752306" visible="true" version="1" changeset="175936333" timestamp="2025-12-14T21:49:31Z" user="JSR1781" uid="20049066" lat="-11.9425973" lon="-77.0713243"/>
 <node id="13376752307" visible="true" version="1" changeset="175936333" timestamp="2025-12-14T21:49:31Z" user="JSR1781" uid="20049066" lat="-11.9436673" lon="-77.0712142"/>
 <node id="13376752308" visible="true" version="1" changeset="175936333" timestamp="2025-12-14T21:49:31Z" user="JSR1781" uid="20049066" lat="-11.9448574" lon="-77.0710912"/>
 <node id="13376752309" visible="true" version="1" changeset="175936333" timestamp="2025-12-14T21:49:31Z" user="JSR1781" uid="20049066" lat="-11.9463032" lon="-77.0709248"/>
 <node id="13376752310" visible="true" version="1" changeset="175936333" timestamp="2025-12-14T21:49:31Z" user="JSR1781" uid="20049066" lat="-11.9472127" lon="-77.0707967"/>
 <node id="13376752311" visible="true" version="1" changeset="175936333" timestamp="2025-12-14T21:49:31Z" user="JSR1781" uid="20049066" lat="-11.9481674" lon="-77.0706456"/>
 <node id="13376752312" visible="true" version="1" changeset="175936333" timestamp="2025-12-14T21:49:31Z" user="JSR1781" uid="20049066" lat="-11.9497058" lon="-77.0704100"/>
 <node id="13376752313" visible="true" version="1" changeset="175936333" timestamp="2025-12-14T21:49:31Z" user="JSR1781" uid="20049066" lat="-11.9518380" lon="-77.0700489"/>
 <node id="13376752314" visible="true" version="1" changeset="175936333" timestamp="2025-12-14T21:49:31Z" user="JSR1781" uid="20049066" lat="-11.9532963" lon="-77.0698312"/>
 <node id="13376752315" visible="true" version="1" changeset="175936333" timestamp="2025-12-14T21:49:31Z" user="JSR1781" uid="20049066" lat="-11.9548698" lon="-77.0695930"/>
 <node id="13376752316" visible="true" version="1" changeset="175936333" timestamp="2025-12-14T21:49:31Z" user="JSR1781" uid="20049066" lat="-11.9567489" lon="-77.0693010"/>
 <node id="13376752317" visible="true" version="1" changeset="175936333" timestamp="2025-12-14T21:49:31Z" user="JSR1781" uid="20049066" lat="-11.9576083" lon="-77.0691679"/>
 <node id="13376752318" visible="true" version="1" changeset="175936333" timestamp="2025-12-14T21:49:31Z" user="JSR1781" uid="20049066" lat="-11.9594188" lon="-77.0688757"/>
 <node id="13376752319" visible="true" version="1" changeset="175936333" timestamp="2025-12-14T21:49:31Z" user="JSR1781" uid="20049066" lat="-11.9609247" lon="-77.0686903"/>
 <node id="13376752320" visible="true" version="1" changeset="175936333" timestamp="2025-12-14T21:49:31Z" user="JSR1781" uid="20049066" lat="-11.9628676" lon="-77.0684038"/>
 <node id="13376752321" visible="true" version="1" changeset="175936333" timestamp="2025-12-14T21:49:31Z" user="JSR1781" uid="20049066" lat="-11.9651980" lon="-77.0680077"/>
 <node id="13376752322" visible="true" version="1" changeset="175936333" timestamp="2025-12-14T21:49:31Z" user="JSR1781" uid="20049066" lat="-11.9687951" lon="-77.0674206"/>
 <node id="13376752323" visible="true" version="1" changeset="175936333" timestamp="2025-12-14T21:49:31Z" user="JSR1781" uid="20049066" lat="-11.9711337" lon="-77.0670638"/>
 <node id="13376752324" visible="true" version="1" changeset="175936333" timestamp="2025-12-14T21:49:31Z" user="JSR1781" uid="20049066" lat="-11.9732029" lon="-77.0667268"/>
 <node id="13376752325" visible="true" version="1" changeset="175936333" timestamp="2025-12-14T21:49:31Z" user="JSR1781" uid="20049066" lat="-11.9752583" lon="-77.0664150"/>
 <node id="13376752326" visible="true" version="1" changeset="175936333" timestamp="2025-12-14T21:49:31Z" user="JSR1781" uid="20049066" lat="-11.9771309" lon="-77.0661336"/>
 <node id="13376752327" visible="true" version="1" changeset="175936333" timestamp="2025-12-14T21:49:31Z" user="JSR1781" uid="20049066" lat="-11.9779497" lon="-77.0659955"/>
 <node id="13376752328" visible="true" version="1" changeset="175936333" timestamp="2025-12-14T21:49:31Z" user="JSR1781" uid="20049066" lat="-11.9787650" lon="-77.0658699"/>
 <node id="13376752329" visible="true" version="1" changeset="175936333" timestamp="2025-12-14T21:49:31Z" user="JSR1781" uid="20049066" lat="-11.9794540" lon="-77.0657620"/>
 <node id="13376752330" visible="true" version="1" changeset="175936333" timestamp="2025-12-14T21:49:31Z" user="JSR1781" uid="20049066" lat="-11.9810371" lon="-77.0655229"/>
 <node id="13376752331" visible="true" version="1" changeset="175936333" timestamp="2025-12-14T21:49:31Z" user="JSR1781" uid="20049066" lat="-11.9828454" lon="-77.0652363"/>
 <node id="13376752332" visible="true" version="1" changeset="175936333" timestamp="2025-12-14T21:49:31Z" user="JSR1781" uid="20049066" lat="-11.9847826" lon="-77.0649396"/>
 <node id="13376752333" visible="true" version="1" changeset="175936333" timestamp="2025-12-14T21:49:31Z" user="JSR1781" uid="20049066" lat="-11.9855451" lon="-77.0648249"/>
 <node id="13376752334" visible="true" version="1" changeset="175936333" timestamp="2025-12-14T21:49:31Z" user="JSR1781" uid="20049066" lat="-11.9867113" lon="-77.0646333"/>
 <node id="13376752335" visible="true" version="1" changeset="175936333" timestamp="2025-12-14T21:49:31Z" user="JSR1781" uid="20049066" lat="-11.9875338" lon="-77.0645141"/>
 <node id="13376752336" visible="true" version="1" changeset="175936333" timestamp="2025-12-14T21:49:31Z" user="JSR1781" uid="20049066" lat="-11.9883647" lon="-77.0644226"/>
 <node id="13376752337" visible="true" version="1" changeset="175936333" timestamp="2025-12-14T21:49:31Z" user="JSR1781" uid="20049066" lat="-11.9891088" lon="-77.0643404"/>
 <node id="13376752338" visible="true" version="1" changeset="175936333" timestamp="2025-12-14T21:49:31Z" user="JSR1781" uid="20049066" lat="-11.9900009" lon="-77.0642357"/>
 <node id="13376752339" visible="true" version="1" changeset="175936333" timestamp="2025-12-14T21:49:31Z" user="JSR1781" uid="20049066" lat="-11.9912952" lon="-77.0640842"/>
 <node id="13376752340" visible="true" version="1" changeset="175936333" timestamp="2025-12-14T21:49:31Z" user="JSR1781" uid="20049066" lat="-11.9922951" lon="-77.0638882"/>
 <node id="13376752341" visible="true" version="1" changeset="175936333" timestamp="2025-12-14T21:49:31Z" user="JSR1781" uid="20049066" lat="-11.9932145" lon="-77.0636526"/>
 <node id="13376752342" visible="true" version="1" changeset="175936333" timestamp="2025-12-14T21:49:31Z" user="JSR1781" uid="20049066" lat="-11.9937657" lon="-77.0635552"/>
 <node id="13376752343" visible="true" version="1" changeset="175936333" timestamp="2025-12-14T21:49:31Z" user="JSR1781" uid="20049066" lat="-11.9953514" lon="-77.0632812"/>
 <node id="13376752344" visible="true" version="1" changeset="175936333" timestamp="2025-12-14T21:49:31Z" user="JSR1781" uid="20049066" lat="-11.9981372" lon="-77.0628484"/>
 <node id="13376752345" visible="true" version="1" changeset="175936333" timestamp="2025-12-14T21:49:31Z" user="JSR1781" uid="20049066" lat="-11.9988611" lon="-77.0627280"/>
 <node id="13376752346" visible="true" version="1" changeset="175936333" timestamp="2025-12-14T21:49:31Z" user="JSR1781" uid="20049066" lat="-12.0002359" lon="-77.0625160"/>
 <node id="13376752347" visible="true" version="1" changeset="175936333" timestamp="2025-12-14T21:49:31Z" user="JSR1781" uid="20049066" lat="-12.0010252" lon="-77.0623815"/>
 <node id="13376752348" visible="true" version="1" changeset="175936333" timestamp="2025-12-14T21:49:31Z" user="JSR1781" uid="20049066" lat="-12.0021753" lon="-77.0622005"/>
 <node id="13376752349" visible="true" version="1" changeset="175936333" timestamp="2025-12-14T21:49:31Z" user="JSR1781" uid="20049066" lat="-12.0027669" lon="-77.0621071"/>
 <node id="13376752350" visible="true" version="1" changeset="175936333" timestamp="2025-12-14T21:49:31Z" user="JSR1781" uid="20049066" lat="-12.0033036" lon="-77.0620440"/>
 <node id="13376752351" visible="true" version="1" changeset="175936333" timestamp="2025-12-14T21:49:31Z" user="JSR1781" uid="20049066" lat="-12.0041739" lon="-77.0619764"/>
 <node id="13376752352" visible="true" version="1" changeset="175936333" timestamp="2025-12-14T21:49:31Z" user="JSR1781" uid="20049066" lat="-12.0051416" lon="-77.0619041"/>
 <node id="13376752353" visible="true" version="1" changeset="175936333" timestamp="2025-12-14T21:49:31Z" user="JSR1781" uid="20049066" lat="-12.0059010" lon="-77.0618090"/>
 <node id="13376752354" visible="true" version="1" changeset="175936333" timestamp="2025-12-14T21:49:31Z" user="JSR1781" uid="20049066" lat="-12.0069319" lon="-77.0616789"/>
 <node id="13376752355" visible="true" version="1" changeset="175936333" timestamp="2025-12-14T21:49:31Z" user="JSR1781" uid="20049066" lat="-12.0076173" lon="-77.0615528"/>
 <node id="13376752356" visible="true" version="1" changeset="175936333" timestamp="2025-12-14T21:49:31Z" user="JSR1781" uid="20049066" lat="-12.0082229" lon="-77.0614091"/>
 <node id="13376752357" visible="true" version="1" changeset="175936333" timestamp="2025-12-14T21:49:31Z" user="JSR1781" uid="20049066" lat="-12.0090335" lon="-77.0611238"/>
 <node id="13376752358" visible="true" version="1" changeset="175936333" timestamp="2025-12-14T21:49:31Z" user="JSR1781" uid="20049066" lat="-12.0096088" lon="-77.0609899"/>
 <node id="13376752359" visible="true" version="1" changeset="175936333" timestamp="2025-12-14T21:49:31Z" user="JSR1781" uid="20049066" lat="-12.0101669" lon="-77.0608579"/>
 <node id="13376752360" visible="true" version="1" changeset="175936333" timestamp="2025-12-14T21:49:31Z" user="JSR1781" uid="20049066" lat="-12.0109130" lon="-77.0607492"/>
 <node id="13376752361" visible="true" version="1" changeset="175936333" timestamp="2025-12-14T21:49:31Z" user="JSR1781" uid="20049066" lat="-12.0116496" lon="-77.0606328"/>
 <node id="13376752362" visible="true" version="1" changeset="175936333" timestamp="2025-12-14T21:49:31Z" user="JSR1781" uid="20049066" lat="-12.0117578" lon="-77.0606192"/>
 <node id="13376752363" visible="true" version="1" changeset="175936333" timestamp="2025-12-14T21:49:31Z" user="JSR1781" uid="20049066" lat="-12.0127194" lon="-77.0605360"/>
 <node id="13376752364" visible="true" version="1" changeset="175936333" timestamp="2025-12-14T21:49:31Z" user="JSR1781" uid="20049066" lat="-12.0135023" lon="-77.0604360"/>
 <node id="13376752365" visible="true" version="1" changeset="175936333" timestamp="2025-12-14T21:49:31Z" user="JSR1781" uid="20049066" lat="-12.0153118" lon="-77.0601358"/>
 <node id="13376752366" visible="true" version="1" changeset="175936333" timestamp="2025-12-14T21:49:31Z" user="JSR1781" uid="20049066" lat="-12.0167443" lon="-77.0599208"/>
 <node id="13376752367" visible="true" version="1" changeset="175936333" timestamp="2025-12-14T21:49:31Z" user="JSR1781" uid="20049066" lat="-12.0179770" lon="-77.0597249"/>
 <node id="13376752368" visible="true" version="1" changeset="175936333" timestamp="2025-12-14T21:49:31Z" user="JSR1781" uid="20049066" lat="-12.0193138" lon="-77.0595248"/>
 <node id="13376752369" visible="true" version="1" changeset="175936333" timestamp="2025-12-14T21:49:31Z" user="JSR1781" uid="20049066" lat="-12.0210212" lon="-77.0592778"/>
 <node id="13376752370" visible="true" version="1" changeset="175936333" timestamp="2025-12-14T21:49:31Z" user="JSR1781" uid="20049066" lat="-12.0228243" lon="-77.0589947"/>
 <node id="13376752371" visible="true" version="1" changeset="175936333" timestamp="2025-12-14T21:49:31Z" user="JSR1781" uid="20049066" lat="-12.0241590" lon="-77.0587840"/>
 <node id="13376752372" visible="true" version="1" changeset="175936333" timestamp="2025-12-14T21:49:31Z" user="JSR1781" uid="20049066" lat="-12.0254687" lon="-77.0585583"/>
 <node id="13376752373" visible="true" version="1" changeset="175936333" timestamp="2025-12-14T21:49:31Z" user="JSR1781" uid="20049066" lat="-12.0264536" lon="-77.0584050"/>
 <node id="13376752374" visible="true" version="1" changeset="175936333" timestamp="2025-12-14T21:49:31Z" user="JSR1781" uid="20049066" lat="-12.0274571" lon="-77.0582794"/>
 <node id="13376752375" visible="true" version="1" changeset="175936333" timestamp="2025-12-14T21:49:31Z" user="JSR1781" uid="20049066" lat="-12.0288251" lon="-77.0578132"/>
 <node id="13376752376" visible="true" version="1" changeset="175936333" timestamp="2025-12-14T21:49:31Z" user="JSR1781" uid="20049066" lat="-12.0295622" lon="-77.0574811"/>
 <node id="13376752377" visible="true" version="1" changeset="175936333" timestamp="2025-12-14T21:49:31Z" user="JSR1781" uid="20049066" lat="-12.0306532" lon="-77.0567275"/>
 <node id="13376752378" visible="true" version="1" changeset="175936333" timestamp="2025-12-14T21:49:31Z" user="JSR1781" uid="20049066" lat="-12.0311425" lon="-77.0563187"/>
 <node id="13376752379" visible="true" version="1" changeset="175936333" timestamp="2025-12-14T21:49:31Z" user="JSR1781" uid="20049066" lat="-12.0315189" lon="-77.0560370"/>
 <node id="13376752380" visible="true" version="1" changeset="175936333" timestamp="2025-12-14T21:49:31Z" user="JSR1781" uid="20049066" lat="-12.0318909" lon="-77.0556333"/>
 <node id="13376752381" visible="true" version="1" changeset="175936333" timestamp="2025-12-14T21:49:31Z" user="JSR1781" uid="20049066" lat="-12.0324319" lon="-77.0550025"/>
 <node id="13376752382" visible="true" version="1" changeset="175936333" timestamp="2025-12-14T21:49:31Z" user="JSR1781" uid="20049066" lat="-12.0328780" lon="-77.0543581"/>
 <node id="13376752383" visible="true" version="1" changeset="175936333" timestamp="2025-12-14T21:49:31Z" user="JSR1781" uid="20049066" lat="-12.0332463" lon="-77.0537175"/>
 <node id="13376752384" visible="true" version="1" changeset="175936333" timestamp="2025-12-14T21:49:31Z" user="JSR1781" uid="20049066" lat="-12.0335178" lon="-77.0531916"/>
 <node id="13376752385" visible="true" version="1" changeset="175936333" timestamp="2025-12-14T21:49:31Z" user="JSR1781" uid="20049066" lat="-12.0339012" lon="-77.0523240"/>
 <node id="13376752386" visible="true" version="1" changeset="175936333" timestamp="2025-12-14T21:49:31Z" user="JSR1781" uid="20049066" lat="-12.0342372" lon="-77.0514874"/>
 <node id="13376752387" visible="true" version="1" changeset="175936333" timestamp="2025-12-14T21:49:31Z" user="JSR1781" uid="20049066" lat="-12.0348219" lon="-77.0500142"/>
 <node id="13376752388" visible="true" version="1" changeset="175936333" timestamp="2025-12-14T21:49:31Z" user="JSR1781" uid="20049066" lat="-12.0352547" lon="-77.0488594"/>
 <node id="13376752389" visible="true" version="1" changeset="175936333" timestamp="2025-12-14T21:49:31Z" user="JSR1781" uid="20049066" lat="-12.0355660" lon="-77.0477589"/>
 <node id="13376752390" visible="true" version="1" changeset="175936333" timestamp="2025-12-14T21:49:31Z" user="JSR1781" uid="20049066" lat="-12.0357786" lon="-77.0469767"/>
 <node id="13376752391" visible="true" version="1" changeset="175936333" timestamp="2025-12-14T21:49:31Z" user="JSR1781" uid="20049066" lat="-12.0360045" lon="-77.0458800"/>
 <node id="13376752392" visible="true" version="1" changeset="175936333" timestamp="2025-12-14T21:49:31Z" user="JSR1781" uid="20049066" lat="-12.0361583" lon="-77.0450260"/>
 <node id="13376752393" visible="true" version="1" changeset="175936333" timestamp="2025-12-14T21:49:31Z" user="JSR1781" uid="20049066" lat="-12.0365019" lon="-77.0438226"/>
 <node id="13376752394" visible="true" version="1" changeset="175936333" timestamp="2025-12-14T21:49:31Z" user="JSR1781" uid="20049066" lat="-12.0367657" lon="-77.0429512"/>
 <node id="13376752395" visible="true" version="1" changeset="175936333" timestamp="2025-12-14T21:49:31Z" user="JSR1781" uid="20049066" lat="-12.0370713" lon="-77.0419263"/>
 <node id="13376752396" visible="true" version="1" changeset="175936333" timestamp="2025-12-14T21:49:31Z" user="JSR1781" uid="20049066" lat="-12.0374586" lon="-77.0405832"/>
 <node id="13376752397" visible="true" version="1" changeset="175936333" timestamp="2025-12-14T21:49:31Z" user="JSR1781" uid="20049066" lat="-12.0378800" lon="-77.0392090"/>
 <node id="13376752398" visible="true" version="1" changeset="175936333" timestamp="2025-12-14T21:49:31Z" user="JSR1781" uid="20049066" lat="-12.0382185" lon="-77.0382079"/>
 <node id="13376752399" visible="true" version="1" changeset="175936333" timestamp="2025-12-14T21:49:31Z" user="JSR1781" uid="20049066" lat="-12.0382830" lon="-77.0380798"/>
 <node id="13376752400" visible="true" version="1" changeset="175936333" timestamp="2025-12-14T21:49:31Z" user="JSR1781" uid="20049066" lat="-12.0384862" lon="-77.0377072"/>
 <node id="13376752401" visible="true" version="1" changeset="175936333" timestamp="2025-12-14T21:49:31Z" user="JSR1781" uid="20049066" lat="-12.0389379" lon="-77.0371191"/>
 <node id="13376752402" visible="true" version="1" changeset="175936333" timestamp="2025-12-14T21:49:31Z" user="JSR1781" uid="20049066" lat="-12.0393707" lon="-77.0366144"/>
 <node id="13376752403" visible="true" version="1" changeset="175936333" timestamp="2025-12-14T21:49:31Z" user="JSR1781" uid="20049066" lat="-12.0398795" lon="-77.0360205"/>
 <node id="13376752404" visible="true" version="1" changeset="175936333" timestamp="2025-12-14T21:49:31Z" user="JSR1781" uid="20049066" lat="-12.0402060" lon="-77.0355178"/>
 <node id="13376752405" visible="true" version="1" changeset="175936333" timestamp="2025-12-14T21:49:31Z" user="JSR1781" uid="20049066" lat="-12.0405685" lon="-77.0347084"/>
 <node id="13376752406" visible="true" version="1" changeset="175936333" timestamp="2025-12-14T21:49:31Z" user="JSR1781" uid="20049066" lat="-12.0408723" lon="-77.0339359"/>
 <node id="13376752407" visible="true" version="1" changeset="175936333" timestamp="2025-12-14T21:49:31Z" user="JSR1781" uid="20049066" lat="-12.0408899" lon="-77.0338798"/>
 <node id="13376752408" visible="true" version="1" changeset="175936333" timestamp="2025-12-14T21:49:31Z" user="JSR1781" uid="20049066" lat="-12.0409033" lon="-77.0338399"/>
 <node id="13376752409" visible="true" version="1" changeset="175936333" timestamp="2025-12-14T21:49:31Z" user="JSR1781" uid="20049066" lat="-12.0409097" lon="-77.0338216"/>
 <node id="13376752410" visible="true" version="1" changeset="175936333" timestamp="2025-12-14T21:49:31Z" user="JSR1781" uid="20049066" lat="-12.0409127" lon="-77.0338039"/>
 <node id="13376752411" visible="true" version="1" changeset="175936333" timestamp="2025-12-14T21:49:31Z" user="JSR1781" uid="20049066" lat="-12.0409180" lon="-77.0337931"/>
 <node id="13376752412" visible="true" version="1" changeset="175936333" timestamp="2025-12-14T21:49:31Z" user="JSR1781" uid="20049066" lat="-12.0409285" lon="-77.0337877"/>
 <node id="13376752413" visible="true" version="1" changeset="175936333" timestamp="2025-12-14T21:49:31Z" user="JSR1781" uid="20049066" lat="-12.0409429" lon="-77.0337954"/>
 <node id="13376752414" visible="true" version="1" changeset="175936333" timestamp="2025-12-14T21:49:31Z" user="JSR1781" uid="20049066" lat="-12.0418921" lon="-77.0344555"/>
 <node id="13376752415" visible="true" version="1" changeset="175936333" timestamp="2025-12-14T21:49:31Z" user="JSR1781" uid="20049066" lat="-12.0427052" lon="-77.0350131"/>
 <node id="13376752416" visible="true" version="1" changeset="175936333" timestamp="2025-12-14T21:49:31Z" user="JSR1781" uid="20049066" lat="-12.0431604" lon="-77.0353403"/>
 <node id="13376752417" visible="true" version="1" changeset="175936333" timestamp="2025-12-14T21:49:31Z" user="JSR1781" uid="20049066" lat="-12.0434670" lon="-77.0355599"/>
 <node id="13376752418" visible="true" version="1" changeset="175936333" timestamp="2025-12-14T21:49:31Z" user="JSR1781" uid="20049066" lat="-12.0436669" lon="-77.0356909"/>
 <node id="13376752419" visible="true" version="1" changeset="175936333" timestamp="2025-12-14T21:49:31Z" user="JSR1781" uid="20049066" lat="-12.0439718" lon="-77.0358970"/>
 <node id="13376752420" visible="true" version="1" changeset="175936333" timestamp="2025-12-14T21:49:31Z" user="JSR1781" uid="20049066" lat="-12.0445246" lon="-77.0362823"/>
 <node id="13376752421" visible="true" version="1" changeset="175936333" timestamp="2025-12-14T21:49:31Z" user="JSR1781" uid="20049066" lat="-12.0451853" lon="-77.0367477"/>
 <node id="13376752422" visible="true" version="1" changeset="175936333" timestamp="2025-12-14T21:49:31Z" user="JSR1781" uid="20049066" lat="-12.0454981" lon="-77.0369657"/>
 <node id="13376752423" visible="true" version="1" changeset="175936333" timestamp="2025-12-14T21:49:31Z" user="JSR1781" uid="20049066" lat="-12.0462602" lon="-77.0375050"/>
 <node id="13376752424" visible="true" version="1" changeset="175936333" timestamp="2025-12-14T21:49:31Z" user="JSR1781" uid="20049066" lat="-12.0465576" lon="-77.0377063"/>
 <node id="13376752425" visible="true" version="1" changeset="175936333" timestamp="2025-12-14T21:49:31Z" user="JSR1781" uid="20049066" lat="-12.0476230" lon="-77.0384258"/>
 <node id="13376752426" visible="true" version="1" changeset="175936333" timestamp="2025-12-14T21:49:31Z" user="JSR1781" uid="20049066" lat="-12.0484900" lon="-77.0390310"/>
 <node id="13376752427" visible="true" version="1" changeset="175936333" timestamp="2025-12-14T21:49:31Z" user="JSR1781" uid="20049066" lat="-12.0486307" lon="-77.0390873"/>
 <node id="13376752428" visible="true" version="1" changeset="175936333" timestamp="2025-12-14T21:49:31Z" user="JSR1781" uid="20049066" lat="-12.0491373" lon="-77.0390150"/>
 <node id="13376752429" visible="true" version="1" changeset="175936333" timestamp="2025-12-14T21:49:31Z" user="JSR1781" uid="20049066" lat="-12.0506056" lon="-77.0388185"/>
 <node id="13376752430" visible="true" version="1" changeset="175936333" timestamp="2025-12-14T21:49:31Z" user="JSR1781" uid="20049066" lat="-12.0513004" lon="-77.0387331"/>
 <node id="13376752431" visible="true" version="1" changeset="175936333" timestamp="2025-12-14T21:49:31Z" user="JSR1781" uid="20049066" lat="-12.0485631" lon="-77.0390717"/>
 <node id="13376752432" visible="true" version="1" changeset="175936333" timestamp="2025-12-14T21:49:31Z" user="JSR1781" uid="20049066" lat="-12.0485873" lon="-77.0390796"/>
 <node id="13376752433" visible="true" version="1" changeset="175936333" timestamp="2025-12-14T21:49:31Z" user="JSR1781" uid="20049066" lat="-12.0485238" lon="-77.0390555"/>
 <node id="13376752434" visible="true" version="1" changeset="175936333" timestamp="2025-12-14T21:49:31Z" user="JSR1781" uid="20049066" lat="-12.0523871" lon="-77.0385948"/>
 <node id="13376752435" visible="true" version="1" changeset="175936333" timestamp="2025-12-14T21:49:31Z" user="JSR1781" uid="20049066" lat="-12.0534659" lon="-77.0384643"/>
 <node id="13376752436" visible="true" version="1" changeset="175936333" timestamp="2025-12-14T21:49:31Z" user="JSR1781" uid="20049066" lat="-12.0545733" lon="-77.0383468"/>
 <node id="13376752437" visible="true" version="1" changeset="175936333" timestamp="2025-12-14T21:49:31Z" user="JSR1781" uid="20049066" lat="-12.0557517" lon="-77.0382577"/>
 <node id="13376752438" visible="true" version="1" changeset="175936333" timestamp="2025-12-14T21:49:31Z" user="JSR1781" uid="20049066" lat="-12.0571057" lon="-77.0381604"/>
 <node id="13376752439" visible="true" version="1" changeset="175936333" timestamp="2025-12-14T21:49:31Z" user="JSR1781" uid="20049066" lat="-12.0581686" lon="-77.0380700"/>
 <node id="13376752440" visible="true" version="1" changeset="175936333" timestamp="2025-12-14T21:49:31Z" user="JSR1781" uid="20049066" lat="-12.0589894" lon="-77.0379990"/>
 <node id="13376752441" visible="true" version="1" changeset="175936333" timestamp="2025-12-14T21:49:31Z" user="JSR1781" uid="20049066" lat="-12.0602739" lon="-77.0378797"/>
 <node id="13376752442" visible="true" version="1" changeset="175936333" timestamp="2025-12-14T21:49:31Z" user="JSR1781" uid="20049066" lat="-12.0609506" lon="-77.0378329"/>
 <node id="13376752443" visible="true" version="1" changeset="175936333" timestamp="2025-12-14T21:49:31Z" user="JSR1781" uid="20049066" lat="-12.0617709" lon="-77.0377780"/>
 <node id="13376752444" visible="true" version="1" changeset="175936333" timestamp="2025-12-14T21:49:31Z" user="JSR1781" uid="20049066" lat="-12.0624251" lon="-77.0376931"/>
 <node id="13376752445" visible="true" version="1" changeset="175936333" timestamp="2025-12-14T21:49:31Z" user="JSR1781" uid="20049066" lat="-12.0639048" lon="-77.0375655"/>
 <node id="13376752446" visible="true" version="1" changeset="175936333" timestamp="2025-12-14T21:49:31Z" user="JSR1781" uid="20049066" lat="-12.0643974" lon="-77.0375063"/>
 <node id="13376752447" visible="true" version="1" changeset="175936333" timestamp="2025-12-14T21:49:31Z" user="JSR1781" uid="20049066" lat="-12.0649141" lon="-77.0374283"/>
 <node id="13376752448" visible="true" version="1" changeset="175936333" timestamp="2025-12-14T21:49:31Z" user="JSR1781" uid="20049066" lat="-12.0655528" lon="-77.0373248"/>
 <node id="13376752449" visible="true" version="1" changeset="175936333" timestamp="2025-12-14T21:49:31Z" user="JSR1781" uid="20049066" lat="-12.0662091" lon="-77.0372199"/>
 <node id="13376752450" visible="true" version="1" changeset="175936333" timestamp="2025-12-14T21:49:31Z" user="JSR1781" uid="20049066" lat="-12.0668686" lon="-77.0371312"/>
 <node id="13376752451" visible="true" version="1" changeset="175936333" timestamp="2025-12-14T21:49:31Z" user="JSR1781" uid="20049066" lat="-12.0674051" lon="-77.0370554"/>
 <node id="13376752452" visible="true" version="1" changeset="175936333" timestamp="2025-12-14T21:49:31Z" user="JSR1781" uid="20049066" lat="-12.0681434" lon="-77.0369408"/>
 <node id="13376752453" visible="true" version="1" changeset="175936333" timestamp="2025-12-14T21:49:31Z" user="JSR1781" uid="20049066" lat="-12.0686609" lon="-77.0368666"/>
 <node id="13376752454" visible="true" version="1" changeset="175936333" timestamp="2025-12-14T21:49:31Z" user="JSR1781" uid="20049066" lat="-12.0689780" lon="-77.0368214"/>
 <node id="13376752455" visible="true" version="1" changeset="175936333" timestamp="2025-12-14T21:49:31Z" user="JSR1781" uid="20049066" lat="-12.0697212" lon="-77.0367004"/>
 <node id="13376752456" visible="true" version="1" changeset="175936333" timestamp="2025-12-14T21:49:31Z" user="JSR1781" uid="20049066" lat="-12.0705175" lon="-77.0365776"/>
 <node id="13376752457" visible="true" version="1" changeset="175936333" timestamp="2025-12-14T21:49:31Z" user="JSR1781" uid="20049066" lat="-12.0713367" lon="-77.0364664"/>
 <node id="13376752458" visible="true" version="1" changeset="175936333" timestamp="2025-12-14T21:49:31Z" user="JSR1781" uid="20049066" lat="-12.0724940" lon="-77.0362772"/>
 <node id="13376752459" visible="true" version="1" changeset="175936333" timestamp="2025-12-14T21:49:31Z" user="JSR1781" uid="20049066" lat="-12.0731673" lon="-77.0361841"/>
 <node id="13376752460" visible="true" version="1" changeset="175936333" timestamp="2025-12-14T21:49:31Z" user="JSR1781" uid="20049066" lat="-12.0736038" lon="-77.0361224"/>
 <node id="13376752461" visible="true" version="1" changeset="175936333" timestamp="2025-12-14T21:49:31Z" user="JSR1781" uid="20049066" lat="-12.0747959" lon="-77.0359360"/>
 <node id="13376752462" visible="true" version="1" changeset="175936333" timestamp="2025-12-14T21:49:31Z" user="JSR1781" uid="20049066" lat="-12.0758699" lon="-77.0357738"/>
 <node id="13376752463" visible="true" version="1" changeset="175936333" timestamp="2025-12-14T21:49:31Z" user="JSR1781" uid="20049066" lat="-12.0767921" lon="-77.0356292"/>
 <node id="13376752464" visible="true" version="1" changeset="175936333" timestamp="2025-12-14T21:49:31Z" user="JSR1781" uid="20049066" lat="-12.0775573" lon="-77.0355069"/>
 <node id="13376752465" visible="true" version="1" changeset="175936333" timestamp="2025-12-14T21:49:31Z" user="JSR1781" uid="20049066" lat="-12.0779784" lon="-77.0354508"/>
 <node id="13376752466" visible="true" version="2" changeset="175939549" timestamp="2025-12-15T00:41:18Z" user="JSR1781" uid="20049066" lat="-12.0789632" lon="-77.0353136"/>
 <node id="13376752467" visible="true" version="1" changeset="175936333" timestamp="2025-12-14T21:49:31Z" user="JSR1781" uid="20049066" lat="-12.0799235" lon="-77.0351557"/>
 <node id="13376752468" visible="true" version="1" changeset="175936333" timestamp="2025-12-14T21:49:31Z" user="JSR1781" uid="20049066" lat="-12.0805356" lon="-77.0350628"/>
 <node id="13376752469" visible="true" version="1" changeset="175936333" timestamp="2025-12-14T21:49:31Z" user="JSR1781" uid="20049066" lat="-12.0816189" lon="-77.0349112"/>
 <node id="13376752470" visible="true" version="1" changeset="175936333" timestamp="2025-12-14T21:49:31Z" user="JSR1781" uid="20049066" lat="-12.0828360" lon="-77.0347327"/>
 <node id="13376752471" visible="true" version="1" changeset="175936333" timestamp="2025-12-14T21:49:31Z" user="JSR1781" uid="20049066" lat="-12.0837567" lon="-77.0345957"/>
 <node id="13376752472" visible="true" version="1" changeset="175936333" timestamp="2025-12-14T21:49:31Z" user="JSR1781" uid="20049066" lat="-12.0890341" lon="-77.0338560"/>
 <node id="13376752473" visible="true" version="1" changeset="175936333" timestamp="2025-12-14T21:49:31Z" user="JSR1781" uid="20049066" lat="-12.0908157" lon="-77.0335669"/>
 <node id="13376752474" visible="true" version="1" changeset="175936333" timestamp="2025-12-14T21:49:31Z" user="JSR1781" uid="20049066" lat="-12.0920872" lon="-77.0333757"/>
 <node id="13376752475" visible="true" version="1" changeset="175936333" timestamp="2025-12-14T21:49:31Z" user="JSR1781" uid="20049066" lat="-12.0930825" lon="-77.0332344"/>
 <node id="13376752476" visible="true" version="1" changeset="175936333" timestamp="2025-12-14T21:49:31Z" user="JSR1781" uid="20049066" lat="-12.0949235" lon="-77.0329961"/>
 <node id="13376752477" visible="true" version="1" changeset="175936333" timestamp="2025-12-14T21:49:31Z" user="JSR1781" uid="20049066" lat="-12.0958527" lon="-77.0328461"/>
 <node id="13376752478" visible="true" version="1" changeset="175936333" timestamp="2025-12-14T21:49:31Z" user="JSR1781" uid="20049066" lat="-12.0968739" lon="-77.0326872"/>
 <node id="13376752479" visible="true" version="1" changeset="175936333" timestamp="2025-12-14T21:49:31Z" user="JSR1781" uid="20049066" lat="-12.0978519" lon="-77.0325460"/>
 <node id="13376752480" visible="true" version="1" changeset="175936333" timestamp="2025-12-14T21:49:31Z" user="JSR1781" uid="20049066" lat="-12.0991090" lon="-77.0323607"/>
 <node id="13376752481" visible="true" version="1" changeset="175936333" timestamp="2025-12-14T21:49:31Z" user="JSR1781" uid="20049066" lat="-12.1003142" lon="-77.0321754"/>
 <node id="13376752482" visible="true" version="1" changeset="175936333" timestamp="2025-12-14T21:49:31Z" user="JSR1781" uid="20049066" lat="-12.1016029" lon="-77.0319488"/>
 <node id="13376752483" visible="true" version="1" changeset="175936333" timestamp="2025-12-14T21:49:31Z" user="JSR1781" uid="20049066" lat="-12.1038063" lon="-77.0315664"/>
 <node id="13376752484" visible="true" version="1" changeset="175936333" timestamp="2025-12-14T21:49:31Z" user="JSR1781" uid="20049066" lat="-12.1052216" lon="-77.0313193"/>
 <node id="13376752485" visible="true" version="1" changeset="175936333" timestamp="2025-12-14T21:49:31Z" user="JSR1781" uid="20049066" lat="-12.1069820" lon="-77.0310251"/>
 <node id="13376752486" visible="true" version="1" changeset="175936333" timestamp="2025-12-14T21:49:31Z" user="JSR1781" uid="20049066" lat="-12.1090329" lon="-77.0306750"/>
 <node id="13376752487" visible="true" version="1" changeset="175936333" timestamp="2025-12-14T21:49:31Z" user="JSR1781" uid="20049066" lat="-12.1103101" lon="-77.0304690"/>
 <node id="13376752488" visible="true" version="1" changeset="175936333" timestamp="2025-12-14T21:49:31Z" user="JSR1781" uid="20049066" lat="-12.1116907" lon="-77.0302219"/>
 <node id="13376752489" visible="true" version="1" changeset="175936333" timestamp="2025-12-14T21:49:31Z" user="JSR1781" uid="20049066" lat="-12.1135834" lon="-77.0299130"/>
 <node id="13376752490" visible="true" version="1" changeset="175936333" timestamp="2025-12-14T21:49:31Z" user="JSR1781" uid="20049066" lat="-12.1146304" lon="-77.0297394"/>
 <node id="13376752491" visible="true" version="1" changeset="175936333" timestamp="2025-12-14T21:49:31Z" user="JSR1781" uid="20049066" lat="-12.1163390" lon="-77.0294482"/>
 <node id="13376752492" visible="true" version="1" changeset="175936333" timestamp="2025-12-14T21:49:31Z" user="JSR1781" uid="20049066" lat="-12.1174273" lon="-77.0292550"/>
 <node id="13376752493" visible="true" version="1" changeset="175936333" timestamp="2025-12-14T21:49:31Z" user="JSR1781" uid="20049066" lat="-12.1182537" lon="-77.0291260"/>
 <node id="13376752494" visible="true" version="1" changeset="175936333" timestamp="2025-12-14T21:49:31Z" user="JSR1781" uid="20049066" lat="-12.1189058" lon="-77.0291129"/>
 <node id="13376752495" visible="true" version="1" changeset="175936333" timestamp="2025-12-14T21:49:31Z" user="JSR1781" uid="20049066" lat="-12.1190187" lon="-77.0291118"/>
 <node id="13376752496" visible="true" version="1" changeset="175936333" timestamp="2025-12-14T21:49:31Z" user="JSR1781" uid="20049066" lat="-12.1190809" lon="-77.0291110"/>
 <node id="13376752497" visible="true" version="1" changeset="175936333" timestamp="2025-12-14T21:49:31Z" user="JSR1781" uid="20049066" lat="-12.1190967" lon="-77.0291102"/>
 <node id="13376752498" visible="true" version="1" changeset="175936333" timestamp="2025-12-14T21:49:31Z" user="JSR1781" uid="20049066" lat="-12.1191281" lon="-77.0291096"/>
 <node id="13376752499" visible="true" version="1" changeset="175936333" timestamp="2025-12-14T21:49:31Z" user="JSR1781" uid="20049066" lat="-12.1191373" lon="-77.0291109"/>
 <node id="13376752526" visible="true" version="1" changeset="175936333" timestamp="2025-12-14T21:49:31Z" user="JSR1781" uid="20049066" lat="-12.1248053" lon="-77.0273212"/>
 <node id="13376752528" visible="true" version="1" changeset="175936333" timestamp="2025-12-14T21:49:31Z" user="JSR1781" uid="20049066" lat="-12.1252524" lon="-77.0245519"/>
 <node id="13376752529" visible="true" version="1" changeset="175936333" timestamp="2025-12-14T21:49:31Z" user="JSR1781" uid="20049066" lat="-12.1253893" lon="-77.0236307"/>
 <node id="13376752530" visible="true" version="1" changeset="175936333" timestamp="2025-12-14T21:49:31Z" user="JSR1781" uid="20049066" lat="-12.1255126" lon="-77.0227178"/>
 <node id="13376752531" visible="true" version="1" changeset="175936333" timestamp="2025-12-14T21:49:31Z" user="JSR1781" uid="20049066" lat="-12.1256165" lon="-77.0220359"/>
 <node id="13376752532" visible="true" version="1" changeset="175936333" timestamp="2025-12-14T21:49:31Z" user="JSR1781" uid="20049066" lat="-12.1256793" lon="-77.0215573"/>
 <node id="13376752533" visible="true" version="1" changeset="175936333" timestamp="2025-12-14T21:49:31Z" user="JSR1781" uid="20049066" lat="-12.1258151" lon="-77.0206828"/>
 <node id="13376752534" visible="true" version="1" changeset="175936333" timestamp="2025-12-14T21:49:31Z" user="JSR1781" uid="20049066" lat="-12.1261632" lon="-77.0185031"/>
 <node id="13376752535" visible="true" version="1" changeset="175936333" timestamp="2025-12-14T21:49:31Z" user="JSR1781" uid="20049066" lat="-12.1263721" lon="-77.0171208"/>
 <node id="13376752536" visible="true" version="1" changeset="175936333" timestamp="2025-12-14T21:49:31Z" user="JSR1781" uid="20049066" lat="-12.1265993" lon="-77.0157046"/>
 <node id="13376752537" visible="true" version="1" changeset="175936333" timestamp="2025-12-14T21:49:31Z" user="JSR1781" uid="20049066" lat="-12.1267899" lon="-77.0145383"/>
 <node id="13376752538" visible="true" version="1" changeset="175936333" timestamp="2025-12-14T21:49:31Z" user="JSR1781" uid="20049066" lat="-12.1270627" lon="-77.0126959"/>
 <node id="13376752539" visible="true" version="1" changeset="175936333" timestamp="2025-12-14T21:49:31Z" user="JSR1781" uid="20049066" lat="-12.1275056" lon="-77.0099056"/>
 <node id="13376752540" visible="true" version="1" changeset="175936333" timestamp="2025-12-14T21:49:31Z" user="JSR1781" uid="20049066" lat="-12.1276094" lon="-77.0092320"/>
 <node id="13376752541" visible="true" version="1" changeset="175936333" timestamp="2025-12-14T21:49:31Z" user="JSR1781" uid="20049066" lat="-12.1279775" lon="-77.0068711"/>
 <node id="13376752542" visible="true" version="1" changeset="175936333" timestamp="2025-12-14T21:49:31Z" user="JSR1781" uid="20049066" lat="-12.1282787" lon="-77.0050025"/>
 <node id="13376752543" visible="true" version="1" changeset="175936333" timestamp="2025-12-14T21:49:31Z" user="JSR1781" uid="20049066" lat="-12.1283872" lon="-77.0043185"/>
 <node id="13376752544" visible="true" version="1" changeset="175936333" timestamp="2025-12-14T21:49:31Z" user="JSR1781" uid="20049066" lat="-12.1284158" lon="-77.0041583"/>
 <node id="13376752545" visible="true" version="1" changeset="175936333" timestamp="2025-12-14T21:49:31Z" user="JSR1781" uid="20049066" lat="-12.1284821" lon="-77.0039303"/>
 <node id="13376752546" visible="true" version="1" changeset="175936333" timestamp="2025-12-14T21:49:31Z" user="JSR1781" uid="20049066" lat="-12.1288029" lon="-77.0017011"/>
 <node id="13376752547" visible="true" version="1" changeset="175936333" timestamp="2025-12-14T21:49:31Z" user="JSR1781" uid="20049066" lat="-12.1288109" lon="-77.0012475"/>
 <node id="13376752548" visible="true" version="1" changeset="175936333" timestamp="2025-12-14T21:49:31Z" user="JSR1781" uid="20049066" lat="-12.1288089" lon="-77.0005611"/>
 <node id="13376752549" visible="true" version="1" changeset="175936333" timestamp="2025-12-14T21:49:31Z" user="JSR1781" uid="20049066" lat="-12.1287965" lon="-77.0004414"/>
 <node id="13376752550" visible="true" version="1" changeset="175936333" timestamp="2025-12-14T21:49:31Z" user="JSR1781" uid="20049066" lat="-12.1287844" lon="-77.0002765"/>
 <node id="13376752551" visible="true" version="1" changeset="175936333" timestamp="2025-12-14T21:49:31Z" user="JSR1781" uid="20049066" lat="-12.1287822" lon="-76.9998891"/>
 <node id="13376752552" visible="true" version="1" changeset="175936333" timestamp="2025-12-14T21:49:31Z" user="JSR1781" uid="20049066" lat="-12.1287686" lon="-76.9996357"/>
 <node id="13376752553" visible="true" version="1" changeset="175936333" timestamp="2025-12-14T21:49:31Z" user="JSR1781" uid="20049066" lat="-12.1287234" lon="-76.9989062"/>
 <node id="13376752554" visible="true" version="1" changeset="175936333" timestamp="2025-12-14T21:49:31Z" user="JSR1781" uid="20049066" lat="-12.1286730" lon="-76.9982230"/>
 <node id="13376752555" visible="true" version="1" changeset="175936333" timestamp="2025-12-14T21:49:31Z" user="JSR1781" uid="20049066" lat="-12.1285668" lon="-76.9974312"/>
 <node id="13376752556" visible="true" version="1" changeset="175936333" timestamp="2025-12-14T21:49:31Z" user="JSR1781" uid="20049066" lat="-12.1284290" lon="-76.9956552"/>
 <node id="13376752557" visible="true" version="1" changeset="175936333" timestamp="2025-12-14T21:49:31Z" user="JSR1781" uid="20049066" lat="-12.1282520" lon="-76.9935497"/>
 <node id="13376752558" visible="true" version="1" changeset="175936333" timestamp="2025-12-14T21:49:31Z" user="JSR1781" uid="20049066" lat="-12.1281956" lon="-76.9925640"/>
 <node id="13376752559" visible="true" version="1" changeset="175936333" timestamp="2025-12-14T21:49:31Z" user="JSR1781" uid="20049066" lat="-12.1280503" lon="-76.9909770"/>
 <node id="13376752560" visible="true" version="1" changeset="175936333" timestamp="2025-12-14T21:49:31Z" user="JSR1781" uid="20049066" lat="-12.1278060" lon="-76.9877477"/>
 <node id="13376752561" visible="true" version="1" changeset="175936333" timestamp="2025-12-14T21:49:31Z" user="JSR1781" uid="20049066" lat="-12.1277923" lon="-76.9873227"/>
 <node id="13376752562" visible="true" version="1" changeset="175936333" timestamp="2025-12-14T21:49:31Z" user="JSR1781" uid="20049066" lat="-12.1278890" lon="-76.9868279"/>
 <node id="13376752563" visible="true" version="1" changeset="175936333" timestamp="2025-12-14T21:49:31Z" user="JSR1781" uid="20049066" lat="-12.1281615" lon="-76.9860665"/>
 <node id="13376752564" visible="true" version="1" changeset="175936333" timestamp="2025-12-14T21:49:31Z" user="JSR1781" uid="20049066" lat="-12.1290511" lon="-76.9836593"/>
 <node id="13376752565" visible="true" version="1" changeset="175936333" timestamp="2025-12-14T21:49:31Z" user="JSR1781" uid="20049066" lat="-12.1298349" lon="-76.9815527"/>
 <node id="13376752566" visible="true" version="1" changeset="175936333" timestamp="2025-12-14T21:49:31Z" user="JSR1781" uid="20049066" lat="-12.1305385" lon="-76.9796155"/>
 <node id="13376752567" visible="true" version="1" changeset="175936333" timestamp="2025-12-14T21:49:31Z" user="JSR1781" uid="20049066" lat="-12.1310395" lon="-76.9782914"/>
 <node id="13376752568" visible="true" version="1" changeset="175936333" timestamp="2025-12-14T21:49:31Z" user="JSR1781" uid="20049066" lat="-12.1310568" lon="-76.9782436"/>
 <node id="13376752569" visible="true" version="1" changeset="175936333" timestamp="2025-12-14T21:49:31Z" user="JSR1781" uid="20049066" lat="-12.1310655" lon="-76.9782330"/>
 <node id="13376752570" visible="true" version="1" changeset="175936333" timestamp="2025-12-14T21:49:31Z" user="JSR1781" uid="20049066" lat="-12.1310802" lon="-76.9782268"/>
 <node id="13376752571" visible="true" version="1" changeset="175936333" timestamp="2025-12-14T21:49:31Z" user="JSR1781" uid="20049066" lat="-12.1313431" lon="-76.9783463"/>
 <node id="13376752572" visible="true" version="1" changeset="175936333" timestamp="2025-12-14T21:49:31Z" user="JSR1781" uid="20049066" lat="-12.1321840" lon="-76.9786549"/>
 <node id="13376752573" visible="true" version="1" changeset="175936333" timestamp="2025-12-14T21:49:31Z" user="JSR1781" uid="20049066" lat="-12.1331260" lon="-76.9790168"/>
 <node id="13376752574" visible="true" version="1" changeset="175936333" timestamp="2025-12-14T21:49:31Z" user="JSR1781" uid="20049066" lat="-12.1347684" lon="-76.9796624"/>
 <node id="13376752575" visible="true" version="1" changeset="175936333" timestamp="2025-12-14T21:49:31Z" user="JSR1781" uid="20049066" lat="-12.1359088" lon="-76.9800977"/>
 <node id="13376752576" visible="true" version="1" changeset="175936333" timestamp="2025-12-14T21:49:31Z" user="JSR1781" uid="20049066" lat="-12.1373624" lon="-76.9805354"/>
 <node id="13376752577" visible="true" version="1" changeset="175936333" timestamp="2025-12-14T21:49:31Z" user="JSR1781" uid="20049066" lat="-12.1379960" lon="-76.9806601"/>
 <node id="13376752578" visible="true" version="1" changeset="175936333" timestamp="2025-12-14T21:49:31Z" user="JSR1781" uid="20049066" lat="-12.1387706" lon="-76.9807995"/>
 <node id="13376752579" visible="true" version="1" changeset="175936333" timestamp="2025-12-14T21:49:31Z" user="JSR1781" uid="20049066" lat="-12.1402959" lon="-76.9810514"/>
 <node id="13376752580" visible="true" version="1" changeset="175936333" timestamp="2025-12-14T21:49:31Z" user="JSR1781" uid="20049066" lat="-12.1415415" lon="-76.9812764"/>
 <node id="13376752581" visible="true" version="1" changeset="175936333" timestamp="2025-12-14T21:49:31Z" user="JSR1781" uid="20049066" lat="-12.1429950" lon="-76.9815454"/>
 <node id="13376752582" visible="true" version="1" changeset="175936333" timestamp="2025-12-14T21:49:31Z" user="JSR1781" uid="20049066" lat="-12.1450391" lon="-76.9818975"/>
 <node id="13376752583" visible="true" version="1" changeset="175936333" timestamp="2025-12-14T21:49:31Z" user="JSR1781" uid="20049066" lat="-12.1459547" lon="-76.9820614"/>
 <node id="13376752584" visible="true" version="1" changeset="175936333" timestamp="2025-12-14T21:49:31Z" user="JSR1781" uid="20049066" lat="-12.1468656" lon="-76.9822815"/>
 <node id="13376752585" visible="true" version="1" changeset="175936333" timestamp="2025-12-14T21:49:31Z" user="JSR1781" uid="20049066" lat="-12.1471572" lon="-76.9823793"/>
 <node id="13376752586" visible="true" version="1" changeset="175936333" timestamp="2025-12-14T21:49:31Z" user="JSR1781" uid="20049066" lat="-12.1479161" lon="-76.9826175"/>
 <node id="13376752587" visible="true" version="1" changeset="175936333" timestamp="2025-12-14T21:49:31Z" user="JSR1781" uid="20049066" lat="-12.1494160" lon="-76.9831143"/>
 <node id="13376752588" visible="true" version="1" changeset="175936333" timestamp="2025-12-14T21:49:31Z" user="JSR1781" uid="20049066" lat="-12.1512364" lon="-76.9836505"/>
 <node id="13376752589" visible="true" version="1" changeset="175936333" timestamp="2025-12-14T21:49:31Z" user="JSR1781" uid="20049066" lat="-12.1524011" lon="-76.9838093"/>
 <node id="13376752590" visible="true" version="1" changeset="175936333" timestamp="2025-12-14T21:49:31Z" user="JSR1781" uid="20049066" lat="-12.1533732" lon="-76.9838770"/>
 <node id="13376752591" visible="true" version="1" changeset="175936333" timestamp="2025-12-14T21:49:31Z" user="JSR1781" uid="20049066" lat="-12.1536611" lon="-76.9838502"/>
 <node id="13376752592" visible="true" version="1" changeset="175936333" timestamp="2025-12-14T21:49:31Z" user="JSR1781" uid="20049066" lat="-12.1537246" lon="-76.9838454"/>
 <node id="13376752593" visible="true" version="1" changeset="175936333" timestamp="2025-12-14T21:49:31Z" user="JSR1781" uid="20049066" lat="-12.1537587" lon="-76.9838063"/>
 <node id="13376752594" visible="true" version="1" changeset="175936333" timestamp="2025-12-14T21:49:31Z" user="JSR1781" uid="20049066" lat="-12.1538486" lon="-76.9836471"/>
 <node id="13376752595" visible="true" version="1" changeset="175936333" timestamp="2025-12-14T21:49:31Z" user="JSR1781" uid="20049066" lat="-12.1539109" lon="-76.9835666"/>
 <node id="13376752596" visible="true" version="1" changeset="175936333" timestamp="2025-12-14T21:49:31Z" user="JSR1781" uid="20049066" lat="-12.1539464" lon="-76.9835276"/>
 <node id="13376752597" visible="true" version="1" changeset="175936333" timestamp="2025-12-14T21:49:31Z" user="JSR1781" uid="20049066" lat="-12.1539810" lon="-76.9835188"/>
 <node id="13376752598" visible="true" version="1" changeset="175936333" timestamp="2025-12-14T21:49:31Z" user="JSR1781" uid="20049066" lat="-12.1541064" lon="-76.9834958"/>
 <node id="13376752599" visible="true" version="1" changeset="175936333" timestamp="2025-12-14T21:49:31Z" user="JSR1781" uid="20049066" lat="-12.1544567" lon="-76.9834321"/>
 <node id="13376752600" visible="true" version="1" changeset="175936333" timestamp="2025-12-14T21:49:31Z" user="JSR1781" uid="20049066" lat="-12.1550449" lon="-76.9831445"/>
 <node id="13376752601" visible="true" version="1" changeset="175936333" timestamp="2025-12-14T21:49:31Z" user="JSR1781" uid="20049066" lat="-12.1555846" lon="-76.9827331"/>
 <node id="13376752602" visible="true" version="1" changeset="175936333" timestamp="2025-12-14T21:49:31Z" user="JSR1781" uid="20049066" lat="-12.1561027" lon="-76.9822836"/>
 <node id="13376752603" visible="true" version="1" changeset="175936333" timestamp="2025-12-14T21:49:31Z" user="JSR1781" uid="20049066" lat="-12.1574255" lon="-76.9811726"/>
 <node id="13376752604" visible="true" version="1" changeset="175936333" timestamp="2025-12-14T21:49:31Z" user="JSR1781" uid="20049066" lat="-12.1582839" lon="-76.9805587"/>
 <node id="13376969071" visible="true" version="1" changeset="175939549" timestamp="2025-12-15T00:41:18Z" user="JSR1781" uid="20049066" lat="-12.1582285" lon="-76.9802272"/>
 <node id="13376969072" visible="true" version="1" changeset="175939549" timestamp="2025-12-15T00:41:18Z" user="JSR1781" uid="20049066" lat="-12.1581577" lon="-76.9802780"/>
 <node id="13376969073" visible="true" version="1" changeset="175939549" timestamp="2025-12-15T00:41:18Z" user="JSR1781" uid="20049066" lat="-12.1579875" lon="-76.9804182"/>
 <node id="13376969074" visible="true" version="1" changeset="175939549" timestamp="2025-12-15T00:41:18Z" user="JSR1781" uid="20049066" lat="-12.1566216" lon="-76.9816028"/>
 <node id="13376969075" visible="true" version="1" changeset="175939549" timestamp="2025-12-15T00:41:18Z" user="JSR1781" uid="20049066" lat="-12.1545681" lon="-76.9833141"/>
 <node id="13376969076" visible="true" version="1" changeset="175939549" timestamp="2025-12-15T00:41:18Z" user="JSR1781" uid="20049066" lat="-12.1544077" lon="-76.9833993"/>
 <node id="13376969077" visible="true" version="1" changeset="175939549" timestamp="2025-12-15T00:41:18Z" user="JSR1781" uid="20049066" lat="-12.1543570" lon="-76.9834271"/>
 <node id="13376969078" visible="true" version="1" changeset="175939549" timestamp="2025-12-15T00:41:18Z" user="JSR1781" uid="20049066" lat="-12.1543008" lon="-76.9834466"/>
 <node id="13376969079" visible="true" version="1" changeset="175939549" timestamp="2025-12-15T00:41:18Z" user="JSR1781" uid="20049066" lat="-12.1541758" lon="-76.9834651"/>
 <node id="13376969080" visible="true" version="1" changeset="175939549" timestamp="2025-12-15T00:41:18Z" user="JSR1781" uid="20049066" lat="-12.1541149" lon="-76.9834719"/>
 <node id="13376969081" visible="true" version="1" changeset="175939549" timestamp="2025-12-15T00:41:18Z" user="JSR1781" uid="20049066" lat="-12.1539914" lon="-76.9834839"/>
 <node id="13376969082" visible="true" version="1" changeset="175939549" timestamp="2025-12-15T00:41:18Z" user="JSR1781" uid="20049066" lat="-12.1539271" lon="-76.9835154"/>
 <node id="13376969083" visible="true" version="1" changeset="175939549" timestamp="2025-12-15T00:41:18Z" user="JSR1781" uid="20049066" lat="-12.1538166" lon="-76.9836702"/>
 <node id="13376969084" visible="true" version="1" changeset="175939549" timestamp="2025-12-15T00:41:18Z" user="JSR1781" uid="20049066" lat="-12.1537365" lon="-76.9837966"/>
 <node id="13376969085" visible="true" version="1" changeset="175939549" timestamp="2025-12-15T00:41:18Z" user="JSR1781" uid="20049066" lat="-12.1531235" lon="-76.9837961"/>
 <node id="13376969086" visible="true" version="1" changeset="175939549" timestamp="2025-12-15T00:41:18Z" user="JSR1781" uid="20049066" lat="-12.1515195" lon="-76.9836192"/>
 <node id="13376969087" visible="true" version="1" changeset="175939549" timestamp="2025-12-15T00:41:18Z" user="JSR1781" uid="20049066" lat="-12.1505696" lon="-76.9833960"/>
 <node id="13376969088" visible="true" version="1" changeset="175939549" timestamp="2025-12-15T00:41:18Z" user="JSR1781" uid="20049066" lat="-12.1499838" lon="-76.9831972"/>
 <node id="13376969089" visible="true" version="1" changeset="175939549" timestamp="2025-12-15T00:41:18Z" user="JSR1781" uid="20049066" lat="-12.1492381" lon="-76.9829387"/>
 <node id="13376969090" visible="true" version="1" changeset="175939549" timestamp="2025-12-15T00:41:18Z" user="JSR1781" uid="20049066" lat="-12.1478699" lon="-76.9824947"/>
 <node id="13376969091" visible="true" version="1" changeset="175939549" timestamp="2025-12-15T00:41:18Z" user="JSR1781" uid="20049066" lat="-12.1469854" lon="-76.9822239"/>
 <node id="13376969092" visible="true" version="1" changeset="175939549" timestamp="2025-12-15T00:41:18Z" user="JSR1781" uid="20049066" lat="-12.1468190" lon="-76.9821817"/>
 <node id="13376969093" visible="true" version="1" changeset="175939549" timestamp="2025-12-15T00:41:18Z" user="JSR1781" uid="20049066" lat="-12.1464285" lon="-76.9821000"/>
 <node id="13376969094" visible="true" version="1" changeset="175939549" timestamp="2025-12-15T00:41:18Z" user="JSR1781" uid="20049066" lat="-12.1454460" lon="-76.9818972"/>
 <node id="13376969095" visible="true" version="1" changeset="175939549" timestamp="2025-12-15T00:41:18Z" user="JSR1781" uid="20049066" lat="-12.1437000" lon="-76.9815760"/>
 <node id="13376969096" visible="true" version="1" changeset="175939549" timestamp="2025-12-15T00:41:18Z" user="JSR1781" uid="20049066" lat="-12.1411509" lon="-76.9811317"/>
 <node id="13376969097" visible="true" version="1" changeset="175939549" timestamp="2025-12-15T00:41:18Z" user="JSR1781" uid="20049066" lat="-12.1372849" lon="-76.9804315"/>
 <node id="13376969098" visible="true" version="1" changeset="175939549" timestamp="2025-12-15T00:41:18Z" user="JSR1781" uid="20049066" lat="-12.1364805" lon="-76.9802088"/>
 <node id="13376969099" visible="true" version="1" changeset="175939549" timestamp="2025-12-15T00:41:18Z" user="JSR1781" uid="20049066" lat="-12.1355672" lon="-76.9798942"/>
 <node id="13376969100" visible="true" version="1" changeset="175939549" timestamp="2025-12-15T00:41:18Z" user="JSR1781" uid="20049066" lat="-12.1325403" lon="-76.9787051"/>
 <node id="13376999301" visible="true" version="1" changeset="175939549" timestamp="2025-12-15T00:41:18Z" user="JSR1781" uid="20049066" lat="-12.1311548" lon="-76.9781741"/>
 <node id="13376999302" visible="true" version="1" changeset="175939549" timestamp="2025-12-15T00:41:18Z" user="JSR1781" uid="20049066" lat="-12.1311290" lon="-76.9781680"/>
 <node id="13376999303" visible="true" version="1" changeset="175939549" timestamp="2025-12-15T00:41:18Z" user="JSR1781" uid="20049066" lat="-12.1311052" lon="-76.9781721"/>
 <node id="13376999304" visible="true" version="1" changeset="175939549" timestamp="2025-12-15T00:41:18Z" user="JSR1781" uid="20049066" lat="-12.1310642" lon="-76.9782124"/>
 <node id="13376999305" visible="true" version="1" changeset="175939549" timestamp="2025-12-15T00:41:18Z" user="JSR1781" uid="20049066" lat="-12.1309863" lon="-76.9784044"/>
 <node id="13376999306" visible="true" version="1" changeset="175939549" timestamp="2025-12-15T00:41:18Z" user="JSR1781" uid="20049066" lat="-12.1308274" lon="-76.9788241"/>
 <node id="13376999307" visible="true" version="1" changeset="175939549" timestamp="2025-12-15T00:41:18Z" user="JSR1781" uid="20049066" lat="-12.1302281" lon="-76.9804287"/>
 <node id="13376999308" visible="true" version="1" changeset="175939549" timestamp="2025-12-15T00:41:18Z" user="JSR1781" uid="20049066" lat="-12.1299678" lon="-76.9811588"/>
 <node id="13376999309" visible="true" version="1" changeset="175939549" timestamp="2025-12-15T00:41:18Z" user="JSR1781" uid="20049066" lat="-12.1296912" lon="-76.9819085"/>
 <node id="13376999310" visible="true" version="1" changeset="175939549" timestamp="2025-12-15T00:41:18Z" user="JSR1781" uid="20049066" lat="-12.1292002" lon="-76.9832302"/>
 <node id="13376999311" visible="true" version="1" changeset="175939549" timestamp="2025-12-15T00:41:18Z" user="JSR1781" uid="20049066" lat="-12.1290578" lon="-76.9836166"/>
 <node id="13376999313" visible="true" version="1" changeset="175939549" timestamp="2025-12-15T00:41:18Z" user="JSR1781" uid="20049066" lat="-12.1288938" lon="-76.9840574"/>
 <node id="13376999314" visible="true" version="1" changeset="175939549" timestamp="2025-12-15T00:41:18Z" user="JSR1781" uid="20049066" lat="-12.1278833" lon="-76.9868150"/>
 <node id="13376999315" visible="true" version="1" changeset="175939549" timestamp="2025-12-15T00:41:18Z" user="JSR1781" uid="20049066" lat="-12.1277889" lon="-76.9872897"/>
 <node id="13376999316" visible="true" version="1" changeset="175939549" timestamp="2025-12-15T00:41:18Z" user="JSR1781" uid="20049066" lat="-12.1277822" lon="-76.9873361"/>
 <node id="13376999317" visible="true" version="1" changeset="175939549" timestamp="2025-12-15T00:41:18Z" user="JSR1781" uid="20049066" lat="-12.1278059" lon="-76.9880232"/>
 <node id="13376999318" visible="true" version="1" changeset="175939549" timestamp="2025-12-15T00:41:18Z" user="JSR1781" uid="20049066" lat="-12.1282352" lon="-76.9934267"/>
 <node id="13376999319" visible="true" version="1" changeset="175939549" timestamp="2025-12-15T00:41:18Z" user="JSR1781" uid="20049066" lat="-12.1285056" lon="-76.9967855"/>
 <node id="13376999320" visible="true" version="1" changeset="175939549" timestamp="2025-12-15T00:41:18Z" user="JSR1781" uid="20049066" lat="-12.1286492" lon="-76.9983256"/>
 <node id="13376999321" visible="true" version="1" changeset="175939549" timestamp="2025-12-15T00:41:18Z" user="JSR1781" uid="20049066" lat="-12.1287573" lon="-76.9998616"/>
 <node id="13376999322" visible="true" version="1" changeset="175939549" timestamp="2025-12-15T00:41:18Z" user="JSR1781" uid="20049066" lat="-12.1287864" lon="-77.0004869"/>
 <node id="13376999323" visible="true" version="1" changeset="175939549" timestamp="2025-12-15T00:41:18Z" user="JSR1781" uid="20049066" lat="-12.1287939" lon="-77.0010721"/>
 <node id="13376999324" visible="true" version="1" changeset="175939549" timestamp="2025-12-15T00:41:18Z" user="JSR1781" uid="20049066" lat="-12.1287913" lon="-77.0016707"/>
 <node id="13376999325" visible="true" version="1" changeset="175939549" timestamp="2025-12-15T00:41:18Z" user="JSR1781" uid="20049066" lat="-12.1287460" lon="-77.0019911"/>
 <node id="13376999326" visible="true" version="1" changeset="175939549" timestamp="2025-12-15T00:41:18Z" user="JSR1781" uid="20049066" lat="-12.1286300" lon="-77.0028012"/>
 <node id="13376999327" visible="true" version="1" changeset="175939549" timestamp="2025-12-15T00:41:18Z" user="JSR1781" uid="20049066" lat="-12.1284673" lon="-77.0039293"/>
 <node id="13376999328" visible="true" version="1" changeset="175939549" timestamp="2025-12-15T00:41:18Z" user="JSR1781" uid="20049066" lat="-12.1283815" lon="-77.0042207"/>
 <node id="13376999329" visible="true" version="1" changeset="175939549" timestamp="2025-12-15T00:41:18Z" user="JSR1781" uid="20049066" lat="-12.1280914" lon="-77.0060692"/>
 <node id="13376999330" visible="true" version="1" changeset="175939549" timestamp="2025-12-15T00:41:18Z" user="JSR1781" uid="20049066" lat="-12.1279787" lon="-77.0067974"/>
 <node id="13376999331" visible="true" version="1" changeset="175939549" timestamp="2025-12-15T00:41:18Z" user="JSR1781" uid="20049066" lat="-12.1278601" lon="-77.0075311"/>
 <node id="13376999332" visible="true" version="1" changeset="175939549" timestamp="2025-12-15T00:41:18Z" user="JSR1781" uid="20049066" lat="-12.1275158" lon="-77.0097503"/>
 <node id="13376999333" visible="true" version="1" changeset="175939549" timestamp="2025-12-15T00:41:18Z" user="JSR1781" uid="20049066" lat="-12.1269919" lon="-77.0131069"/>
 <node id="13376999334" visible="true" version="1" changeset="175939549" timestamp="2025-12-15T00:41:18Z" user="JSR1781" uid="20049066" lat="-12.1269378" lon="-77.0134786"/>
 <node id="13376999335" visible="true" version="1" changeset="175939549" timestamp="2025-12-15T00:41:18Z" user="JSR1781" uid="20049066" lat="-12.1268709" lon="-77.0139492"/>
 <node id="13376999336" visible="true" version="1" changeset="175939549" timestamp="2025-12-15T00:41:18Z" user="JSR1781" uid="20049066" lat="-12.1260063" lon="-77.0194611"/>
 <node id="13376999337" visible="true" version="1" changeset="175939549" timestamp="2025-12-15T00:41:18Z" user="JSR1781" uid="20049066" lat="-12.1257458" lon="-77.0210864"/>
 <node id="13376999338" visible="true" version="1" changeset="175939549" timestamp="2025-12-15T00:41:18Z" user="JSR1781" uid="20049066" lat="-12.1255646" lon="-77.0223006"/>
 <node id="13376999339" visible="true" version="1" changeset="175939549" timestamp="2025-12-15T00:41:18Z" user="JSR1781" uid="20049066" lat="-12.1253883" lon="-77.0235478"/>
 <node id="13376999340" visible="true" version="1" changeset="175939549" timestamp="2025-12-15T00:41:18Z" user="JSR1781" uid="20049066" lat="-12.1249069" lon="-77.0265110"/>
 <node id="13376999365" visible="true" version="1" changeset="175939549" timestamp="2025-12-15T00:41:18Z" user="JSR1781" uid="20049066" lat="-12.1191511" lon="-77.0290972"/>
 <node id="13376999366" visible="true" version="1" changeset="175939549" timestamp="2025-12-15T00:41:18Z" user="JSR1781" uid="20049066" lat="-12.1182187" lon="-77.0291163"/>
 <node id="13376999367" visible="true" version="1" changeset="175939549" timestamp="2025-12-15T00:41:18Z" user="JSR1781" uid="20049066" lat="-12.1172456" lon="-77.0292526"/>
 <node id="13376999368" visible="true" version="1" changeset="175939549" timestamp="2025-12-15T00:41:18Z" user="JSR1781" uid="20049066" lat="-12.1162663" lon="-77.0294165"/>
 <node id="13376999369" visible="true" version="1" changeset="175939549" timestamp="2025-12-15T00:41:18Z" user="JSR1781" uid="20049066" lat="-12.1155877" lon="-77.0295165"/>
 <node id="13376999370" visible="true" version="1" changeset="175939549" timestamp="2025-12-15T00:41:18Z" user="JSR1781" uid="20049066" lat="-12.1128246" lon="-77.0299682"/>
 <node id="13376999371" visible="true" version="1" changeset="175939549" timestamp="2025-12-15T00:41:18Z" user="JSR1781" uid="20049066" lat="-12.1087869" lon="-77.0306464"/>
 <node id="13376999372" visible="true" version="1" changeset="175939549" timestamp="2025-12-15T00:41:18Z" user="JSR1781" uid="20049066" lat="-12.1086647" lon="-77.0306695"/>
 <node id="13376999374" visible="true" version="1" changeset="175939549" timestamp="2025-12-15T00:41:18Z" user="JSR1781" uid="20049066" lat="-12.1073490" lon="-77.0308910"/>
 <node id="13376999375" visible="true" version="1" changeset="175939549" timestamp="2025-12-15T00:41:18Z" user="JSR1781" uid="20049066" lat="-12.1048267" lon="-77.0313115"/>
 <node id="13376999376" visible="true" version="1" changeset="175939549" timestamp="2025-12-15T00:41:18Z" user="JSR1781" uid="20049066" lat="-12.1026330" lon="-77.0316870"/>
 <node id="13376999377" visible="true" version="1" changeset="175939549" timestamp="2025-12-15T00:41:18Z" user="JSR1781" uid="20049066" lat="-12.0996067" lon="-77.0321962"/>
 <node id="13376999378" visible="true" version="1" changeset="175939549" timestamp="2025-12-15T00:41:18Z" user="JSR1781" uid="20049066" lat="-12.0948797" lon="-77.0329295"/>
 <node id="13376999379" visible="true" version="1" changeset="175939549" timestamp="2025-12-15T00:41:18Z" user="JSR1781" uid="20049066" lat="-12.0934445" lon="-77.0331333"/>
 <node id="13376999380" visible="true" version="1" changeset="175939549" timestamp="2025-12-15T00:41:18Z" user="JSR1781" uid="20049066" lat="-12.0924442" lon="-77.0333020"/>
 <node id="13376999381" visible="true" version="1" changeset="175939549" timestamp="2025-12-15T00:41:18Z" user="JSR1781" uid="20049066" lat="-12.0919114" lon="-77.0333724"/>
 <node id="13376999382" visible="true" version="1" changeset="175939549" timestamp="2025-12-15T00:41:18Z" user="JSR1781" uid="20049066" lat="-12.0899959" lon="-77.0336263"/>
 <node id="13376999383" visible="true" version="1" changeset="175939549" timestamp="2025-12-15T00:41:18Z" user="JSR1781" uid="20049066" lat="-12.0887190" lon="-77.0338150"/>
 <node id="13376999384" visible="true" version="1" changeset="175939549" timestamp="2025-12-15T00:41:18Z" user="JSR1781" uid="20049066" lat="-12.0867487" lon="-77.0340854"/>
 <node id="13376999385" visible="true" version="1" changeset="175939549" timestamp="2025-12-15T00:41:18Z" user="JSR1781" uid="20049066" lat="-12.0853453" lon="-77.0342935"/>
 <node id="13376999386" visible="true" version="1" changeset="175939549" timestamp="2025-12-15T00:41:18Z" user="JSR1781" uid="20049066" lat="-12.0844792" lon="-77.0344094"/>
 <node id="13376999387" visible="true" version="1" changeset="175939549" timestamp="2025-12-15T00:41:18Z" user="JSR1781" uid="20049066" lat="-12.0796891" lon="-77.0351401"/>
 <node id="13376999388" visible="true" version="1" changeset="175939549" timestamp="2025-12-15T00:41:18Z" user="JSR1781" uid="20049066" lat="-12.0788101" lon="-77.0352550"/>
 <node id="13376999390" visible="true" version="1" changeset="175939549" timestamp="2025-12-15T00:41:18Z" user="JSR1781" uid="20049066" lat="-12.0757232" lon="-77.0357374"/>
 <node id="13376999391" visible="true" version="1" changeset="175939549" timestamp="2025-12-15T00:41:18Z" user="JSR1781" uid="20049066" lat="-12.0747139" lon="-77.0358861"/>
 <node id="13376999392" visible="true" version="1" changeset="175939549" timestamp="2025-12-15T00:41:18Z" user="JSR1781" uid="20049066" lat="-12.0737467" lon="-77.0360324"/>
 <node id="13376999393" visible="true" version="1" changeset="175939549" timestamp="2025-12-15T00:41:18Z" user="JSR1781" uid="20049066" lat="-12.0727630" lon="-77.0361849"/>
 <node id="13376999394" visible="true" version="1" changeset="175939549" timestamp="2025-12-15T00:41:18Z" user="JSR1781" uid="20049066" lat="-12.0720686" lon="-77.0362897"/>
 <node id="13376999395" visible="true" version="1" changeset="175939549" timestamp="2025-12-15T00:41:18Z" user="JSR1781" uid="20049066" lat="-12.0687106" lon="-77.0367965"/>
 <node id="13376999396" visible="true" version="1" changeset="175939549" timestamp="2025-12-15T00:41:18Z" user="JSR1781" uid="20049066" lat="-12.0675296" lon="-77.0369860"/>
 <node id="13376999397" visible="true" version="1" changeset="175939549" timestamp="2025-12-15T00:41:18Z" user="JSR1781" uid="20049066" lat="-12.0661662" lon="-77.0372048"/>
 <node id="13376999398" visible="true" version="1" changeset="175939549" timestamp="2025-12-15T00:41:18Z" user="JSR1781" uid="20049066" lat="-12.0638364" lon="-77.0375483"/>
 <node id="13376999399" visible="true" version="1" changeset="175939549" timestamp="2025-12-15T00:41:18Z" user="JSR1781" uid="20049066" lat="-12.0616868" lon="-77.0377250"/>
 <node id="13376999400" visible="true" version="1" changeset="175939549" timestamp="2025-12-15T00:41:18Z" user="JSR1781" uid="20049066" lat="-12.0584619" lon="-77.0379919"/>
 <node id="13376999401" visible="true" version="1" changeset="175939549" timestamp="2025-12-15T00:41:18Z" user="JSR1781" uid="20049066" lat="-12.0573106" lon="-77.0380963"/>
 <node id="13376999402" visible="true" version="1" changeset="175939549" timestamp="2025-12-15T00:41:18Z" user="JSR1781" uid="20049066" lat="-12.0566371" lon="-77.0381537"/>
 <node id="13376999403" visible="true" version="1" changeset="175939549" timestamp="2025-12-15T00:41:18Z" user="JSR1781" uid="20049066" lat="-12.0553182" lon="-77.0382602"/>
 <node id="13376999404" visible="true" version="1" changeset="175939549" timestamp="2025-12-15T00:41:18Z" user="JSR1781" uid="20049066" lat="-12.0535962" lon="-77.0384174"/>
 <node id="13376999405" visible="true" version="1" changeset="175939549" timestamp="2025-12-15T00:41:18Z" user="JSR1781" uid="20049066" lat="-12.0529484" lon="-77.0384882"/>
 <node id="13376999406" visible="true" version="1" changeset="175939549" timestamp="2025-12-15T00:41:18Z" user="JSR1781" uid="20049066" lat="-12.0505274" lon="-77.0387994"/>
 <node id="13376999407" visible="true" version="1" changeset="175939549" timestamp="2025-12-15T00:41:18Z" user="JSR1781" uid="20049066" lat="-12.0491236" lon="-77.0389764"/>
 <node id="13376999408" visible="true" version="1" changeset="175939549" timestamp="2025-12-15T00:41:18Z" user="JSR1781" uid="20049066" lat="-12.0486993" lon="-77.0390463"/>
 <node id="13376999409" visible="true" version="1" changeset="175939549" timestamp="2025-12-15T00:41:18Z" user="JSR1781" uid="20049066" lat="-12.0486755" lon="-77.0390536"/>
 <node id="13376999410" visible="true" version="1" changeset="175939549" timestamp="2025-12-15T00:41:18Z" user="JSR1781" uid="20049066" lat="-12.0486561" lon="-77.0390463"/>
 <node id="13376999411" visible="true" version="1" changeset="175939549" timestamp="2025-12-15T00:41:18Z" user="JSR1781" uid="20049066" lat="-12.0484806" lon="-77.0389602"/>
 <node id="13376999412" visible="true" version="1" changeset="175939549" timestamp="2025-12-15T00:41:18Z" user="JSR1781" uid="20049066" lat="-12.0484756" lon="-77.0389551"/>
 <node id="13376999413" visible="true" version="1" changeset="175939549" timestamp="2025-12-15T00:41:18Z" user="JSR1781" uid="20049066" lat="-12.0455807" lon="-77.0369565"/>
 <node id="13376999414" visible="true" version="1" changeset="175939549" timestamp="2025-12-15T00:41:18Z" user="JSR1781" uid="20049066" lat="-12.0447278" lon="-77.0363518"/>
 <node id="13376999415" visible="true" version="1" changeset="175939549" timestamp="2025-12-15T00:41:18Z" user="JSR1781" uid="20049066" lat="-12.0433327" lon="-77.0353915"/>
 <node id="13376999416" visible="true" version="1" changeset="175939549" timestamp="2025-12-15T00:41:18Z" user="JSR1781" uid="20049066" lat="-12.0409406" lon="-77.0337121"/>
 <node id="13376999417" visible="true" version="1" changeset="175939549" timestamp="2025-12-15T00:41:18Z" user="JSR1781" uid="20049066" lat="-12.0409277" lon="-77.0337121"/>
 <node id="13376999418" visible="true" version="1" changeset="175939549" timestamp="2025-12-15T00:41:18Z" user="JSR1781" uid="20049066" lat="-12.0409169" lon="-77.0337232"/>
 <node id="13376999419" visible="true" version="1" changeset="175939549" timestamp="2025-12-15T00:41:18Z" user="JSR1781" uid="20049066" lat="-12.0403916" lon="-77.0350443"/>
 <node id="13376999420" visible="true" version="1" changeset="175939549" timestamp="2025-12-15T00:41:18Z" user="JSR1781" uid="20049066" lat="-12.0402701" lon="-77.0352940"/>
 <node id="13376999421" visible="true" version="1" changeset="175939549" timestamp="2025-12-15T00:41:18Z" user="JSR1781" uid="20049066" lat="-12.0401436" lon="-77.0355360"/>
 <node id="13376999422" visible="true" version="1" changeset="175939549" timestamp="2025-12-15T00:41:18Z" user="JSR1781" uid="20049066" lat="-12.0400209" lon="-77.0357383"/>
 <node id="13376999423" visible="true" version="1" changeset="175939549" timestamp="2025-12-15T00:41:18Z" user="JSR1781" uid="20049066" lat="-12.0398224" lon="-77.0360403"/>
 <node id="13376999424" visible="true" version="1" changeset="175939549" timestamp="2025-12-15T00:41:18Z" user="JSR1781" uid="20049066" lat="-12.0396101" lon="-77.0362831"/>
 <node id="13376999425" visible="true" version="1" changeset="175939549" timestamp="2025-12-15T00:41:18Z" user="JSR1781" uid="20049066" lat="-12.0387685" lon="-77.0372223"/>
 <node id="13376999426" visible="true" version="1" changeset="175939549" timestamp="2025-12-15T00:41:18Z" user="JSR1781" uid="20049066" lat="-12.0386041" lon="-77.0374430"/>
 <node id="13376999427" visible="true" version="1" changeset="175939549" timestamp="2025-12-15T00:41:18Z" user="JSR1781" uid="20049066" lat="-12.0382947" lon="-77.0379497"/>
 <node id="13376999428" visible="true" version="1" changeset="175939549" timestamp="2025-12-15T00:41:18Z" user="JSR1781" uid="20049066" lat="-12.0380823" lon="-77.0383805"/>
 <node id="13376999429" visible="true" version="1" changeset="175939549" timestamp="2025-12-15T00:41:18Z" user="JSR1781" uid="20049066" lat="-12.0378939" lon="-77.0389537"/>
 <node id="13376999430" visible="true" version="1" changeset="175939549" timestamp="2025-12-15T00:41:18Z" user="JSR1781" uid="20049066" lat="-12.0375297" lon="-77.0401877"/>
 <node id="13376999431" visible="true" version="1" changeset="175939549" timestamp="2025-12-15T00:41:18Z" user="JSR1781" uid="20049066" lat="-12.0372476" lon="-77.0411719"/>
 <node id="13376999432" visible="true" version="1" changeset="175939549" timestamp="2025-12-15T00:41:18Z" user="JSR1781" uid="20049066" lat="-12.0371403" lon="-77.0415152"/>
 <node id="13376999433" visible="true" version="1" changeset="175939549" timestamp="2025-12-15T00:41:18Z" user="JSR1781" uid="20049066" lat="-12.0368503" lon="-77.0425099"/>
 <node id="13376999434" visible="true" version="1" changeset="175939549" timestamp="2025-12-15T00:41:18Z" user="JSR1781" uid="20049066" lat="-12.0366710" lon="-77.0430726"/>
 <node id="13376999435" visible="true" version="1" changeset="175939549" timestamp="2025-12-15T00:41:18Z" user="JSR1781" uid="20049066" lat="-12.0360902" lon="-77.0450716"/>
 <node id="13376999436" visible="true" version="1" changeset="175939549" timestamp="2025-12-15T00:41:18Z" user="JSR1781" uid="20049066" lat="-12.0359877" lon="-77.0456554"/>
 <node id="13376999437" visible="true" version="1" changeset="175939549" timestamp="2025-12-15T00:41:18Z" user="JSR1781" uid="20049066" lat="-12.0358280" lon="-77.0465381"/>
 <node id="13376999438" visible="true" version="1" changeset="175939549" timestamp="2025-12-15T00:41:18Z" user="JSR1781" uid="20049066" lat="-12.0355641" lon="-77.0476487"/>
 <node id="13376999439" visible="true" version="1" changeset="175939549" timestamp="2025-12-15T00:41:18Z" user="JSR1781" uid="20049066" lat="-12.0352922" lon="-77.0485605"/>
 <node id="13376999440" visible="true" version="1" changeset="175939549" timestamp="2025-12-15T00:41:18Z" user="JSR1781" uid="20049066" lat="-12.0349403" lon="-77.0495620"/>
 <node id="13376999441" visible="true" version="1" changeset="175939549" timestamp="2025-12-15T00:41:18Z" user="JSR1781" uid="20049066" lat="-12.0344207" lon="-77.0508977"/>
 <node id="13376999442" visible="true" version="1" changeset="175939549" timestamp="2025-12-15T00:41:18Z" user="JSR1781" uid="20049066" lat="-12.0334183" lon="-77.0533136"/>
 <node id="13376999443" visible="true" version="1" changeset="175939549" timestamp="2025-12-15T00:41:18Z" user="JSR1781" uid="20049066" lat="-12.0330035" lon="-77.0540571"/>
 <node id="13376999444" visible="true" version="1" changeset="175939549" timestamp="2025-12-15T00:41:18Z" user="JSR1781" uid="20049066" lat="-12.0323741" lon="-77.0550101"/>
 <node id="13376999445" visible="true" version="1" changeset="175939549" timestamp="2025-12-15T00:41:18Z" user="JSR1781" uid="20049066" lat="-12.0320758" lon="-77.0553521"/>
 <node id="13376999446" visible="true" version="1" changeset="175939549" timestamp="2025-12-15T00:41:18Z" user="JSR1781" uid="20049066" lat="-12.0316629" lon="-77.0558097"/>
 <node id="13376999447" visible="true" version="1" changeset="175939549" timestamp="2025-12-15T00:41:18Z" user="JSR1781" uid="20049066" lat="-12.0314369" lon="-77.0560407"/>
 <node id="13376999448" visible="true" version="1" changeset="175939549" timestamp="2025-12-15T00:41:18Z" user="JSR1781" uid="20049066" lat="-12.0307736" lon="-77.0565715"/>
 <node id="13376999449" visible="true" version="1" changeset="175939549" timestamp="2025-12-15T00:41:18Z" user="JSR1781" uid="20049066" lat="-12.0297756" lon="-77.0572673"/>
 <node id="13376999450" visible="true" version="1" changeset="175939549" timestamp="2025-12-15T00:41:18Z" user="JSR1781" uid="20049066" lat="-12.0294924" lon="-77.0574681"/>
 <node id="13376999451" visible="true" version="1" changeset="175939549" timestamp="2025-12-15T00:41:18Z" user="JSR1781" uid="20049066" lat="-12.0290848" lon="-77.0576584"/>
 <node id="13376999452" visible="true" version="1" changeset="175939549" timestamp="2025-12-15T00:41:18Z" user="JSR1781" uid="20049066" lat="-12.0282957" lon="-77.0579748"/>
 <node id="13376999453" visible="true" version="1" changeset="175939549" timestamp="2025-12-15T00:41:18Z" user="JSR1781" uid="20049066" lat="-12.0279098" lon="-77.0580997"/>
 <node id="13376999454" visible="true" version="1" changeset="175939549" timestamp="2025-12-15T00:41:18Z" user="JSR1781" uid="20049066" lat="-12.0274122" lon="-77.0582306"/>
 <node id="13376999455" visible="true" version="1" changeset="175939549" timestamp="2025-12-15T00:41:18Z" user="JSR1781" uid="20049066" lat="-12.0269877" lon="-77.0583022"/>
 <node id="13376999456" visible="true" version="1" changeset="175939549" timestamp="2025-12-15T00:41:18Z" user="JSR1781" uid="20049066" lat="-12.0239985" lon="-77.0587559"/>
 <node id="13376999457" visible="true" version="1" changeset="175939549" timestamp="2025-12-15T00:41:18Z" user="JSR1781" uid="20049066" lat="-12.0229779" lon="-77.0589286"/>
 <node id="13376999458" visible="true" version="1" changeset="175939549" timestamp="2025-12-15T00:41:18Z" user="JSR1781" uid="20049066" lat="-12.0197977" lon="-77.0594160"/>
 <node id="13376999459" visible="true" version="1" changeset="175939549" timestamp="2025-12-15T00:41:18Z" user="JSR1781" uid="20049066" lat="-12.0187687" lon="-77.0595719"/>
 <node id="13376999460" visible="true" version="1" changeset="175939549" timestamp="2025-12-15T00:41:18Z" user="JSR1781" uid="20049066" lat="-12.0167048" lon="-77.0598837"/>
 <node id="13376999461" visible="true" version="1" changeset="175939549" timestamp="2025-12-15T00:41:18Z" user="JSR1781" uid="20049066" lat="-12.0152162" lon="-77.0601059"/>
 <node id="13376999462" visible="true" version="1" changeset="175939549" timestamp="2025-12-15T00:41:18Z" user="JSR1781" uid="20049066" lat="-12.0125718" lon="-77.0605086"/>
 <node id="13376999463" visible="true" version="1" changeset="175939549" timestamp="2025-12-15T00:41:18Z" user="JSR1781" uid="20049066" lat="-12.0118024" lon="-77.0605797"/>
 <node id="13376999464" visible="true" version="1" changeset="175939549" timestamp="2025-12-15T00:41:18Z" user="JSR1781" uid="20049066" lat="-12.0113511" lon="-77.0606407"/>
 <node id="13376999465" visible="true" version="1" changeset="175939549" timestamp="2025-12-15T00:41:18Z" user="JSR1781" uid="20049066" lat="-12.0105140" lon="-77.0607647"/>
 <node id="13376999466" visible="true" version="1" changeset="175939549" timestamp="2025-12-15T00:41:18Z" user="JSR1781" uid="20049066" lat="-12.0098474" lon="-77.0608889"/>
 <node id="13376999467" visible="true" version="1" changeset="175939549" timestamp="2025-12-15T00:41:18Z" user="JSR1781" uid="20049066" lat="-12.0091852" lon="-77.0610503"/>
 <node id="13376999468" visible="true" version="1" changeset="175939549" timestamp="2025-12-15T00:41:18Z" user="JSR1781" uid="20049066" lat="-12.0085728" lon="-77.0612455"/>
 <node id="13376999469" visible="true" version="1" changeset="175939549" timestamp="2025-12-15T00:41:18Z" user="JSR1781" uid="20049066" lat="-12.0078937" lon="-77.0614192"/>
 <node id="13376999470" visible="true" version="1" changeset="175939549" timestamp="2025-12-15T00:41:18Z" user="JSR1781" uid="20049066" lat="-12.0064261" lon="-77.0616361"/>
 <node id="13376999471" visible="true" version="1" changeset="175939549" timestamp="2025-12-15T00:41:18Z" user="JSR1781" uid="20049066" lat="-12.0048167" lon="-77.0618408"/>
 <node id="13376999472" visible="true" version="1" changeset="175939549" timestamp="2025-12-15T00:41:18Z" user="JSR1781" uid="20049066" lat="-12.0043589" lon="-77.0618783"/>
 <node id="13376999473" visible="true" version="1" changeset="175939549" timestamp="2025-12-15T00:41:18Z" user="JSR1781" uid="20049066" lat="-12.0029445" lon="-77.0620237"/>
 <node id="13376999474" visible="true" version="1" changeset="175939549" timestamp="2025-12-15T00:41:18Z" user="JSR1781" uid="20049066" lat="-12.0019364" lon="-77.0621775"/>
 <node id="13376999475" visible="true" version="1" changeset="175939549" timestamp="2025-12-15T00:41:18Z" user="JSR1781" uid="20049066" lat="-11.9972750" lon="-77.0629332"/>
 <node id="13376999476" visible="true" version="1" changeset="175939549" timestamp="2025-12-15T00:41:18Z" user="JSR1781" uid="20049066" lat="-11.9954292" lon="-77.0632137"/>
 <node id="13376999477" visible="true" version="1" changeset="175939549" timestamp="2025-12-15T00:41:18Z" user="JSR1781" uid="20049066" lat="-11.9934616" lon="-77.0635332"/>
 <node id="13376999478" visible="true" version="1" changeset="175939549" timestamp="2025-12-15T00:41:18Z" user="JSR1781" uid="20049066" lat="-11.9926026" lon="-77.0637427"/>
 <node id="13376999479" visible="true" version="1" changeset="175939549" timestamp="2025-12-15T00:41:18Z" user="JSR1781" uid="20049066" lat="-11.9910005" lon="-77.0640372"/>
 <node id="13376999480" visible="true" version="1" changeset="175939549" timestamp="2025-12-15T00:41:18Z" user="JSR1781" uid="20049066" lat="-11.9892700" lon="-77.0642532"/>
 <node id="13376999481" visible="true" version="1" changeset="175939549" timestamp="2025-12-15T00:41:18Z" user="JSR1781" uid="20049066" lat="-11.9871080" lon="-77.0645157"/>
 <node id="13376999482" visible="true" version="1" changeset="175939549" timestamp="2025-12-15T00:41:18Z" user="JSR1781" uid="20049066" lat="-11.9862800" lon="-77.0646373"/>
 <node id="13376999483" visible="true" version="1" changeset="175939549" timestamp="2025-12-15T00:41:18Z" user="JSR1781" uid="20049066" lat="-11.9856286" lon="-77.0647436"/>
 <node id="13376999484" visible="true" version="1" changeset="175939549" timestamp="2025-12-15T00:41:18Z" user="JSR1781" uid="20049066" lat="-11.9844286" lon="-77.0649319"/>
 <node id="13376999485" visible="true" version="1" changeset="175939549" timestamp="2025-12-15T00:41:18Z" user="JSR1781" uid="20049066" lat="-11.9792040" lon="-77.0657437"/>
 <node id="13376999486" visible="true" version="1" changeset="175939549" timestamp="2025-12-15T00:41:18Z" user="JSR1781" uid="20049066" lat="-11.9765004" lon="-77.0661721"/>
 <node id="13376999487" visible="true" version="1" changeset="175939549" timestamp="2025-12-15T00:41:18Z" user="JSR1781" uid="20049066" lat="-11.9650689" lon="-77.0679824"/>
 <node id="13376999488" visible="true" version="1" changeset="175939549" timestamp="2025-12-15T00:41:18Z" user="JSR1781" uid="20049066" lat="-11.9623191" lon="-77.0684265"/>
 <node id="13376999489" visible="true" version="1" changeset="175939549" timestamp="2025-12-15T00:41:18Z" user="JSR1781" uid="20049066" lat="-11.9610703" lon="-77.0686074"/>
 <node id="13376999490" visible="true" version="1" changeset="175939549" timestamp="2025-12-15T00:41:18Z" user="JSR1781" uid="20049066" lat="-11.9591684" lon="-77.0688740"/>
 <node id="13376999491" visible="true" version="1" changeset="175939549" timestamp="2025-12-15T00:41:18Z" user="JSR1781" uid="20049066" lat="-11.9566325" lon="-77.0692677"/>
 <node id="13376999492" visible="true" version="1" changeset="175939549" timestamp="2025-12-15T00:41:18Z" user="JSR1781" uid="20049066" lat="-11.9509333" lon="-77.0701664"/>
 <node id="13376999493" visible="true" version="1" changeset="175939549" timestamp="2025-12-15T00:41:18Z" user="JSR1781" uid="20049066" lat="-11.9482762" lon="-77.0705834"/>
 <node id="13376999494" visible="true" version="1" changeset="175939549" timestamp="2025-12-15T00:41:18Z" user="JSR1781" uid="20049066" lat="-11.9460444" lon="-77.0708793"/>
 <node id="13376999495" visible="true" version="1" changeset="175939549" timestamp="2025-12-15T00:41:18Z" user="JSR1781" uid="20049066" lat="-11.9451960" lon="-77.0709898"/>
 <node id="13376999496" visible="true" version="1" changeset="175939549" timestamp="2025-12-15T00:41:18Z" user="JSR1781" uid="20049066" lat="-11.9447612" lon="-77.0710218"/>
 <node id="13376999497" visible="true" version="1" changeset="175939549" timestamp="2025-12-15T00:41:18Z" user="JSR1781" uid="20049066" lat="-11.9417182" lon="-77.0713149"/>
 <node id="13376999498" visible="true" version="1" changeset="175939549" timestamp="2025-12-15T00:41:18Z" user="JSR1781" uid="20049066" lat="-11.9400849" lon="-77.0714603"/>
 <node id="13376999499" visible="true" version="1" changeset="175939549" timestamp="2025-12-15T00:41:18Z" user="JSR1781" uid="20049066" lat="-11.9396334" lon="-77.0714978"/>
 <node id="13376999500" visible="true" version="1" changeset="175939549" timestamp="2025-12-15T00:41:18Z" user="JSR1781" uid="20049066" lat="-11.9377172" lon="-77.0716989"/>
 <node id="13376999501" visible="true" version="1" changeset="175939549" timestamp="2025-12-15T00:41:18Z" user="JSR1781" uid="20049066" lat="-11.9342500" lon="-77.0720131"/>
 <node id="13376999502" visible="true" version="1" changeset="175939549" timestamp="2025-12-15T00:41:18Z" user="JSR1781" uid="20049066" lat="-11.9327051" lon="-77.0721647"/>
 <node id="13376999503" visible="true" version="1" changeset="175939549" timestamp="2025-12-15T00:41:18Z" user="JSR1781" uid="20049066" lat="-11.9309932" lon="-77.0723251"/>
 <node id="13376999504" visible="true" version="1" changeset="175939549" timestamp="2025-12-15T00:41:18Z" user="JSR1781" uid="20049066" lat="-11.9306159" lon="-77.0723371"/>
 <node id="13376999505" visible="true" version="1" changeset="175939549" timestamp="2025-12-15T00:41:18Z" user="JSR1781" uid="20049066" lat="-11.9306034" lon="-77.0723329"/>
 <node id="13376999506" visible="true" version="1" changeset="175939549" timestamp="2025-12-15T00:41:18Z" user="JSR1781" uid="20049066" lat="-11.9305961" lon="-77.0723222"/>
 <node id="13376999507" visible="true" version="1" changeset="175939549" timestamp="2025-12-15T00:41:18Z" user="JSR1781" uid="20049066" lat="-11.9305919" lon="-77.0723031"/>
 <node id="13376999508" visible="true" version="1" changeset="175939549" timestamp="2025-12-15T00:41:18Z" user="JSR1781" uid="20049066" lat="-11.9303677" lon="-77.0701227"/>
 <node id="13376999509" visible="true" version="1" changeset="175939549" timestamp="2025-12-15T00:41:18Z" user="JSR1781" uid="20049066" lat="-11.9300984" lon="-77.0691719"/>
 <node id="13376999510" visible="true" version="1" changeset="175939549" timestamp="2025-12-15T00:41:18Z" user="JSR1781" uid="20049066" lat="-11.9298785" lon="-77.0685946"/>
 <node id="13376999511" visible="true" version="1" changeset="175939549" timestamp="2025-12-15T00:41:18Z" user="JSR1781" uid="20049066" lat="-11.9295487" lon="-77.0679415"/>
 <node id="13376999512" visible="true" version="1" changeset="175939549" timestamp="2025-12-15T00:41:18Z" user="JSR1781" uid="20049066" lat="-11.9288196" lon="-77.0668997"/>
 <node id="13376999513" visible="true" version="1" changeset="175939549" timestamp="2025-12-15T00:41:18Z" user="JSR1781" uid="20049066" lat="-11.9283026" lon="-77.0663359"/>
 <node id="13376999514" visible="true" version="1" changeset="175939549" timestamp="2025-12-15T00:41:18Z" user="JSR1781" uid="20049066" lat="-11.9273741" lon="-77.0655548"/>
 <node id="13376999515" visible="true" version="1" changeset="175939549" timestamp="2025-12-15T00:41:18Z" user="JSR1781" uid="20049066" lat="-11.9251690" lon="-77.0642839"/>
 <node id="13376999516" visible="true" version="1" changeset="175939549" timestamp="2025-12-15T00:41:18Z" user="JSR1781" uid="20049066" lat="-11.9246323" lon="-77.0639889"/>
 <node id="13472163019" visible="true" version="1" changeset="177495675" timestamp="2026-01-20T21:19:11Z" user="JSR1781" uid="20049066" lat="-11.9331195" lon="-77.0721890"/>
 <node id="13472163024" visible="true" version="1" changeset="177495675" timestamp="2026-01-20T21:19:11Z" user="JSR1781" uid="20049066" lat="-11.9559774" lon="-77.0693710"/>
 <node id="13480918757" visible="true" version="1" changeset="177630266" timestamp="2026-01-23T23:47:44Z" user="JSR1781" uid="20049066" lat="-12.1196419" lon="-77.0291216"/>
 <node id="13480918758" visible="true" version="1" changeset="177630266" timestamp="2026-01-23T23:47:44Z" user="JSR1781" uid="20049066" lat="-12.1196530" lon="-77.0291044"/>
 <node id="13480918759" visible="true" version="1" changeset="177630266" timestamp="2026-01-23T23:47:44Z" user="JSR1781" uid="20049066" lat="-12.1591064" lon="-76.9799732"/>
 <node id="13480918760" visible="true" version="1" changeset="177630266" timestamp="2026-01-23T23:47:44Z" user="JSR1781" uid="20049066" lat="-12.1591568" lon="-76.9803372"/>
 <node id="13480918761" visible="true" version="1" changeset="177630266" timestamp="2026-01-23T23:47:44Z" user="JSR1781" uid="20049066" lat="-12.1244877" lon="-77.0293633"/>
 <node id="13480918762" visible="true" version="1" changeset="177630266" timestamp="2026-01-23T23:47:44Z" user="JSR1781" uid="20049066" lat="-12.1245096" lon="-77.0293652"/>
 <node id="13480918763" visible="true" version="1" changeset="177630266" timestamp="2026-01-23T23:47:44Z" user="JSR1781" uid="20049066" lat="-12.1198316" lon="-77.0291035"/>
 <node id="13480918764" visible="true" version="1" changeset="177630266" timestamp="2026-01-23T23:47:44Z" user="JSR1781" uid="20049066" lat="-12.1199063" lon="-77.0290984"/>
 <node id="13480918765" visible="true" version="1" changeset="177630266" timestamp="2026-01-23T23:47:44Z" user="JSR1781" uid="20049066" lat="-12.1200007" lon="-77.0290801"/>
 <node id="13480918766" visible="true" version="1" changeset="177630266" timestamp="2026-01-23T23:47:44Z" user="JSR1781" uid="20049066" lat="-12.1200414" lon="-77.0290593"/>
 <node id="13480918767" visible="true" version="1" changeset="177630266" timestamp="2026-01-23T23:47:44Z" user="JSR1781" uid="20049066" lat="-12.1200641" lon="-77.0290373"/>
 <node id="13480918768" visible="true" version="1" changeset="177630266" timestamp="2026-01-23T23:47:44Z" user="JSR1781" uid="20049066" lat="-12.1200904" lon="-77.0290067"/>
 <node id="13480918769" visible="true" version="1" changeset="177630266" timestamp="2026-01-23T23:47:44Z" user="JSR1781" uid="20049066" lat="-12.1201358" lon="-77.0289578"/>
 <node id="13480918770" visible="true" version="1" changeset="177630266" timestamp="2026-01-23T23:47:44Z" user="JSR1781" uid="20049066" lat="-12.1201743" lon="-77.0289506"/>
 <node id="13480918771" visible="true" version="1" changeset="177630266" timestamp="2026-01-23T23:47:44Z" user="JSR1781" uid="20049066" lat="-12.1218004" lon="-77.0290192"/>
 <node id="13480918772" visible="true" version="1" changeset="177630266" timestamp="2026-01-23T23:47:44Z" user="JSR1781" uid="20049066" lat="-12.1222044" lon="-77.0290496"/>
 <node id="13480918773" visible="true" version="1" changeset="177630266" timestamp="2026-01-23T23:47:44Z" user="JSR1781" uid="20049066" lat="-12.1225035" lon="-77.0290799"/>
 <node id="13480918774" visible="true" version="1" changeset="177630266" timestamp="2026-01-23T23:47:44Z" user="JSR1781" uid="20049066" lat="-12.1243034" lon="-77.0293394"/>
 <node id="13480918775" visible="true" version="1" changeset="177630266" timestamp="2026-01-23T23:47:44Z" user="JSR1781" uid="20049066" lat="-12.1243836" lon="-77.0293495"/>
 <node id="13480918776" visible="true" version="1" changeset="177630266" timestamp="2026-01-23T23:47:44Z" user="JSR1781" uid="20049066" lat="-12.1244356" lon="-77.0293571"/>
 <node id="13480918777" visible="true" version="1" changeset="177630266" timestamp="2026-01-23T23:47:44Z" user="JSR1781" uid="20049066" lat="-12.1198247" lon="-77.0291237"/>
 <node id="13480918778" visible="true" version="1" changeset="177630266" timestamp="2026-01-23T23:47:44Z" user="JSR1781" uid="20049066" lat="-12.1199191" lon="-77.0291251"/>
 <node id="13480918779" visible="true" version="1" changeset="177630266" timestamp="2026-01-23T23:47:44Z" user="JSR1781" uid="20049066" lat="-12.1199886" lon="-77.0291130"/>
 <node id="13480918780" visible="true" version="1" changeset="177630266" timestamp="2026-01-23T23:47:44Z" user="JSR1781" uid="20049066" lat="-12.1200319" lon="-77.0291050"/>
 <node id="13480918781" visible="true" version="1" changeset="177630266" timestamp="2026-01-23T23:47:44Z" user="JSR1781" uid="20049066" lat="-12.1200883" lon="-77.0290634"/>
 <node id="13480918782" visible="true" version="1" changeset="177630266" timestamp="2026-01-23T23:47:44Z" user="JSR1781" uid="20049066" lat="-12.1201289" lon="-77.0290111"/>
 <node id="13480918783" visible="true" version="1" changeset="177630266" timestamp="2026-01-23T23:47:44Z" user="JSR1781" uid="20049066" lat="-12.1201473" lon="-77.0290030"/>
 <node id="13480918784" visible="true" version="1" changeset="177630266" timestamp="2026-01-23T23:47:44Z" user="JSR1781" uid="20049066" lat="-12.1204017" lon="-77.0290017"/>
 <node id="13480918785" visible="true" version="1" changeset="177630266" timestamp="2026-01-23T23:47:44Z" user="JSR1781" uid="20049066" lat="-12.1219062" lon="-77.0290662"/>
 <node id="13480918786" visible="true" version="1" changeset="177630266" timestamp="2026-01-23T23:47:44Z" user="JSR1781" uid="20049066" lat="-12.1225514" lon="-77.0291399"/>
 <node id="13480918787" visible="true" version="1" changeset="177630266" timestamp="2026-01-23T23:47:44Z" user="JSR1781" uid="20049066" lat="-12.1242498" lon="-77.0293767"/>
 <node id="13480918788" visible="true" version="1" changeset="177630266" timestamp="2026-01-23T23:47:44Z" user="JSR1781" uid="20049066" lat="-12.1244466" lon="-77.0294024"/>
 <node id="13480918789" visible="true" version="1" changeset="177630266" timestamp="2026-01-23T23:47:44Z" user="JSR1781" uid="20049066" lat="-12.1245053" lon="-77.0294108"/>
 <node id="13480918790" visible="true" version="1" changeset="177630266" timestamp="2026-01-23T23:47:44Z" user="JSR1781" uid="20049066" lat="-12.1245107" lon="-77.0293580"/>
 <node id="13550865276" visible="true" version="1" changeset="178481999" timestamp="2026-02-13T02:26:35Z" user="wille" uid="360183" lat="-12.1223075" lon="-77.0295652">
  <tag k="amenity" v="cafe"/>
  <tag k="check_date" v="2026-02-12"/>
  <tag k="internet_access" v="wlan"/>
  <tag k="internet_access:fee" v="customers"/>
  <tag k="level" v="0"/>
  <tag k="name" v="Cofaine"/>
  <tag k="outdoor_seating" v="yes"/>
  <tag k="payment:cash" v="yes"/>
  <tag k="payment:credit_cards" v="yes"/>
  <tag k="payment:debit_cards" v="yes"/>
  <tag k="wheelchair" v="yes"/>
 </node>
 <node id="13570089217" visible="true" version="1" changeset="178634477" timestamp="2026-02-16T15:06:08Z" user="wille" uid="360183" lat="-12.1243271" lon="-77.0294315">
  <tag k="access" v="yes"/>
  <tag k="amenity" v="bicycle_parking"/>
  <tag k="covered" v="no"/>
  <tag k="fee" v="no"/>
  <tag k="operator:type" v="public"/>
 </node>
 <node id="13570089218" visible="true" version="1" changeset="178634477" timestamp="2026-02-16T15:06:08Z" user="wille" uid="360183" lat="-12.1224915" lon="-77.0289825">
  <tag k="amenity" v="cafe"/>
  <tag k="brand" v="Starbucks"/>
  <tag k="brand:wikidata" v="Q37158"/>
  <tag k="check_date" v="2026-02-15"/>
  <tag k="cuisine" v="coffee_shop"/>
  <tag k="name" v="Starbucks"/>
  <tag k="official_name" v="Starbucks Coffee"/>
  <tag k="takeaway" v="yes"/>
  <tag k="wheelchair" v="yes"/>
 </node>
 <node id="13573191896" visible="true" version="1" changeset="178683645" timestamp="2026-02-17T14:48:08Z" user="wille" uid="360183" lat="-12.1237294" lon="-77.0294209">
  <tag k="brand" v="Skechers"/>
  <tag k="brand:wikidata" v="Q2945643"/>
  <tag k="check_date" v="2026-02-16"/>
  <tag k="name" v="Skechers"/>
  <tag k="shop" v="shoes"/>
  <tag k="wheelchair" v="yes"/>
 </node>
 <node id="13573191900" visible="true" version="1" changeset="178683645" timestamp="2026-02-17T14:48:08Z" user="wille" uid="360183" lat="-12.1242945" lon="-77.0300637">
  <tag k="brand" v="Smart Fit"/>
  <tag k="brand:wikidata" v="Q30930959"/>
  <tag k="check_date" v="2026-02-17"/>
  <tag k="leisure" v="fitness_centre"/>
  <tag k="name" v="Smart Fit"/>
 </node>
 <node id="13759934301" visible="true" version="1" changeset="181789880" timestamp="2026-04-25T02:53:49Z" user="Tattos167406" uid="24074557" lat="-12.1229600" lon="-77.0293339">
  <tag k="amenity" v="pharmacy"/>
  <tag k="name" v="Inkafarma"/>
 </node>
 <way id="14073942" visible="true" version="13" changeset="158308293" timestamp="2024-10-24T18:47:00Z" user="murghdo" uid="2418845">
  <nd ref="1319390248"/>
  <nd ref="108191735"/>
  <tag k="highway" v="residential"/>
  <tag k="name" v="Calle Cristóbal Colón"/>
  <tag k="name:en" v="Cristobal Colón Street"/>
  <tag k="name:es" v="Calle Cristóbal Colón"/>
  <tag k="name:etymology:wikidata" v="Q7322"/>
  <tag k="oneway" v="yes"/>
  <tag k="surface" v="asphalt"/>
 </way>
 <way id="39441587" visible="true" version="19" changeset="163144694" timestamp="2025-03-03T03:45:13Z" user="Fer25" uid="14345373">
  <nd ref="263613997"/>
  <nd ref="252115370"/>
  <nd ref="5967482146"/>
  <nd ref="252115303"/>
  <nd ref="263613076"/>
  <nd ref="4341732581"/>
  <nd ref="12631991957"/>
  <tag k="alt_name" v="Calle Ernesto Diez Canseco"/>
  <tag k="foot" v="designated"/>
  <tag k="highway" v="tertiary"/>
  <tag k="lanes" v="2"/>
  <tag k="lit" v="yes"/>
  <tag k="maxspeed" v="40"/>
  <tag k="name" v="Avenida Ernesto Diez Canseco"/>
  <tag k="oneway" v="yes"/>
  <tag k="sidewalk" v="both"/>
  <tag k="surface" v="asphalt"/>
 </way>
 <way id="129466113" visible="true" version="24" changeset="168210927" timestamp="2025-06-28T02:57:24Z" user="barrettj12" uid="23046251">
  <nd ref="108183458"/>
  <nd ref="10783161578"/>
  <nd ref="12958128054"/>
  <nd ref="108183459"/>
  <nd ref="11411061810"/>
  <nd ref="108183461"/>
  <nd ref="9356722973"/>
  <nd ref="9429402672"/>
  <nd ref="3245705962"/>
  <nd ref="108178119"/>
  <tag k="bus:lanes" v="no|no|yes"/>
  <tag k="busway:right" v="lane"/>
  <tag k="highway" v="secondary"/>
  <tag k="lanes" v="3"/>
  <tag k="lit" v="yes"/>
  <tag k="maxspeed" v="60"/>
  <tag k="name" v="Avenida José Larco"/>
  <tag k="name:en" v="José Larco Avenue"/>
  <tag k="name:es" v="Avenida José Larco"/>
  <tag k="oneway" v="yes"/>
  <tag k="sidewalk" v="both"/>
  <tag k="surface" v="asphalt"/>
 </way>
 <way id="164369895" visible="true" version="14" changeset="122816275" timestamp="2022-06-24T19:37:24Z" user="D Monk" uid="14670514">
  <nd ref="1760093065"/>
  <nd ref="6259816766"/>
  <nd ref="4216621508"/>
  <nd ref="4337232228"/>
  <nd ref="4216626888"/>
  <nd ref="9644181156"/>
  <nd ref="4376633475"/>
  <nd ref="1760093063"/>
  <tag k="bicycle" v="yes"/>
  <tag k="foot" v="yes"/>
  <tag k="highway" v="pedestrian"/>
  <tag k="lanes" v="2"/>
  <tag k="lit" v="yes"/>
  <tag k="motor_vehicle" v="permissive"/>
  <tag k="name" v="Calle Tarata"/>
  <tag k="name:en" v="Tarata Street"/>
  <tag k="surface" v="paving_stones"/>
  <tag k="wikidata" v="Q23253788"/>
  <tag k="wikipedia" v="es:Calle Tarata"/>
 </way>
 <way id="245492478" visible="true" version="4" changeset="107374444" timestamp="2021-07-04T04:02:07Z" user="jorgejhms" uid="125905">
  <nd ref="2526790366"/>
  <nd ref="2526790378"/>
  <nd ref="2526790376"/>
  <nd ref="8891500313"/>
  <nd ref="1273458489"/>
  <tag k="highway" v="pedestrian"/>
  <tag k="name" v="Calle Municipal"/>
 </way>
 <way id="245492480" visible="true" version="3" changeset="85915895" timestamp="2020-05-29T03:24:47Z" user="BikeRoad" uid="3189465">
  <nd ref="4407514710"/>
  <nd ref="4407514711"/>
  <nd ref="4407514712"/>
  <nd ref="4407514713"/>
  <nd ref="2526790364"/>
  <nd ref="4407514699"/>
  <nd ref="4407514700"/>
  <nd ref="4407514701"/>
  <nd ref="2526790370"/>
  <nd ref="2526790368"/>
  <nd ref="4407514702"/>
  <nd ref="4407514703"/>
  <nd ref="4407514704"/>
  <nd ref="4407514705"/>
  <nd ref="4407514706"/>
  <nd ref="2526790374"/>
  <nd ref="4407514707"/>
  <nd ref="4407514708"/>
  <nd ref="4407514709"/>
  <nd ref="2526790372"/>
  <nd ref="4407514710"/>
  <tag k="highway" v="footway"/>
  <tag k="surface" v="paving_stones"/>
 </way>
 <way id="245492482" visible="true" version="3" changeset="85915895" timestamp="2020-05-29T03:24:47Z" user="BikeRoad" uid="3189465">
  <nd ref="2526790374"/>
  <nd ref="2526790380"/>
  <nd ref="2526790382"/>
  <tag k="highway" v="footway"/>
  <tag k="surface" v="paving_stones"/>
 </way>
 <way id="245492484" visible="true" version="8" changeset="85958230" timestamp="2020-05-29T16:49:42Z" user="BikeRoad" uid="3189465">
  <nd ref="2526790339"/>
  <nd ref="2526790362"/>
  <nd ref="4565697342"/>
  <nd ref="2526790337"/>
  <nd ref="2526790388"/>
  <nd ref="2526790350"/>
  <nd ref="2526790357"/>
  <nd ref="2526790339"/>
 </way>
 <way id="245492487" visible="true" version="3" changeset="85915895" timestamp="2020-05-29T03:24:47Z" user="BikeRoad" uid="3189465">
  <nd ref="2526790390"/>
  <nd ref="7567884895"/>
  <nd ref="7567884896"/>
  <nd ref="2526790341"/>
  <nd ref="2526790352"/>
  <nd ref="2526790348"/>
  <nd ref="2526790359"/>
  <nd ref="7567884893"/>
  <nd ref="7567884894"/>
  <nd ref="7567884892"/>
  <nd ref="2526790390"/>
  <tag k="addr:city" v="Miraflores"/>
  <tag k="leisure" v="park"/>
  <tag k="name" v="Parque Raúl Porras Barrenechea"/>
  <tag k="name:en" v="Raúl Porras Barrenechea Park"/>
  <tag k="opening_hours" v="24/7"/>
 </way>
 <way id="245492491" visible="true" version="2" changeset="85958230" timestamp="2020-05-29T16:49:42Z" user="BikeRoad" uid="3189465">
  <nd ref="7570079260"/>
  <nd ref="2526790348"/>
  <nd ref="2526790352"/>
  <nd ref="2526790341"/>
  <nd ref="2526790337"/>
  <tag k="barrier" v="fence"/>
 </way>
 <way id="245492493" visible="true" version="3" changeset="85915895" timestamp="2020-05-29T03:24:47Z" user="BikeRoad" uid="3189465">
  <nd ref="2526790378"/>
  <nd ref="2526790372"/>
  <tag k="highway" v="footway"/>
  <tag k="surface" v="paving_stones"/>
 </way>
 <way id="279893831" visible="true" version="11" changeset="133383801" timestamp="2023-03-07T00:23:18Z" user="OuterPace" uid="10028118">
  <nd ref="263630444"/>
  <nd ref="8891500296"/>
  <nd ref="3245705958"/>
  <nd ref="6127177144"/>
  <nd ref="4081347138"/>
  <nd ref="1319390248"/>
  <tag k="highway" v="secondary"/>
  <tag k="lanes" v="2"/>
  <tag k="maxspeed" v="50"/>
  <tag k="name" v="Avenida Alfredo Benavides"/>
  <tag k="name:en" v="Alfredo Benavides Avenue"/>
  <tag k="oneway" v="yes"/>
  <tag k="surface" v="asphalt"/>
 </way>
 <way id="279893875" visible="true" version="25" changeset="134995274" timestamp="2023-04-17T00:26:55Z" user="xxzzyy" uid="18190917">
  <nd ref="263630444"/>
  <nd ref="2673400749"/>
  <nd ref="4081359601"/>
  <nd ref="1760093063"/>
  <nd ref="9356722972"/>
  <nd ref="4069200592"/>
  <nd ref="133925753"/>
  <nd ref="2673400753"/>
  <nd ref="3992495085"/>
  <nd ref="108178122"/>
  <nd ref="2673400730"/>
  <nd ref="114613846"/>
  <nd ref="6129516091"/>
  <nd ref="108178124"/>
  <nd ref="2670648387"/>
  <nd ref="6129516101"/>
  <nd ref="1273617313"/>
  <tag k="bus:lanes" v="no|no|yes"/>
  <tag k="busway:right" v="lane"/>
  <tag k="highway" v="secondary"/>
  <tag k="lanes" v="3"/>
  <tag k="maxspeed" v="50"/>
  <tag k="name" v="Avenida José Larco"/>
  <tag k="name:en" v="José Larco Avenue"/>
  <tag k="name:es" v="Avenida José Larco"/>
  <tag k="oneway" v="yes"/>
  <tag k="sidewalk" v="both"/>
  <tag k="surface" v="asphalt"/>
 </way>
 <way id="289468773" visible="true" version="5" changeset="124912187" timestamp="2022-08-15T06:21:06Z" user="ovruni" uid="81735">
  <nd ref="386841487"/>
  <nd ref="5476906759"/>
  <nd ref="7566535509"/>
  <nd ref="7566535511"/>
  <nd ref="1437918353"/>
  <nd ref="1437918354"/>
  <nd ref="1437918356"/>
  <nd ref="2930249624"/>
  <tag k="highway" v="footway"/>
  <tag k="surface" v="paving_stones"/>
 </way>
 <way id="344159559" visible="true" version="15" changeset="165052370" timestamp="2025-04-17T03:40:42Z" user="Fizzie-DWG" uid="461130">
  <nd ref="263630442"/>
  <nd ref="3245705972"/>
  <nd ref="3245705965"/>
  <nd ref="263630443"/>
  <nd ref="3245705964"/>
  <nd ref="3245705959"/>
  <nd ref="263630444"/>
  <tag k="busway:right" v="lane"/>
  <tag k="cycleway:both" v="no"/>
  <tag k="highway" v="secondary"/>
  <tag k="lanes" v="3"/>
  <tag k="lit" v="yes"/>
  <tag k="maxspeed" v="50"/>
  <tag k="name" v="Avenida Alfredo Benavides"/>
  <tag k="name:en" v="Alfredo Benavides Avenue"/>
  <tag k="oneway" v="yes"/>
  <tag k="sidewalk" v="right"/>
  <tag k="surface" v="asphalt"/>
 </way>
 <way id="383861983" visible="true" version="10" changeset="65424011" timestamp="2018-12-12T21:49:54Z" user="Diego Sanguinetti" uid="309382">
  <nd ref="3871705429"/>
  <nd ref="3871705433"/>
  <nd ref="4313588942"/>
  <nd ref="4313588943"/>
  <nd ref="4313588944"/>
  <nd ref="4313588945"/>
  <nd ref="4313588946"/>
  <nd ref="3871705434"/>
  <nd ref="3871705430"/>
  <nd ref="3871705431"/>
  <nd ref="3871705432"/>
  <nd ref="3871718757"/>
  <nd ref="3871705429"/>
  <tag k="addr:city" v="Miraflores"/>
  <tag k="addr:housenumber" v="470"/>
  <tag k="addr:postcode" v="15074"/>
  <tag k="addr:street" v="Avenida Alfredo Benavides"/>
  <tag k="amenity" v="casino"/>
  <tag k="building" v="yes"/>
  <tag k="height" v="13"/>
  <tag k="name" v="Atlantic City"/>
  <tag k="source" v="Reconocimiento cartográfico por KG 2016."/>
  <tag k="survey:date" v="2016-08-30"/>
 </way>
 <way id="383864635" visible="true" version="2" changeset="181638306" timestamp="2026-04-21T17:26:48Z" user="V-Li" uid="84637">
  <nd ref="3871716251"/>
  <nd ref="3871716252"/>
  <nd ref="3871716253"/>
  <nd ref="3871716254"/>
  <nd ref="3871716251"/>
  <tag k="amenity" v="parking"/>
  <tag k="parking" v="underground"/>
 </way>
 <way id="383864636" visible="true" version="5" changeset="65300928" timestamp="2018-12-08T21:01:54Z" user="Diego Sanguinetti" uid="309382">
  <nd ref="3871716255"/>
  <nd ref="3871716256"/>
  <nd ref="4332677518"/>
  <nd ref="3871718758"/>
  <nd ref="3871718759"/>
  <nd ref="3871718760"/>
  <nd ref="3871716255"/>
  <tag k="addr:street" v="Avenida José Larco"/>
  <tag k="building" v="yes"/>
  <tag k="height" v="12"/>
  <tag k="name" v="Atlantic City"/>
  <tag k="source" v="Reconocimiento cartográfico por Kaart 2017"/>
 </way>
 <way id="383864637" visible="true" version="4" changeset="57151350" timestamp="2018-03-13T16:59:59Z" user="Diego Sanguinetti" uid="309382">
  <nd ref="3871718761"/>
  <nd ref="3871718762"/>
  <nd ref="4341863103"/>
  <nd ref="3871718763"/>
  <nd ref="3871718764"/>
  <nd ref="3871718761"/>
  <tag k="building" v="retail"/>
  <tag k="height" v="20"/>
  <tag k="source" v="Reconocimiento cartográfico por Kaart 2017"/>
 </way>
 <way id="383864638" visible="true" version="6" changeset="74882670" timestamp="2019-09-25T02:20:36Z" user="ovruni" uid="81735">
  <nd ref="3871718784"/>
  <nd ref="3871718779"/>
  <nd ref="3871718767"/>
  <nd ref="3871718768"/>
  <nd ref="3871718771"/>
  <nd ref="3871718770"/>
  <nd ref="3871718784"/>
  <tag k="building" v="retail"/>
  <tag k="height" v="8"/>
  <tag k="source" v="Reconocimiento cartográfico de campo 2016 por KG"/>
 </way>
 <way id="383864639" visible="true" version="1" changeset="35695657" timestamp="2015-12-01T22:03:59Z" user="Porphyrion" uid="706159">
  <nd ref="3871718769"/>
  <nd ref="3871718770"/>
  <nd ref="3871718771"/>
  <nd ref="3871718772"/>
  <nd ref="3871718769"/>
  <tag k="building" v="retail"/>
 </way>
 <way id="383864640" visible="true" version="3" changeset="129981577" timestamp="2022-12-12T02:30:41Z" user="daperson" uid="14901495">
  <nd ref="3871718773"/>
  <nd ref="3871718774"/>
  <nd ref="3871718769"/>
  <nd ref="3871718772"/>
  <nd ref="3871718775"/>
  <nd ref="3871718776"/>
  <nd ref="3871718773"/>
  <tag k="building" v="retail"/>
  <tag k="height" v="8"/>
 </way>
 <way id="383864641" visible="true" version="7" changeset="74882670" timestamp="2019-09-25T02:20:36Z" user="ovruni" uid="81735">
  <nd ref="3871718777"/>
  <nd ref="3871718778"/>
  <nd ref="3871718779"/>
  <nd ref="3871718784"/>
  <nd ref="3871718777"/>
  <tag k="addr:housenumber" v="724"/>
  <tag k="addr:street" v="Avenida José Larco"/>
  <tag k="building" v="retail"/>
  <tag k="height" v="9"/>
  <tag k="source" v="Reconocimiento cartográfico de campo 2016 por KG"/>
 </way>
 <way id="384433000" visible="true" version="1" changeset="35758538" timestamp="2015-12-04T22:30:42Z" user="Porphyrion" uid="706159">
  <nd ref="3877233009"/>
  <nd ref="3877233010"/>
  <nd ref="3877233011"/>
  <nd ref="3877233012"/>
  <nd ref="3877233009"/>
  <tag k="building" v="apartments"/>
  <tag k="building:levels" v="30"/>
 </way>
 <way id="384435933" visible="true" version="7" changeset="122821656" timestamp="2022-06-24T23:46:21Z" user="ovruni" uid="81735">
  <nd ref="3877259445"/>
  <nd ref="3877259446"/>
  <nd ref="3877259447"/>
  <nd ref="3877259448"/>
  <nd ref="3877259449"/>
  <nd ref="3877259450"/>
  <nd ref="3877259445"/>
  <tag k="addr:city" v="Miraflores"/>
  <tag k="addr:housenumber" v="401"/>
  <tag k="addr:postcode" v="15074"/>
  <tag k="addr:street" v="Calle Lima"/>
  <tag k="amenity" v="restaurant"/>
  <tag k="building" v="yes"/>
  <tag k="cuisine" v="ice_cream;sandwich"/>
  <tag k="email" v="elparquedonofrio@sctdosdemayo.com"/>
  <tag k="name" v="El Parquesito D'ONOFRIO"/>
  <tag k="phone" v="+511 4441311"/>
  <tag k="toilets:wheelchair" v="no"/>
  <tag k="wheelchair" v="limited"/>
 </way>
 <way id="404640270" visible="true" version="10" changeset="119358051" timestamp="2022-04-05T19:55:43Z" user="TuAmigoElEditor" uid="13950332">
  <nd ref="4069199343"/>
  <nd ref="4069199344"/>
  <nd ref="4069199345"/>
  <nd ref="9644181152"/>
  <nd ref="4069199346"/>
  <nd ref="4069199343"/>
  <tag k="addr:city" v="Miraflores"/>
  <tag k="addr:housenumber" v="310"/>
  <tag k="addr:street" v="Calle Schell"/>
  <tag k="building" v="yes"/>
  <tag k="building:levels" v="7"/>
  <tag k="height" v="20"/>
  <tag k="name" v="Edificio Schell"/>
  <tag k="office" v="company"/>
  <tag k="source" v="Reconocimiento cartográfico por KG 2017;Reconocimiento cartográfico de campo 2016 por KG"/>
 </way>
 <way id="404640271" visible="true" version="2" changeset="57397746" timestamp="2018-03-21T19:45:24Z" user="Diego Sanguinetti" uid="309382">
  <nd ref="4069199347"/>
  <nd ref="4069199348"/>
  <nd ref="4069199349"/>
  <nd ref="4069199350"/>
  <nd ref="4069199351"/>
  <nd ref="4069199352"/>
  <nd ref="4069199347"/>
  <tag k="building" v="yes"/>
  <tag k="height" v="15"/>
 </way>
 <way id="404640272" visible="true" version="6" changeset="148932417" timestamp="2024-03-20T20:16:41Z" user="marrmoriak" uid="21218513">
  <nd ref="4069199353"/>
  <nd ref="4069199354"/>
  <nd ref="11748893351"/>
  <nd ref="4069199355"/>
  <nd ref="11742779835"/>
  <nd ref="4069199356"/>
  <nd ref="4069199353"/>
  <tag k="building" v="yes"/>
  <tag k="height" v="20"/>
 </way>
 <way id="404640276" visible="true" version="2" changeset="119358051" timestamp="2022-04-05T19:55:43Z" user="TuAmigoElEditor" uid="13950332">
  <nd ref="4069199368"/>
  <nd ref="4069199369"/>
  <nd ref="4069199370"/>
  <nd ref="4069199377"/>
  <nd ref="4069199371"/>
  <nd ref="4069199372"/>
  <nd ref="4069199373"/>
  <nd ref="4069199368"/>
  <tag k="building" v="yes"/>
 </way>
 <way id="404640279" visible="true" version="1" changeset="37947151" timestamp="2016-03-19T22:41:54Z" user="Diego Sanguinetti" uid="309382">
  <nd ref="4069199378"/>
  <nd ref="4069199379"/>
  <nd ref="4069199380"/>
  <nd ref="4069199381"/>
  <nd ref="4069199382"/>
  <nd ref="4069199383"/>
  <nd ref="4069199378"/>
  <tag k="building" v="yes"/>
 </way>
 <way id="404640280" visible="true" version="1" changeset="37947151" timestamp="2016-03-19T22:41:54Z" user="Diego Sanguinetti" uid="309382">
  <nd ref="4069199384"/>
  <nd ref="4069199385"/>
  <nd ref="4069199386"/>
  <nd ref="4069199387"/>
  <nd ref="4069199384"/>
  <tag k="building" v="yes"/>
 </way>
 <way id="404640282" visible="true" version="2" changeset="57397746" timestamp="2018-03-21T19:45:24Z" user="Diego Sanguinetti" uid="309382">
  <nd ref="4069199388"/>
  <nd ref="4069200589"/>
  <nd ref="4069200590"/>
  <nd ref="4069200591"/>
  <nd ref="4069199388"/>
  <tag k="building" v="yes"/>
  <tag k="height" v="40"/>
 </way>
 <way id="404640283" visible="true" version="5" changeset="182668664" timestamp="2026-05-14T19:59:57Z" user="speedy1706" uid="24090592">
  <nd ref="4069200593"/>
  <nd ref="4069200594"/>
  <nd ref="4069200595"/>
  <nd ref="4069200596"/>
  <nd ref="4069200597"/>
  <nd ref="4069200598"/>
  <nd ref="4069200593"/>
  <tag k="addr:housenumber" v="325"/>
  <tag k="addr:street" v="Calle Schell"/>
  <tag k="building" v="commercial"/>
  <tag k="height" v="10"/>
  <tag k="source" v="Reconocimiento cartográfico por Kaart 2017"/>
 </way>
 <way id="404640291" visible="true" version="6" changeset="110194071" timestamp="2021-08-24T21:07:26Z" user="ovruni" uid="81735">
  <nd ref="4069200631"/>
  <nd ref="4069200632"/>
  <nd ref="4069200633"/>
  <nd ref="4069200634"/>
  <nd ref="4069200631"/>
  <tag k="building" v="public"/>
  <tag k="building:levels" v="6"/>
  <tag k="government" v="register_office"/>
  <tag k="height" v="18"/>
  <tag k="name" v="Reniec - Miraflores"/>
  <tag k="office" v="government"/>
 </way>
 <way id="406007411" visible="true" version="5" changeset="111047251" timestamp="2021-09-11T02:55:57Z" user="Cyberjuan" uid="1080841">
  <nd ref="108191734"/>
  <nd ref="108191735"/>
  <tag k="bus:lanes" v="no|yes"/>
  <tag k="highway" v="secondary"/>
  <tag k="lanes" v="2"/>
  <tag k="lit" v="yes"/>
  <tag k="maxspeed" v="50"/>
  <tag k="name" v="Avenida Alfredo Benavides"/>
  <tag k="name:en" v="Alfredo Benavides Avenue"/>
  <tag k="oneway" v="yes"/>
  <tag k="surface" v="asphalt"/>
 </way>
 <way id="406007420" visible="true" version="10" changeset="158308293" timestamp="2024-10-24T18:47:00Z" user="murghdo" uid="2418845">
  <nd ref="108191735"/>
  <nd ref="6127177150"/>
  <tag k="highway" v="residential"/>
  <tag k="lanes" v="2"/>
  <tag k="maxspeed" v="20"/>
  <tag k="name" v="Calle Cristóbal Colón"/>
  <tag k="name:en" v="Cristobal Colón Street"/>
  <tag k="name:es" v="Calle Cristóbal Colón"/>
  <tag k="name:etymology:wikidata" v="Q7322"/>
  <tag k="oneway" v="yes"/>
  <tag k="parking:lane:both" v="no_stopping"/>
  <tag k="surface" v="asphalt"/>
 </way>
 <way id="406007422" visible="true" version="11" changeset="135130479" timestamp="2023-04-20T05:16:50Z" user="ovruni" uid="81735">
  <nd ref="108191735"/>
  <nd ref="3245705960"/>
  <nd ref="8891500297"/>
  <nd ref="108178119"/>
  <tag k="highway" v="secondary"/>
  <tag k="lanes" v="2"/>
  <tag k="lit" v="yes"/>
  <tag k="maxspeed" v="50"/>
  <tag k="name" v="Avenida Alfredo Benavides"/>
  <tag k="name:en" v="Alfredo Benavides Avenue"/>
  <tag k="oneway" v="yes"/>
  <tag k="sidewalk" v="right"/>
  <tag k="surface" v="asphalt"/>
 </way>
 <way id="406008693" visible="true" version="7" changeset="111046831" timestamp="2021-09-11T02:11:17Z" user="Cyberjuan" uid="1080841">
  <nd ref="4081347123"/>
  <nd ref="4081347124"/>
  <nd ref="4081347125"/>
  <nd ref="4081347126"/>
  <nd ref="4081347127"/>
  <nd ref="4081347123"/>
  <tag k="addr:city" v="Miraflores"/>
  <tag k="addr:street" v="Avenida Alfredo Benavides"/>
  <tag k="building" v="hotel"/>
  <tag k="building:levels" v="1"/>
  <tag k="height" v="25"/>
  <tag k="name" v="Estelar Miraflores Hotel"/>
  <tag k="source" v="Reconocimiento cartográfico por KG 2016."/>
  <tag k="survey:date" v="2016-08-30"/>
 </way>
 <way id="406008844" visible="true" version="5" changeset="107374473" timestamp="2021-07-04T04:04:41Z" user="jorgejhms" uid="125905">
  <nd ref="108178119"/>
  <nd ref="263630444"/>
  <tag k="bus:lanes" v="no|no|yes"/>
  <tag k="busway:right" v="lane"/>
  <tag k="highway" v="secondary"/>
  <tag k="lanes" v="3"/>
  <tag k="maxspeed" v="60"/>
  <tag k="name" v="Avenida José Larco"/>
  <tag k="oneway" v="yes"/>
  <tag k="surface" v="asphalt"/>
 </way>
 <way id="406008845" visible="true" version="13" changeset="165052370" timestamp="2025-04-17T03:40:42Z" user="Fizzie-DWG" uid="461130">
  <nd ref="108178119"/>
  <nd ref="3245705961"/>
  <nd ref="10817219623"/>
  <nd ref="3245705968"/>
  <nd ref="108191737"/>
  <nd ref="3245705969"/>
  <nd ref="3245705978"/>
  <nd ref="108191738"/>
  <tag k="cycleway:both" v="no"/>
  <tag k="highway" v="secondary"/>
  <tag k="lanes" v="3"/>
  <tag k="lit" v="yes"/>
  <tag k="maxspeed" v="50"/>
  <tag k="name" v="Avenida Alfredo Benavides"/>
  <tag k="name:en" v="Alfredo Benavides Avenue"/>
  <tag k="oneway" v="yes"/>
  <tag k="sidewalk" v="right"/>
  <tag k="surface" v="asphalt"/>
 </way>
 <way id="406010789" visible="true" version="8" changeset="107374444" timestamp="2021-07-04T04:02:07Z" user="jorgejhms" uid="125905">
  <nd ref="4081359600"/>
  <nd ref="8891500295"/>
  <nd ref="4081359601"/>
  <tag k="highway" v="residential"/>
  <tag k="lanes" v="2"/>
  <tag k="maxspeed" v="20"/>
  <tag k="name" v="Calle Tarata"/>
  <tag k="name:en" v="Tarata Street"/>
  <tag k="surface" v="asphalt"/>
  <tag k="wikidata" v="Q23253788"/>
  <tag k="wikipedia" v="es:Calle Tarata"/>
 </way>
 <way id="406010790" visible="true" version="2" changeset="41248718" timestamp="2016-08-04T22:18:56Z" user="BlueSombra" uid="3242620">
  <nd ref="4081359605"/>
  <nd ref="4081359618"/>
  <nd ref="4081359624"/>
  <nd ref="4081359610"/>
  <nd ref="4081359605"/>
  <tag k="building" v="yes"/>
 </way>
 <way id="406010791" visible="true" version="3" changeset="42411995" timestamp="2016-09-24T22:54:34Z" user="Ronos" uid="962932">
  <nd ref="4081359611"/>
  <nd ref="4081359612"/>
  <nd ref="4081359613"/>
  <nd ref="4081359614"/>
  <nd ref="4081359615"/>
  <nd ref="4081359616"/>
  <nd ref="4081359611"/>
  <tag k="amenity" v="parking"/>
  <tag k="toilets:wheelchair" v="no"/>
  <tag k="wheelchair" v="yes"/>
 </way>
 <way id="406010792" visible="true" version="4" changeset="71424626" timestamp="2019-06-20T04:19:33Z" user="ovruni" uid="81735">
  <nd ref="4081359618"/>
  <nd ref="4081359619"/>
  <nd ref="4081359621"/>
  <nd ref="4081359622"/>
  <nd ref="4081359623"/>
  <nd ref="4081359624"/>
  <nd ref="4081359618"/>
  <tag k="building" v="yes"/>
 </way>
 <way id="406010793" visible="true" version="1" changeset="38102022" timestamp="2016-03-27T15:45:30Z" user="Diego Sanguinetti" uid="309382">
  <nd ref="4081359632"/>
  <nd ref="4081359633"/>
  <nd ref="4081359634"/>
  <nd ref="4081359635"/>
  <nd ref="4081359636"/>
  <nd ref="4081359637"/>
  <nd ref="4081359638"/>
  <nd ref="4081359639"/>
  <nd ref="4081359640"/>
  <nd ref="4081359641"/>
  <nd ref="4081359642"/>
  <nd ref="4081359643"/>
  <nd ref="4081359632"/>
  <tag k="building" v="yes"/>
 </way>
 <way id="406010794" visible="true" version="1" changeset="38102022" timestamp="2016-03-27T15:45:30Z" user="Diego Sanguinetti" uid="309382">
  <nd ref="4081359644"/>
  <nd ref="4081359645"/>
  <nd ref="4081359646"/>
  <nd ref="4081359647"/>
  <nd ref="4081359648"/>
  <nd ref="4081359649"/>
  <nd ref="4081359650"/>
  <nd ref="4081359651"/>
  <nd ref="4081359652"/>
  <nd ref="4081359653"/>
  <nd ref="4081359654"/>
  <nd ref="4081359655"/>
  <nd ref="4081359644"/>
  <tag k="building" v="yes"/>
 </way>
 <way id="406010996" visible="true" version="8" changeset="124954487" timestamp="2022-08-16T06:12:13Z" user="ovruni" uid="81735">
  <nd ref="4081364492"/>
  <nd ref="4081364493"/>
  <nd ref="4081364494"/>
  <nd ref="9523918174"/>
  <nd ref="4081364495"/>
  <nd ref="9523918175"/>
  <nd ref="4081364496"/>
  <nd ref="4081364497"/>
  <nd ref="4081364498"/>
  <nd ref="9523918179"/>
  <nd ref="9523918176"/>
  <nd ref="9523918177"/>
  <nd ref="9523918173"/>
  <nd ref="9523918172"/>
  <nd ref="9523918171"/>
  <nd ref="9523918178"/>
  <nd ref="4216572289"/>
  <nd ref="4081364492"/>
  <tag k="addr:city" v="Lima"/>
  <tag k="addr:district" v="Miraflores"/>
  <tag k="amenity" v="college"/>
  <tag k="building" v="yes"/>
  <tag k="height" v="25"/>
  <tag k="name" v="Cibertec"/>
  <tag k="source" v="Reconocimiento cartográfico por Kaart 2017"/>
 </way>
 <way id="406010997" visible="true" version="2" changeset="44462244" timestamp="2016-12-17T03:33:16Z" user="Diego Sanguinetti" uid="309382">
  <nd ref="263614506"/>
  <nd ref="4081364491"/>
  <nd ref="263613997"/>
  <tag k="highway" v="residential"/>
  <tag k="maxspeed" v="30"/>
  <tag k="name" v="Pasaje Tello"/>
  <tag k="oneway" v="yes"/>
 </way>
 <way id="406049768" visible="true" version="4" changeset="51521982" timestamp="2017-08-28T21:05:15Z" user="Velocimaptor" uid="3544143">
  <nd ref="4081732777"/>
  <nd ref="4081732771"/>
  <nd ref="4081732773"/>
  <nd ref="4341874713"/>
  <nd ref="4081732778"/>
  <nd ref="4081732777"/>
  <tag k="building" v="yes"/>
  <tag k="source" v="Reconocimiento cartográfico por Kaart 2017"/>
 </way>
 <way id="406049769" visible="true" version="3" changeset="51521982" timestamp="2017-08-28T21:05:16Z" user="Velocimaptor" uid="3544143">
  <nd ref="4081732781"/>
  <nd ref="4081732777"/>
  <nd ref="4081732778"/>
  <nd ref="4341874713"/>
  <nd ref="4081732782"/>
  <nd ref="4081732781"/>
  <tag k="building" v="yes"/>
  <tag k="source" v="Reconocimiento cartográfico por Kaart 2017"/>
 </way>
 <way id="406050160" visible="true" version="1" changeset="38106187" timestamp="2016-03-27T19:45:38Z" user="Diego Sanguinetti" uid="309382">
  <nd ref="4081735978"/>
  <nd ref="4081735979"/>
  <nd ref="4081735980"/>
  <nd ref="4081735981"/>
  <nd ref="4081735978"/>
  <tag k="building" v="yes"/>
 </way>
 <way id="406050164" visible="true" version="1" changeset="38106187" timestamp="2016-03-27T19:45:38Z" user="Diego Sanguinetti" uid="309382">
  <nd ref="4081736690"/>
  <nd ref="4081736691"/>
  <nd ref="4081736692"/>
  <nd ref="4081736693"/>
  <nd ref="4081736694"/>
  <nd ref="4081736695"/>
  <nd ref="4081736690"/>
  <tag k="building" v="yes"/>
 </way>
 <way id="406050167" visible="true" version="1" changeset="38106187" timestamp="2016-03-27T19:45:38Z" user="Diego Sanguinetti" uid="309382">
  <nd ref="4081736696"/>
  <nd ref="4081736697"/>
  <nd ref="4081736698"/>
  <nd ref="4081736699"/>
  <nd ref="4081736700"/>
  <nd ref="4081736701"/>
  <nd ref="4081736702"/>
  <nd ref="4081736703"/>
  <nd ref="4081736704"/>
  <nd ref="4081736705"/>
  <nd ref="4081736706"/>
  <nd ref="4081736707"/>
  <nd ref="4081736696"/>
  <tag k="building" v="yes"/>
 </way>
 <way id="406050169" visible="true" version="12" changeset="150219351" timestamp="2024-04-19T11:37:01Z" user="wille" uid="360183">
  <nd ref="4081736708"/>
  <nd ref="4558009879"/>
  <nd ref="4558009880"/>
  <nd ref="4081736710"/>
  <nd ref="4081736711"/>
  <nd ref="4081736708"/>
  <tag k="addr:city" v="Miraflores"/>
  <tag k="addr:housenumber" v="208"/>
  <tag k="addr:street" v="Calle A. Schell"/>
  <tag k="brand" v="Metro"/>
  <tag k="brand:wikidata" v="Q16640217"/>
  <tag k="building" v="yes"/>
  <tag k="height" v="10"/>
  <tag k="name" v="Metro"/>
  <tag k="opening_hours" v="24/7"/>
  <tag k="payment:cash" v="yes"/>
  <tag k="payment:credit_cards" v="yes"/>
  <tag k="shop" v="supermarket"/>
  <tag k="source" v="Kaart Ground Survey 2017"/>
  <tag k="survey:date" v="2016-08-31"/>
  <tag k="toilets:wheelchair" v="yes"/>
  <tag k="website" v="https://www.metro.pe/"/>
  <tag k="wheelchair" v="yes"/>
  <tag k="wheelchair:description" v="Baño independiente de los baños para personas q pueden caminar. 1r piso"/>
 </way>
 <way id="408470421" visible="true" version="3" changeset="41248441" timestamp="2016-08-04T21:58:39Z" user="BlueSombra" uid="3242620">
  <nd ref="4103926647"/>
  <nd ref="4103926648"/>
  <nd ref="4103926649"/>
  <nd ref="4103926650"/>
  <nd ref="4103926647"/>
  <tag k="addr:street" v="Avenida José Larco"/>
  <tag k="building" v="yes"/>
 </way>
 <way id="421920366" visible="true" version="5" changeset="168161120" timestamp="2025-06-26T23:51:55Z" user="Tonushka" uid="3419975">
  <nd ref="4216621507"/>
  <nd ref="12955278652"/>
  <nd ref="4216621508"/>
  <tag k="highway" v="pedestrian"/>
  <tag k="lit" v="yes"/>
  <tag k="surface" v="concrete:plates"/>
 </way>
 <way id="421920399" visible="true" version="4" changeset="122816275" timestamp="2022-06-24T19:37:21Z" user="D Monk" uid="14670514">
  <nd ref="4216621508"/>
  <nd ref="9644181154"/>
  <nd ref="4216625489"/>
  <tag k="highway" v="pedestrian"/>
  <tag k="lit" v="no"/>
  <tag k="surface" v="concrete:plates"/>
 </way>
 <way id="430180649" visible="true" version="14" changeset="165902615" timestamp="2025-05-06T17:05:36Z" user="PunjnadCanal" uid="22557322">
  <nd ref="133935057"/>
  <nd ref="4069199359"/>
  <nd ref="12814941154"/>
  <nd ref="6129529991"/>
  <nd ref="12631991958"/>
  <nd ref="4416997838"/>
  <tag k="highway" v="tertiary"/>
  <tag k="lanes" v="3"/>
  <tag k="maxspeed" v="40"/>
  <tag k="name" v="Calle Schell"/>
  <tag k="name:en" v="Schell Street"/>
  <tag k="oneway" v="yes"/>
  <tag k="sidewalk" v="both"/>
  <tag k="surface" v="paving_stones"/>
 </way>
 <way id="435331669" visible="true" version="6" changeset="134474901" timestamp="2023-04-04T01:00:28Z" user="ovruni" uid="81735">
  <nd ref="4103926649"/>
  <nd ref="4332564743"/>
  <nd ref="4332564744"/>
  <nd ref="4332564745"/>
  <nd ref="4103926648"/>
  <nd ref="4103926649"/>
  <tag k="addr:city" v="Miraflores"/>
  <tag k="addr:street" v="Avenida José Larco"/>
  <tag k="amenity" v="library"/>
  <tag k="building" v="yes"/>
  <tag k="source" v="Reconocimiento cartográfico de campo 2016 por KG"/>
 </way>
 <way id="435341934" visible="true" version="10" changeset="178683645" timestamp="2026-02-17T14:48:08Z" user="wille" uid="360183">
  <nd ref="4332633955"/>
  <nd ref="4332633956"/>
  <nd ref="3871718777"/>
  <nd ref="3871718778"/>
  <nd ref="4332633955"/>
  <tag k="addr:city" v="Miraflores"/>
  <tag k="addr:street" v="Avenida José Larco"/>
  <tag k="amenity" v="bank"/>
  <tag k="building" v="yes"/>
  <tag k="check_date" v="2026-02-16"/>
  <tag k="height" v="8"/>
  <tag k="name" v="Banbif"/>
  <tag k="source" v="Reconocimiento cartográfico de campo 2016 por KG"/>
  <tag k="wheelchair" v="yes"/>
 </way>
 <way id="435341935" visible="true" version="8" changeset="65327074" timestamp="2018-12-09T22:46:08Z" user="Diego Sanguinetti" uid="309382">
  <nd ref="4332633959"/>
  <nd ref="4332633960"/>
  <nd ref="4332633961"/>
  <nd ref="4344633305"/>
  <nd ref="4344633304"/>
  <nd ref="4332633962"/>
  <nd ref="4332633959"/>
  <tag k="addr:city" v="Miraflores"/>
  <tag k="addr:housenumber" v="300"/>
  <tag k="addr:street" v="Avenida Alfredo Benavides"/>
  <tag k="building" v="yes"/>
  <tag k="height" v="35"/>
  <tag k="internet_access" v="wlan"/>
  <tag k="name" v="Crowne Plaza Lima"/>
  <tag k="operator" v="IHG"/>
  <tag k="phone" v="+51 1 6100700"/>
  <tag k="source" v="Reconocimiento cartográfico por KG 2016"/>
  <tag k="stars" v="5"/>
  <tag k="tourism" v="hotel"/>
  <tag k="website" v="https://www.ihg.com/crowneplaza/hotels/us/es/lima/lmami/hoteldetail"/>
 </way>
 <way id="435347004" visible="true" version="2" changeset="41470684" timestamp="2016-08-15T16:05:30Z" user="Canyonsrcool" uid="126508">
  <nd ref="4332677520"/>
  <nd ref="4332677521"/>
  <nd ref="4332677522"/>
  <nd ref="4332677523"/>
  <nd ref="4332677524"/>
  <nd ref="4332677525"/>
  <nd ref="4332677520"/>
  <tag k="addr:street" v="Avenida Alfredo Benavides"/>
  <tag k="building" v="retail"/>
  <tag k="name" v="Galerias Miraflores"/>
  <tag k="source" v="Reconocimiento cartográfico por KG 2016."/>
 </way>
 <way id="435348836" visible="true" version="15" changeset="178684228" timestamp="2026-02-17T15:01:35Z" user="wille" uid="360183">
  <nd ref="4332696816"/>
  <nd ref="4081347132"/>
  <nd ref="4336204944"/>
  <nd ref="4332696818"/>
  <nd ref="4332696819"/>
  <nd ref="4332696816"/>
  <tag k="addr:city" v="Miraflores"/>
  <tag k="addr:postcode" v="15074"/>
  <tag k="addr:street" v="Avenida Alfredo Benavides"/>
  <tag k="amenity" v="bank"/>
  <tag k="atm" v="yes"/>
  <tag k="branch" v="Larco"/>
  <tag k="brand" v="Interbank"/>
  <tag k="brand:wikidata" v="Q2835558"/>
  <tag k="building" v="yes"/>
  <tag k="name" v="Interbank"/>
  <tag k="source" v="Reconocimiento cartográfico de campo 2016 por KG"/>
  <tag k="toilets:wheelchair" v="no"/>
  <tag k="wheelchair" v="yes"/>
  <tag k="wheelchair:description" v="Rampas."/>
 </way>
 <way id="435717812" visible="true" version="4" changeset="74882670" timestamp="2019-09-25T02:20:36Z" user="ovruni" uid="81735">
  <nd ref="4103926650"/>
  <nd ref="4336190415"/>
  <nd ref="4336190420"/>
  <nd ref="4336190416"/>
  <nd ref="4103926647"/>
  <nd ref="4103926650"/>
  <tag k="addr:city" v="Miraflores"/>
  <tag k="addr:housenumber" v="748"/>
  <tag k="addr:street" v="Avenida José Larco"/>
  <tag k="building" v="yes"/>
  <tag k="name" v="London House"/>
  <tag k="shop" v="clothes"/>
  <tag k="source" v="Reconocimiento cartográfico de campo 2016 por KG"/>
 </way>
 <way id="435717813" visible="true" version="2" changeset="41248718" timestamp="2016-08-04T22:18:56Z" user="BlueSombra" uid="3242620">
  <nd ref="4336190415"/>
  <nd ref="3871718767"/>
  <nd ref="3871718768"/>
  <nd ref="4336190419"/>
  <nd ref="4336190420"/>
  <nd ref="4336190415"/>
  <tag k="addr:city" v="Miraflores"/>
  <tag k="addr:housenumber" v="740"/>
  <tag k="addr:street" v="Avenida José Larco"/>
  <tag k="building" v="apartments"/>
 </way>
 <way id="435719360" visible="true" version="1" changeset="41248718" timestamp="2016-08-04T22:18:55Z" user="BlueSombra" uid="3242620">
  <nd ref="4081347137"/>
  <nd ref="4336204946"/>
  <nd ref="4336204947"/>
  <nd ref="4336204948"/>
  <nd ref="4081347137"/>
  <tag k="building" v="yes"/>
 </way>
 <way id="435719362" visible="true" version="3" changeset="50733877" timestamp="2017-07-31T21:28:17Z" user="zwaygp" uid="5027347">
  <nd ref="4081359610"/>
  <nd ref="4336204953"/>
  <nd ref="4336204954"/>
  <nd ref="4336204955"/>
  <nd ref="4558001181"/>
  <nd ref="4558001180"/>
  <nd ref="4081359605"/>
  <nd ref="4081359610"/>
  <tag k="addr:street" v="Calle A. Schell"/>
  <tag k="building" v="yes"/>
  <tag k="source" v="Kaart Ground Survey 2017"/>
 </way>
 <way id="435719364" visible="true" version="1" changeset="41248718" timestamp="2016-08-04T22:18:55Z" user="BlueSombra" uid="3242620">
  <nd ref="4336204958"/>
  <nd ref="4336204959"/>
  <nd ref="4336204960"/>
  <nd ref="4336204961"/>
  <nd ref="4336204958"/>
  <tag k="building" v="yes"/>
 </way>
 <way id="435720283" visible="true" version="1" changeset="41248836" timestamp="2016-08-04T22:27:53Z" user="BlueSombra" uid="3242620">
  <nd ref="4336204961"/>
  <nd ref="4336215842"/>
  <nd ref="4336215843"/>
  <nd ref="4336204958"/>
  <nd ref="4336204961"/>
  <tag k="building" v="yes"/>
 </way>
 <way id="435720284" visible="true" version="4" changeset="74882670" timestamp="2019-09-25T02:20:36Z" user="ovruni" uid="81735">
  <nd ref="4336215842"/>
  <nd ref="4336215845"/>
  <nd ref="4336215846"/>
  <nd ref="4336215847"/>
  <nd ref="4336215843"/>
  <nd ref="4336215842"/>
  <tag k="building" v="commercial"/>
  <tag k="source" v="Reconocimiento cartográfico de campo 2016 por KG"/>
 </way>
 <way id="435829339" visible="true" version="2" changeset="57397746" timestamp="2018-03-21T19:45:24Z" user="Diego Sanguinetti" uid="309382">
  <nd ref="4069199347"/>
  <nd ref="4337232223"/>
  <nd ref="4337232224"/>
  <nd ref="4337232225"/>
  <nd ref="4337232226"/>
  <nd ref="4337232227"/>
  <nd ref="4069199348"/>
  <nd ref="4069199347"/>
  <tag k="building" v="yes"/>
  <tag k="height" v="15"/>
 </way>
 <way id="435829340" visible="true" version="4" changeset="119358051" timestamp="2022-04-05T19:55:43Z" user="TuAmigoElEditor" uid="13950332">
  <nd ref="4216626887"/>
  <nd ref="9644181155"/>
  <nd ref="4337232228"/>
  <tag k="highway" v="footway"/>
  <tag k="name" v="Pasillo a Tarata"/>
  <tag k="surface" v="concrete"/>
 </way>
 <way id="436306629" visible="true" version="4" changeset="166561598" timestamp="2025-05-21T10:25:58Z" user="PunjnadCanal" uid="22557322">
  <nd ref="4341796632"/>
  <nd ref="4341796633"/>
  <nd ref="6129529992"/>
  <nd ref="4341796626"/>
  <nd ref="4341796627"/>
  <nd ref="10721745267"/>
  <nd ref="4341796632"/>
  <tag k="addr:street" v="Calle Schell"/>
  <tag k="building" v="commercial"/>
  <tag k="height" v="7"/>
  <tag k="source" v="Reconocimiento cartográfico por Kaart 2017"/>
 </way>
 <way id="436306630" visible="true" version="3" changeset="65360024" timestamp="2018-12-11T00:38:32Z" user="Diego Sanguinetti" uid="309382">
  <nd ref="4341796632"/>
  <nd ref="4341796633"/>
  <nd ref="4341796634"/>
  <nd ref="4341796637"/>
  <nd ref="4341796635"/>
  <nd ref="4341796632"/>
  <tag k="addr:street" v="Calle Schell"/>
  <tag k="building" v="residential"/>
  <tag k="height" v="20"/>
  <tag k="source" v="Reconocimiento cartográfico por Kaart 2017"/>
 </way>
 <way id="436306631" visible="true" version="3" changeset="65360024" timestamp="2018-12-11T00:38:32Z" user="Diego Sanguinetti" uid="309382">
  <nd ref="4069200597"/>
  <nd ref="4069200596"/>
  <nd ref="4341796637"/>
  <nd ref="4341796635"/>
  <nd ref="4069200597"/>
  <tag k="addr:street" v="Calle Schell"/>
  <tag k="building" v="commercial"/>
  <tag k="height" v="10"/>
  <tag k="source" v="Reconocimiento cartográfico por Kaart 2017"/>
 </way>
 <way id="436306632" visible="true" version="5" changeset="42415309" timestamp="2016-09-25T03:41:43Z" user="Ronos" uid="962932">
  <nd ref="4081736698"/>
  <nd ref="4081736699"/>
  <nd ref="4081736702"/>
  <nd ref="4081736703"/>
  <nd ref="4341796643"/>
  <nd ref="4336215847"/>
  <nd ref="4336215843"/>
  <nd ref="4336204958"/>
  <nd ref="4336204959"/>
  <nd ref="4081736698"/>
  <tag k="addr:street" v="Calle Schell"/>
  <tag k="building" v="yes"/>
  <tag k="name" v="Los Faroles"/>
  <tag k="shop" v="shoes"/>
  <tag k="toilets:wheelchair" v="no"/>
  <tag k="wheelchair" v="limited"/>
  <tag k="wheelchair:description" v="Dos tiendas tienen un escalon cada una."/>
 </way>
 <way id="436311328" visible="true" version="2" changeset="51521982" timestamp="2017-08-28T21:05:24Z" user="Velocimaptor" uid="3544143">
  <nd ref="4081359650"/>
  <nd ref="4081359651"/>
  <nd ref="4081359654"/>
  <nd ref="4081359655"/>
  <nd ref="4341823816"/>
  <nd ref="4341823817"/>
  <nd ref="4081359650"/>
  <tag k="addr:street" v="Calle Schell"/>
  <tag k="building" v="commercial"/>
  <tag k="source" v="Reconocimiento cartográfico por Kaart 2017"/>
 </way>
 <way id="436317101" visible="true" version="3" changeset="151277003" timestamp="2024-05-13T17:33:14Z" user="Rocelopa" uid="21179808">
  <nd ref="4341863098"/>
  <nd ref="4341863099"/>
  <nd ref="4341863100"/>
  <nd ref="4341863101"/>
  <nd ref="4341863102"/>
  <nd ref="4341863098"/>
  <tag k="addr:housenumber" v="769"/>
  <tag k="addr:street" v="Calle Bolívar"/>
  <tag k="building" v="commercial"/>
  <tag k="source" v="Reconocimiento cartográfico por Kaart 2017"/>
 </way>
 <way id="436317102" visible="true" version="2" changeset="51521982" timestamp="2017-08-28T21:05:24Z" user="Velocimaptor" uid="3544143">
  <nd ref="4341863099"/>
  <nd ref="4341863098"/>
  <nd ref="3871718762"/>
  <nd ref="4341863103"/>
  <nd ref="4341863099"/>
  <tag k="addr:street" v="Avenida José Larco"/>
  <tag k="building" v="commercial"/>
  <tag k="source" v="Reconocimiento cartográfico por Kaart 2017"/>
 </way>
 <way id="436317103" visible="true" version="7" changeset="178683645" timestamp="2026-02-17T14:48:08Z" user="wille" uid="360183">
  <nd ref="4069199384"/>
  <nd ref="4069199387"/>
  <nd ref="4069200589"/>
  <nd ref="4069199388"/>
  <nd ref="4341863104"/>
  <nd ref="4341863105"/>
  <nd ref="4069199384"/>
  <tag k="addr:city" v="Miraflores"/>
  <tag k="addr:street" v="Calle Tarata"/>
  <tag k="amenity" v="bank"/>
  <tag k="atm" v="yes"/>
  <tag k="building" v="yes"/>
  <tag k="check_date" v="2026-02-16"/>
  <tag k="height" v="15"/>
  <tag k="name" v="BBVA Continental"/>
  <tag k="survey:date" v="2016-08-30"/>
  <tag k="toilets:wheelchair" v="no"/>
  <tag k="wheelchair" v="yes"/>
 </way>
 <way id="436317104" visible="true" version="6" changeset="168153790" timestamp="2025-06-26T18:53:07Z" user="Tonushka" uid="3419975">
  <nd ref="4069200594"/>
  <nd ref="4069200593"/>
  <nd ref="4341863109"/>
  <nd ref="4341863110"/>
  <nd ref="4341863111"/>
  <nd ref="4341863112"/>
  <nd ref="4069200594"/>
  <tag k="addr:city" v="Miraflores"/>
  <tag k="addr:postcode" v="15074"/>
  <tag k="addr:street" v="Avenida Ernesto Diez Canseco"/>
  <tag k="building" v="yes"/>
 </way>
 <way id="436577295" visible="true" version="3" changeset="41567070" timestamp="2016-08-19T22:42:38Z" user="Baconcrisp" uid="3778777">
  <nd ref="4344633304"/>
  <nd ref="4344633305"/>
  <nd ref="4344633306"/>
  <nd ref="4344633307"/>
  <nd ref="4344633304"/>
  <tag k="addr:street" v="Avenida Alfredo Benavides"/>
  <tag k="building" v="commercial"/>
  <tag k="source" v="Reconocimiento cartográfico por KG 2016"/>
 </way>
 <way id="436583027" visible="true" version="5" changeset="65327074" timestamp="2018-12-09T22:46:08Z" user="Diego Sanguinetti" uid="309382">
  <nd ref="4344690456"/>
  <nd ref="4344690457"/>
  <nd ref="4344690458"/>
  <nd ref="4344690459"/>
  <nd ref="4344690456"/>
 </way>
 <way id="436771522" visible="true" version="12" changeset="160219535" timestamp="2024-12-12T18:46:26Z" user="Pegasus21" uid="13510663">
  <nd ref="133925753"/>
  <nd ref="8891500294"/>
  <nd ref="4081359627"/>
  <nd ref="3245705946"/>
  <nd ref="114613813"/>
  <tag k="highway" v="tertiary"/>
  <tag k="lanes" v="2"/>
  <tag k="maxspeed" v="40"/>
  <tag k="name" v="Calle Schell"/>
  <tag k="name:en" v="Schell Street"/>
  <tag k="name:es" v="Calle Schell"/>
  <tag k="oneway" v="yes"/>
  <tag k="surface" v="paving_stones"/>
 </way>
 <way id="439959761" visible="true" version="1" changeset="41816073" timestamp="2016-08-31T00:31:08Z" user="straight-ahead" uid="46619">
  <nd ref="4376633473"/>
  <nd ref="4376633468"/>
  <nd ref="4376633471"/>
  <nd ref="4376633467"/>
  <nd ref="4376633473"/>
  <tag k="building" v="residential"/>
 </way>
 <way id="443870559" visible="true" version="5" changeset="65359696" timestamp="2018-12-11T00:08:10Z" user="Diego Sanguinetti" uid="309382">
  <nd ref="4414033913"/>
  <nd ref="4414033914"/>
  <nd ref="4414033915"/>
  <nd ref="4414033916"/>
  <nd ref="4414033913"/>
  <tag k="addr:city" v="Miraflores"/>
  <tag k="addr:housenumber" v="180"/>
  <tag k="addr:street" v="Avenida Ernesto Diez Canseco"/>
  <tag k="amenity" v="restaurant"/>
  <tag k="building" v="yes"/>
  <tag k="capacity" v="50"/>
  <tag k="cuisine" v="grill;chicken"/>
  <tag k="delivery" v="yes"/>
  <tag k="name" v="Pappa's"/>
  <tag k="opening_hours" v="Mo-Sa 12:00-23:00; Su 12:00-22:00"/>
  <tag k="phone" v="+511 6523650"/>
  <tag k="toilets:wheelchair" v="yes"/>
  <tag k="website" v="http://restaurantes.pappas.pe/"/>
  <tag k="wheelchair" v="yes"/>
  <tag k="wheelchair:description" v="Por telefono: Baño para silla de ruedas en el baño de hombres. Ellos intervienen por si es mujer la persona que necesitara el baño."/>
 </way>
 <way id="443871253" visible="true" version="6" changeset="65391919" timestamp="2018-12-11T23:26:09Z" user="Diego Sanguinetti" uid="309382">
  <nd ref="4414041777"/>
  <nd ref="4414041778"/>
  <nd ref="4414041779"/>
  <nd ref="4414041780"/>
  <nd ref="4414041777"/>
  <tag k="addr:postcode" v="15074"/>
  <tag k="addr:street" v="Avenida Ernesto Diez Canseco"/>
  <tag k="amenity" v="bank"/>
  <tag k="building" v="yes"/>
  <tag k="name" v="Scotiabank"/>
  <tag k="toilets:wheelchair" v="no"/>
  <tag k="wheelchair" v="limited"/>
  <tag k="wheelchair:description" v="varias escalera dentro"/>
 </way>
 <way id="444212429" visible="true" version="13" changeset="163144694" timestamp="2025-03-03T03:45:13Z" user="Fer25" uid="14345373">
  <nd ref="4416997838"/>
  <nd ref="4216626887"/>
  <nd ref="9644181149"/>
  <nd ref="12631991959"/>
  <tag k="highway" v="tertiary"/>
  <tag k="lanes" v="3"/>
  <tag k="maxspeed" v="40"/>
  <tag k="name" v="Calle Schell"/>
  <tag k="name:en" v="Schell Street"/>
  <tag k="oneway" v="yes"/>
  <tag k="sidewalk" v="both"/>
  <tag k="surface" v="paving_stones"/>
 </way>
 <way id="444507738" visible="true" version="6" changeset="65327074" timestamp="2018-12-09T22:46:08Z" user="Diego Sanguinetti" uid="309382">
  <nd ref="4419840366"/>
  <nd ref="4419840367"/>
  <nd ref="4419840368"/>
  <nd ref="4419840369"/>
  <nd ref="4419840370"/>
  <nd ref="4419840371"/>
  <nd ref="4419840372"/>
  <nd ref="4419840373"/>
  <nd ref="4419840366"/>
 </way>
 <way id="444508019" visible="true" version="16" changeset="152557433" timestamp="2024-06-11T18:51:30Z" user="wille" uid="360183">
  <nd ref="4419843470"/>
  <nd ref="4419843471"/>
  <nd ref="4419843472"/>
  <nd ref="4419843473"/>
  <nd ref="4419843470"/>
  <tag k="addr:city" v="Miraflores"/>
  <tag k="addr:housenumber" v="202"/>
  <tag k="addr:postcode" v="15074"/>
  <tag k="addr:street" v="Calle A. Schell"/>
  <tag k="brand" v="Ripley"/>
  <tag k="brand:wikidata" v="Q3433040"/>
  <tag k="building" v="yes"/>
  <tag k="check_date" v="2024-06-11"/>
  <tag k="height" v="20"/>
  <tag k="internet_access" v="no"/>
  <tag k="name" v="Ripley"/>
  <tag k="opening_hours" v="Mo-Su 11:00-21:00"/>
  <tag k="operator" v="Ripley"/>
  <tag k="payment:cash" v="yes"/>
  <tag k="payment:credit_cards" v="yes"/>
  <tag k="shop" v="department_store"/>
  <tag k="source" v="Kaart Ground Survey 2017"/>
  <tag k="toilets:wheelchair" v="yes"/>
  <tag k="website" v="https://simple.ripley.com.pe"/>
  <tag k="wheelchair" v="yes"/>
 </way>
 <way id="452542270" visible="true" version="4" changeset="134843048" timestamp="2023-04-13T03:55:23Z" user="xxzzyy" uid="18190917">
  <nd ref="4493267089"/>
  <nd ref="4493267090"/>
  <nd ref="4493267091"/>
  <nd ref="4493267092"/>
  <nd ref="4493267089"/>
  <tag k="access" v="yes"/>
  <tag k="amenity" v="parking"/>
  <tag k="fee" v="yes"/>
  <tag k="parking" v="surface"/>
 </way>
 <way id="458789038" visible="true" version="1" changeset="44295819" timestamp="2016-12-10T02:55:44Z" user="Diego Sanguinetti" uid="309382">
  <nd ref="4547386333"/>
  <nd ref="4547386334"/>
  <nd ref="4547386335"/>
  <nd ref="4547386336"/>
  <nd ref="4547386333"/>
  <tag k="building" v="yes"/>
 </way>
 <way id="458789040" visible="true" version="1" changeset="44295819" timestamp="2016-12-10T02:55:45Z" user="Diego Sanguinetti" uid="309382">
  <nd ref="4547386341"/>
  <nd ref="4547386342"/>
  <nd ref="4547386343"/>
  <nd ref="4547386344"/>
  <nd ref="4547386345"/>
  <nd ref="4547386346"/>
  <nd ref="4547386341"/>
  <tag k="landuse" v="garages"/>
 </way>
 <way id="458789066" visible="true" version="1" changeset="44295819" timestamp="2016-12-10T02:55:46Z" user="Diego Sanguinetti" uid="309382">
  <nd ref="4547386480"/>
  <nd ref="4547386481"/>
  <nd ref="4547386482"/>
  <nd ref="4547386483"/>
  <nd ref="4547386480"/>
  <tag k="building" v="yes"/>
 </way>
 <way id="460123255" visible="true" version="1" changeset="44462244" timestamp="2016-12-17T03:33:13Z" user="Diego Sanguinetti" uid="309382">
  <nd ref="4557991106"/>
  <nd ref="4557991107"/>
  <nd ref="4557991108"/>
  <nd ref="4557991109"/>
  <nd ref="4557991106"/>
  <tag k="landuse" v="garages"/>
 </way>
 <way id="460123264" visible="true" version="2" changeset="54982437" timestamp="2017-12-28T12:54:30Z" user="marc__marc" uid="7272314">
  <nd ref="4557991168"/>
  <nd ref="4557991169"/>
  <nd ref="4557991170"/>
  <nd ref="4557991171"/>
  <nd ref="4557991168"/>
  <tag k="access" v="private"/>
  <tag k="addr:city" v="Miraflores"/>
  <tag k="addr:street" v="Avenida Ernesto Diez Canseco"/>
  <tag k="amenity" v="parking"/>
  <tag k="fee" v="yes"/>
  <tag k="supervised" v="yes"/>
 </way>
 <way id="460123265" visible="true" version="1" changeset="44462244" timestamp="2016-12-17T03:33:13Z" user="Diego Sanguinetti" uid="309382">
  <nd ref="4557991172"/>
  <nd ref="4557991173"/>
  <nd ref="4557991174"/>
  <nd ref="4557991175"/>
  <nd ref="4557991172"/>
  <tag k="building" v="yes"/>
 </way>
 <way id="460123266" visible="true" version="1" changeset="44462244" timestamp="2016-12-17T03:33:13Z" user="Diego Sanguinetti" uid="309382">
  <nd ref="4557991176"/>
  <nd ref="4557991177"/>
  <nd ref="4557991178"/>
  <nd ref="4557991179"/>
  <nd ref="4557991180"/>
  <nd ref="4557991181"/>
  <nd ref="4557991176"/>
  <tag k="building" v="yes"/>
 </way>
 <way id="460123267" visible="true" version="1" changeset="44462244" timestamp="2016-12-17T03:33:13Z" user="Diego Sanguinetti" uid="309382">
  <nd ref="4557991183"/>
  <nd ref="4557991184"/>
  <nd ref="4557991185"/>
  <nd ref="4557991186"/>
  <nd ref="4557991183"/>
  <tag k="building" v="yes"/>
 </way>
 <way id="460123268" visible="true" version="1" changeset="44462244" timestamp="2016-12-17T03:33:13Z" user="Diego Sanguinetti" uid="309382">
  <nd ref="4557991187"/>
  <nd ref="4557991188"/>
  <nd ref="4557991189"/>
  <nd ref="4557991190"/>
  <nd ref="4557991187"/>
  <tag k="building" v="yes"/>
 </way>
 <way id="460123271" visible="true" version="1" changeset="44462244" timestamp="2016-12-17T03:33:13Z" user="Diego Sanguinetti" uid="309382">
  <nd ref="4557991199"/>
  <nd ref="4557991200"/>
  <nd ref="4557991201"/>
  <nd ref="4557991202"/>
  <nd ref="4557991199"/>
  <tag k="building" v="yes"/>
 </way>
 <way id="460123272" visible="true" version="1" changeset="44462244" timestamp="2016-12-17T03:33:13Z" user="Diego Sanguinetti" uid="309382">
  <nd ref="4557991203"/>
  <nd ref="4557991204"/>
  <nd ref="4557991205"/>
  <nd ref="4557991206"/>
  <nd ref="4557991207"/>
  <nd ref="4557991208"/>
  <nd ref="4557991209"/>
  <nd ref="4557991210"/>
  <nd ref="4557991203"/>
  <tag k="building" v="yes"/>
 </way>
 <way id="460123273" visible="true" version="1" changeset="44462244" timestamp="2016-12-17T03:33:13Z" user="Diego Sanguinetti" uid="309382">
  <nd ref="4557991211"/>
  <nd ref="4557991212"/>
  <nd ref="4557991213"/>
  <nd ref="4557991214"/>
  <nd ref="4557991211"/>
  <tag k="building" v="yes"/>
 </way>
 <way id="460123300" visible="true" version="3" changeset="122817410" timestamp="2022-06-24T20:15:34Z" user="D Monk" uid="14670514">
  <nd ref="4557991320"/>
  <nd ref="4557991321"/>
  <nd ref="4557991322"/>
  <nd ref="4557991323"/>
  <nd ref="4557991324"/>
  <nd ref="4557991325"/>
  <nd ref="4557991326"/>
  <nd ref="4557991327"/>
  <nd ref="4557991328"/>
  <nd ref="4557991329"/>
  <nd ref="4557991320"/>
  <tag k="access" v="yes"/>
  <tag k="addr:city" v="Miraflores"/>
  <tag k="addr:street" v="Calle Alcanfores"/>
  <tag k="amenity" v="parking"/>
  <tag k="capacity" v="50"/>
  <tag k="fee" v="yes"/>
  <tag k="parking" v="surface"/>
  <tag k="surface" v="asphalt"/>
 </way>
 <way id="460123301" visible="true" version="1" changeset="44462244" timestamp="2016-12-17T03:33:15Z" user="Diego Sanguinetti" uid="309382">
  <nd ref="4557991330"/>
  <nd ref="4557991331"/>
  <nd ref="4557991332"/>
  <nd ref="4557991333"/>
  <nd ref="4557991334"/>
  <nd ref="4557991335"/>
  <nd ref="4557991330"/>
  <tag k="building" v="yes"/>
 </way>
 <way id="460123302" visible="true" version="1" changeset="44462244" timestamp="2016-12-17T03:33:15Z" user="Diego Sanguinetti" uid="309382">
  <nd ref="4557991336"/>
  <nd ref="4557991337"/>
  <nd ref="4557991338"/>
  <nd ref="4557991339"/>
  <nd ref="4557991336"/>
  <tag k="building" v="yes"/>
 </way>
 <way id="460123303" visible="true" version="1" changeset="44462244" timestamp="2016-12-17T03:33:15Z" user="Diego Sanguinetti" uid="309382">
  <nd ref="4557991340"/>
  <nd ref="4557991341"/>
  <nd ref="4557991342"/>
  <nd ref="4557991343"/>
  <nd ref="4557991340"/>
  <tag k="building" v="yes"/>
 </way>
 <way id="460123307" visible="true" version="2" changeset="67084872" timestamp="2019-02-11T00:31:10Z" user="Nelson Fredes" uid="4207160">
  <nd ref="4557991360"/>
  <nd ref="4557991361"/>
  <nd ref="4557991362"/>
  <nd ref="4557991363"/>
  <nd ref="4557991360"/>
  <tag k="addr:housenumber" v="540"/>
  <tag k="addr:street" v="Calle Alcanfores"/>
  <tag k="building" v="yes"/>
 </way>
 <way id="460123311" visible="true" version="3" changeset="65454340" timestamp="2018-12-13T20:48:34Z" user="Diego Sanguinetti" uid="309382">
  <nd ref="4557991380"/>
  <nd ref="4557991381"/>
  <nd ref="4557991382"/>
  <nd ref="4557991383"/>
  <nd ref="4557991380"/>
  <tag k="addr:city" v="Miraflores"/>
  <tag k="addr:housenumber" v="477"/>
  <tag k="addr:postcode" v="15074"/>
  <tag k="addr:street" v="Avenida Alfredo Benavides"/>
  <tag k="building" v="yes"/>
  <tag k="building:levels" v="11"/>
 </way>
 <way id="460124106" visible="true" version="1" changeset="44462365" timestamp="2016-12-17T03:54:25Z" user="Diego Sanguinetti" uid="309382">
  <nd ref="4557999661"/>
  <nd ref="4557999662"/>
  <nd ref="4557999663"/>
  <nd ref="4557999664"/>
  <nd ref="4557999661"/>
  <tag k="building" v="yes"/>
 </way>
 <way id="460124125" visible="true" version="1" changeset="44462365" timestamp="2016-12-17T03:54:26Z" user="Diego Sanguinetti" uid="309382">
  <nd ref="4557999755"/>
  <nd ref="4557999756"/>
  <nd ref="4557999757"/>
  <nd ref="4557999758"/>
  <nd ref="4557999759"/>
  <nd ref="4557999760"/>
  <nd ref="4557999761"/>
  <nd ref="4557999762"/>
  <nd ref="4557999755"/>
  <tag k="building" v="yes"/>
 </way>
 <way id="460124299" visible="true" version="2" changeset="65327074" timestamp="2018-12-09T22:46:08Z" user="Diego Sanguinetti" uid="309382">
  <nd ref="4558001151"/>
  <nd ref="4558001152"/>
  <nd ref="4558001153"/>
  <nd ref="4558001154"/>
  <nd ref="4558001151"/>
 </way>
 <way id="460124300" visible="true" version="1" changeset="44462397" timestamp="2016-12-17T04:00:19Z" user="Diego Sanguinetti" uid="309382">
  <nd ref="4558001155"/>
  <nd ref="4558001156"/>
  <nd ref="4558001157"/>
  <nd ref="4558001158"/>
  <nd ref="4558001155"/>
  <tag k="building" v="yes"/>
 </way>
 <way id="460124301" visible="true" version="1" changeset="44462397" timestamp="2016-12-17T04:00:19Z" user="Diego Sanguinetti" uid="309382">
  <nd ref="4558001159"/>
  <nd ref="4558001160"/>
  <nd ref="4558001161"/>
  <nd ref="4558001162"/>
  <nd ref="4558001159"/>
  <tag k="building" v="yes"/>
 </way>
 <way id="460124302" visible="true" version="1" changeset="44462397" timestamp="2016-12-17T04:00:19Z" user="Diego Sanguinetti" uid="309382">
  <nd ref="4558001166"/>
  <nd ref="4558001167"/>
  <nd ref="4558001168"/>
  <nd ref="4558001169"/>
  <nd ref="4558001170"/>
  <nd ref="4558001171"/>
  <nd ref="4558001172"/>
  <nd ref="4558001173"/>
  <nd ref="4558001166"/>
  <tag k="building" v="yes"/>
 </way>
 <way id="460124303" visible="true" version="1" changeset="44462397" timestamp="2016-12-17T04:00:19Z" user="Diego Sanguinetti" uid="309382">
  <nd ref="4558001174"/>
  <nd ref="4558001175"/>
  <nd ref="4558001176"/>
  <nd ref="4558001177"/>
  <nd ref="4558001174"/>
  <tag k="building" v="yes"/>
 </way>
 <way id="460124304" visible="true" version="3" changeset="50733877" timestamp="2017-07-31T21:28:19Z" user="zwaygp" uid="5027347">
  <nd ref="4558009882"/>
  <nd ref="4558009881"/>
  <nd ref="4558001180"/>
  <nd ref="4558001181"/>
  <nd ref="4558009882"/>
  <tag k="addr:street" v="Calle A. Schell"/>
  <tag k="building" v="yes"/>
  <tag k="source" v="Kaart Ground Survey 2017"/>
 </way>
 <way id="460125300" visible="true" version="1" changeset="44462463" timestamp="2016-12-17T04:12:01Z" user="Diego Sanguinetti" uid="309382">
  <nd ref="4558009861"/>
  <nd ref="4558009862"/>
  <nd ref="4558009863"/>
  <nd ref="4558009864"/>
  <nd ref="4558009861"/>
  <tag k="building" v="yes"/>
 </way>
 <way id="460125301" visible="true" version="1" changeset="44462463" timestamp="2016-12-17T04:12:01Z" user="Diego Sanguinetti" uid="309382">
  <nd ref="4558009865"/>
  <nd ref="4558009866"/>
  <nd ref="4558009867"/>
  <nd ref="4558009868"/>
  <nd ref="4558009869"/>
  <nd ref="4558009870"/>
  <nd ref="4558009865"/>
  <tag k="building" v="yes"/>
 </way>
 <way id="460125302" visible="true" version="1" changeset="44462463" timestamp="2016-12-17T04:12:01Z" user="Diego Sanguinetti" uid="309382">
  <nd ref="4558009871"/>
  <nd ref="4558009872"/>
  <nd ref="4558009873"/>
  <nd ref="4558009874"/>
  <nd ref="4558009871"/>
  <tag k="building" v="yes"/>
 </way>
 <way id="460125303" visible="true" version="1" changeset="44462463" timestamp="2016-12-17T04:12:01Z" user="Diego Sanguinetti" uid="309382">
  <nd ref="4558009875"/>
  <nd ref="4558009876"/>
  <nd ref="4558009877"/>
  <nd ref="4558009878"/>
  <nd ref="4558009875"/>
  <tag k="building" v="yes"/>
 </way>
 <way id="460125304" visible="true" version="3" changeset="50733877" timestamp="2017-07-31T21:28:19Z" user="zwaygp" uid="5027347">
  <nd ref="4558009879"/>
  <nd ref="4558009880"/>
  <nd ref="4558009881"/>
  <nd ref="4558009882"/>
  <nd ref="4558009879"/>
  <tag k="addr:street" v="Calle A. Schell"/>
  <tag k="building" v="yes"/>
  <tag k="source" v="Kaart Ground Survey 2017"/>
 </way>
 <way id="460125305" visible="true" version="2" changeset="65359696" timestamp="2018-12-11T00:08:10Z" user="Diego Sanguinetti" uid="309382">
  <nd ref="4558009883"/>
  <nd ref="4558009884"/>
  <nd ref="4558009885"/>
  <nd ref="4558009886"/>
  <nd ref="4558009883"/>
  <tag k="amenity" v="parking"/>
  <tag k="capacity" v="20"/>
  <tag k="fee" v="yes"/>
 </way>
 <way id="460125306" visible="true" version="1" changeset="44462463" timestamp="2016-12-17T04:12:01Z" user="Diego Sanguinetti" uid="309382">
  <nd ref="4558009887"/>
  <nd ref="4558009888"/>
  <nd ref="4558010589"/>
  <nd ref="4558010590"/>
  <nd ref="4558009887"/>
  <tag k="building" v="yes"/>
 </way>
 <way id="460125307" visible="true" version="1" changeset="44462463" timestamp="2016-12-17T04:12:01Z" user="Diego Sanguinetti" uid="309382">
  <nd ref="4558010591"/>
  <nd ref="4558010592"/>
  <nd ref="4558010593"/>
  <nd ref="4558010594"/>
  <nd ref="4558010591"/>
  <tag k="building" v="yes"/>
 </way>
 <way id="460125308" visible="true" version="1" changeset="44462463" timestamp="2016-12-17T04:12:01Z" user="Diego Sanguinetti" uid="309382">
  <nd ref="4558010595"/>
  <nd ref="4558010596"/>
  <nd ref="4558010597"/>
  <nd ref="4558010598"/>
  <nd ref="4558010599"/>
  <nd ref="4558010600"/>
  <nd ref="4558010601"/>
  <nd ref="4558010602"/>
  <nd ref="4558010603"/>
  <nd ref="4558010604"/>
  <nd ref="4558010595"/>
  <tag k="building" v="yes"/>
 </way>
 <way id="460125311" visible="true" version="1" changeset="44462463" timestamp="2016-12-17T04:12:01Z" user="Diego Sanguinetti" uid="309382">
  <nd ref="4558010616"/>
  <nd ref="4558010617"/>
  <nd ref="4558010618"/>
  <nd ref="4558010619"/>
  <nd ref="4558010616"/>
  <tag k="building" v="yes"/>
 </way>
 <way id="511823826" visible="true" version="2" changeset="133454933" timestamp="2023-03-08T20:31:54Z" user="Baconcrisp" uid="3778777">
  <nd ref="108178122"/>
  <nd ref="4081359629"/>
  <nd ref="263613997"/>
  <tag k="alt_name" v="Calle Ernesto Diez Canseco"/>
  <tag k="highway" v="tertiary"/>
  <tag k="lanes" v="2"/>
  <tag k="maxspeed" v="40"/>
  <tag k="name" v="Avenida Ernesto Diez Canseco"/>
  <tag k="oneway" v="yes"/>
  <tag k="surface" v="asphalt"/>
 </way>
 <way id="515281261" visible="true" version="1" changeset="51085597" timestamp="2017-08-13T15:48:44Z" user="Diego Sanguinetti" uid="309382">
  <nd ref="5032598149"/>
  <nd ref="5032598150"/>
  <nd ref="5032598151"/>
  <nd ref="5032598152"/>
  <nd ref="5032598149"/>
  <tag k="building" v="yes"/>
 </way>
 <way id="515281262" visible="true" version="2" changeset="57151350" timestamp="2018-03-13T16:59:59Z" user="Diego Sanguinetti" uid="309382">
  <nd ref="5032598153"/>
  <nd ref="5032598154"/>
  <nd ref="5032598155"/>
  <nd ref="5032598156"/>
  <nd ref="5032598153"/>
  <tag k="building" v="yes"/>
  <tag k="building:levels" v="6"/>
  <tag k="height" v="30"/>
 </way>
 <way id="569474619" visible="true" version="1" changeset="57162257" timestamp="2018-03-14T00:16:14Z" user="Diego Sanguinetti" uid="309382">
  <nd ref="5476752324"/>
  <nd ref="5476752325"/>
  <nd ref="5476752326"/>
  <nd ref="5476752327"/>
  <nd ref="5476752324"/>
  <tag k="building" v="yes"/>
 </way>
 <way id="569492939" visible="true" version="14" changeset="129176515" timestamp="2022-11-21T02:55:20Z" user="ovruni" uid="81735">
  <nd ref="2930249624"/>
  <nd ref="6129501021"/>
  <nd ref="10205759132"/>
  <nd ref="2526790366"/>
  <nd ref="6129502577"/>
  <nd ref="6129502580"/>
  <nd ref="2526790382"/>
  <nd ref="8891500293"/>
  <nd ref="108178122"/>
  <tag k="highway" v="pedestrian"/>
  <tag k="name" v="Avenida Ernesto Diez Canseco"/>
  <tag k="oneway" v="no"/>
  <tag k="surface" v="asphalt"/>
 </way>
 <way id="571797210" visible="true" version="2" changeset="64338459" timestamp="2018-11-09T20:44:10Z" user="Diego Sanguinetti" uid="309382">
  <nd ref="5494623610"/>
  <nd ref="5494623611"/>
  <nd ref="5494623612"/>
  <nd ref="5494623613"/>
  <nd ref="5494623610"/>
  <tag k="building" v="yes"/>
  <tag k="height" v="16"/>
 </way>
 <way id="641718056" visible="true" version="1" changeset="64248418" timestamp="2018-11-06T23:20:35Z" user="Diego Sanguinetti" uid="309382">
  <nd ref="6042889989"/>
  <nd ref="6042889990"/>
  <nd ref="6042889991"/>
  <nd ref="6042889992"/>
  <nd ref="6042889989"/>
  <tag k="building" v="yes"/>
 </way>
 <way id="641723955" visible="true" version="1" changeset="64248900" timestamp="2018-11-06T23:57:39Z" user="Diego Sanguinetti" uid="309382">
  <nd ref="6042926760"/>
  <nd ref="6042926761"/>
  <nd ref="6042926762"/>
  <nd ref="6042926763"/>
  <nd ref="6042926760"/>
  <tag k="building" v="yes"/>
 </way>
 <way id="653639797" visible="true" version="1" changeset="65300928" timestamp="2018-12-08T21:01:52Z" user="Diego Sanguinetti" uid="309382">
  <nd ref="6125569138"/>
  <nd ref="6125569139"/>
  <nd ref="6125569140"/>
  <nd ref="6125569141"/>
  <nd ref="6125569142"/>
  <nd ref="6125569143"/>
  <nd ref="6125569144"/>
  <nd ref="6125569145"/>
  <nd ref="6125569146"/>
  <nd ref="6125569147"/>
  <nd ref="6125569148"/>
  <nd ref="6125569149"/>
  <nd ref="6125569138"/>
  <tag k="building" v="yes"/>
 </way>
 <way id="653642323" visible="true" version="1" changeset="65301247" timestamp="2018-12-08T21:16:20Z" user="Diego Sanguinetti" uid="309382">
  <nd ref="6125587996"/>
  <nd ref="6125587997"/>
  <nd ref="6125587998"/>
  <nd ref="6125587999"/>
  <nd ref="6125588000"/>
  <nd ref="6125588001"/>
  <nd ref="6125588002"/>
  <nd ref="6125588003"/>
  <nd ref="6125587996"/>
  <tag k="building" v="yes"/>
 </way>
 <way id="653642325" visible="true" version="1" changeset="65301247" timestamp="2018-12-08T21:16:20Z" user="Diego Sanguinetti" uid="309382">
  <nd ref="6125588004"/>
  <nd ref="6125588005"/>
  <nd ref="6125588006"/>
  <nd ref="6125588007"/>
  <nd ref="6125588004"/>
  <tag k="building" v="yes"/>
 </way>
 <way id="653817607" visible="true" version="1" changeset="65326793" timestamp="2018-12-09T22:27:40Z" user="Diego Sanguinetti" uid="309382">
  <nd ref="6127164532"/>
  <nd ref="6127164533"/>
  <nd ref="6127164534"/>
  <nd ref="6127164535"/>
  <nd ref="6127164532"/>
  <tag k="building" v="yes"/>
 </way>
 <way id="653817608" visible="true" version="1" changeset="65326793" timestamp="2018-12-09T22:27:40Z" user="Diego Sanguinetti" uid="309382">
  <nd ref="6127164536"/>
  <nd ref="6127164537"/>
  <nd ref="6127164538"/>
  <nd ref="6127164539"/>
  <nd ref="6127164536"/>
  <tag k="access" v="customers"/>
  <tag k="leisure" v="swimming_pool"/>
 </way>
 <way id="653817609" visible="true" version="1" changeset="65326793" timestamp="2018-12-09T22:27:40Z" user="Diego Sanguinetti" uid="309382">
  <nd ref="6127164540"/>
  <nd ref="6127164541"/>
  <nd ref="6127164542"/>
  <nd ref="6127164543"/>
  <nd ref="6127164540"/>
  <tag k="building" v="yes"/>
 </way>
 <way id="653820364" visible="true" version="1" changeset="65327074" timestamp="2018-12-09T22:46:06Z" user="Diego Sanguinetti" uid="309382">
  <nd ref="6127177125"/>
  <nd ref="6127177126"/>
  <nd ref="6127177127"/>
  <nd ref="6127177128"/>
  <nd ref="6127177129"/>
  <nd ref="6127177130"/>
  <nd ref="6127177125"/>
  <tag k="building" v="yes"/>
 </way>
 <way id="653820365" visible="true" version="1" changeset="65327074" timestamp="2018-12-09T22:46:06Z" user="Diego Sanguinetti" uid="309382">
  <nd ref="6127177131"/>
  <nd ref="6127177132"/>
  <nd ref="6127177133"/>
  <nd ref="6127177134"/>
  <nd ref="6127177131"/>
  <tag k="building" v="yes"/>
 </way>
 <way id="653820366" visible="true" version="1" changeset="65327074" timestamp="2018-12-09T22:46:06Z" user="Diego Sanguinetti" uid="309382">
  <nd ref="6127177135"/>
  <nd ref="6127177136"/>
  <nd ref="6127177137"/>
  <nd ref="6127177138"/>
  <nd ref="6127177135"/>
 </way>
 <way id="653820367" visible="true" version="1" changeset="65327074" timestamp="2018-12-09T22:46:06Z" user="Diego Sanguinetti" uid="309382">
  <nd ref="6127177139"/>
  <nd ref="6127177140"/>
  <nd ref="6127177141"/>
  <nd ref="6127177142"/>
  <nd ref="6127177139"/>
 </way>
 <way id="653820368" visible="true" version="1" changeset="65327074" timestamp="2018-12-09T22:46:06Z" user="Diego Sanguinetti" uid="309382">
  <nd ref="4081347138"/>
  <nd ref="6127177143"/>
  <tag k="highway" v="service"/>
 </way>
 <way id="653820369" visible="true" version="1" changeset="65327074" timestamp="2018-12-09T22:46:06Z" user="Diego Sanguinetti" uid="309382">
  <nd ref="6127177144"/>
  <nd ref="6127177145"/>
  <tag k="highway" v="corridor"/>
 </way>
 <way id="653820370" visible="true" version="1" changeset="65327074" timestamp="2018-12-09T22:46:06Z" user="Diego Sanguinetti" uid="309382">
  <nd ref="6127177146"/>
  <nd ref="6127177147"/>
  <nd ref="6127177148"/>
  <nd ref="6127177149"/>
  <nd ref="6127177146"/>
  <tag k="amenity" v="casino"/>
  <tag k="building" v="yes"/>
  <tag k="name" v="Orange City"/>
 </way>
 <way id="653820373" visible="true" version="1" changeset="65327074" timestamp="2018-12-09T22:46:06Z" user="Diego Sanguinetti" uid="309382">
  <nd ref="6127177153"/>
  <nd ref="6127177154"/>
  <nd ref="6127177155"/>
  <nd ref="6127177156"/>
  <nd ref="6127177153"/>
  <tag k="landuse" v="greenfield"/>
 </way>
 <way id="653820374" visible="true" version="1" changeset="65327074" timestamp="2018-12-09T22:46:06Z" user="Diego Sanguinetti" uid="309382">
  <nd ref="6127177157"/>
  <nd ref="6127177158"/>
  <nd ref="6127177159"/>
  <nd ref="6127177160"/>
  <nd ref="6127177157"/>
  <tag k="building" v="yes"/>
 </way>
 <way id="654081561" visible="true" version="5" changeset="129176515" timestamp="2022-11-21T02:55:20Z" user="ovruni" uid="81735">
  <nd ref="3245705946"/>
  <nd ref="10205759131"/>
  <nd ref="6129501020"/>
  <nd ref="6129502573"/>
  <nd ref="6129502575"/>
  <nd ref="6129502574"/>
  <nd ref="10205759128"/>
  <nd ref="6129502576"/>
  <tag k="highway" v="service"/>
  <tag k="maxspeed" v="10"/>
 </way>
 <way id="654081563" visible="true" version="1" changeset="65359535" timestamp="2018-12-10T23:54:37Z" user="Diego Sanguinetti" uid="309382">
  <nd ref="6129501026"/>
  <nd ref="6129501027"/>
  <nd ref="6129501028"/>
  <nd ref="6129501029"/>
  <nd ref="6129501030"/>
  <nd ref="6129501031"/>
  <nd ref="6129501032"/>
  <nd ref="6129501033"/>
  <nd ref="6129501026"/>
  <tag k="building" v="yes"/>
 </way>
 <way id="654082213" visible="true" version="1" changeset="65359696" timestamp="2018-12-11T00:08:09Z" user="Diego Sanguinetti" uid="309382">
  <nd ref="6129502569"/>
  <nd ref="6129502570"/>
  <nd ref="6129502571"/>
  <nd ref="6129502572"/>
  <nd ref="6129502569"/>
  <tag k="building" v="yes"/>
 </way>
 <way id="654082214" visible="true" version="2" changeset="67176227" timestamp="2019-02-13T21:56:16Z" user="chachafish" uid="2237750">
  <nd ref="6129502574"/>
  <nd ref="5476906762"/>
  <nd ref="6129501021"/>
  <tag k="footway" v="sidewalk"/>
  <tag k="highway" v="footway"/>
 </way>
 <way id="654082216" visible="true" version="1" changeset="65359696" timestamp="2018-12-11T00:08:09Z" user="Diego Sanguinetti" uid="309382">
  <nd ref="6129502577"/>
  <nd ref="6129502578"/>
  <nd ref="6129502579"/>
  <nd ref="6129502580"/>
  <nd ref="6129502577"/>
  <tag k="access" v="yes"/>
  <tag k="amenity" v="parking"/>
  <tag k="capacity" v="10"/>
  <tag k="parking" v="surface"/>
 </way>
 <way id="654083073" visible="true" version="9" changeset="129176515" timestamp="2022-11-21T02:55:20Z" user="ovruni" uid="81735">
  <nd ref="6129513772"/>
  <nd ref="8891500314"/>
  <nd ref="6129513774"/>
  <nd ref="10205759133"/>
  <nd ref="6129513775"/>
  <nd ref="6129513776"/>
  <nd ref="6129513777"/>
  <nd ref="6129525705"/>
  <nd ref="10205759132"/>
  <nd ref="6129513778"/>
  <nd ref="6129513779"/>
  <nd ref="10205759128"/>
  <nd ref="6129513780"/>
  <nd ref="6129513781"/>
  <nd ref="10205759131"/>
  <nd ref="6129513782"/>
  <nd ref="6129513783"/>
  <nd ref="6129513784"/>
  <nd ref="6129516085"/>
  <nd ref="6129516086"/>
  <nd ref="10205759130"/>
  <nd ref="6129516087"/>
  <nd ref="6129516088"/>
  <nd ref="6129516089"/>
  <nd ref="6129516090"/>
  <nd ref="10205759127"/>
  <nd ref="1437918374"/>
  <nd ref="1437918370"/>
  <nd ref="1437918356"/>
  <nd ref="3877259452"/>
  <nd ref="6129513772"/>
  <tag k="area" v="yes"/>
  <tag k="highway" v="pedestrian"/>
  <tag k="surface" v="paving_stones"/>
 </way>
 <way id="654083074" visible="true" version="5" changeset="124911375" timestamp="2022-08-15T05:42:36Z" user="ovruni" uid="81735">
  <nd ref="6129516093"/>
  <nd ref="8891500292"/>
  <nd ref="6129516094"/>
  <nd ref="6129516095"/>
  <nd ref="6129516096"/>
  <nd ref="6129516097"/>
  <nd ref="9953891005"/>
  <nd ref="9953891009"/>
  <nd ref="6129516117"/>
  <nd ref="6129516098"/>
  <nd ref="6129513770"/>
  <nd ref="8891500312"/>
  <nd ref="6129516092"/>
  <nd ref="6129516093"/>
  <tag k="area:highway" v="secondary"/>
 </way>
 <way id="654083955" visible="true" version="4" changeset="129176515" timestamp="2022-11-21T02:55:20Z" user="ovruni" uid="81735">
  <nd ref="6129525705"/>
  <nd ref="10205759132"/>
  <nd ref="6129513778"/>
  <nd ref="6129525706"/>
  <nd ref="6129525707"/>
  <nd ref="6129525710"/>
  <nd ref="6129525705"/>
  <tag k="area:highway" v="footway"/>
 </way>
 <way id="654083957" visible="true" version="1" changeset="65359963" timestamp="2018-12-11T00:30:28Z" user="Diego Sanguinetti" uid="309382">
  <nd ref="6129525707"/>
  <nd ref="6129525706"/>
  <nd ref="6129525708"/>
  <nd ref="6129516093"/>
  <nd ref="6129525709"/>
  <nd ref="6129525707"/>
  <tag k="area:highway" v="residential"/>
 </way>
 <way id="654083959" visible="true" version="3" changeset="107374444" timestamp="2021-07-04T04:02:07Z" user="jorgejhms" uid="125905">
  <nd ref="6129525710"/>
  <nd ref="6129525707"/>
  <nd ref="6129525711"/>
  <nd ref="8891500313"/>
  <nd ref="6129525712"/>
  <nd ref="6129525710"/>
  <tag k="area:highway" v="footway"/>
 </way>
 <way id="654083961" visible="true" version="2" changeset="107374444" timestamp="2021-07-04T04:02:07Z" user="jorgejhms" uid="125905">
  <nd ref="6129516093"/>
  <nd ref="6129525708"/>
  <nd ref="6129525723"/>
  <nd ref="6129525724"/>
  <nd ref="6129525713"/>
  <nd ref="6129525714"/>
  <nd ref="6129525732"/>
  <nd ref="6129525733"/>
  <nd ref="6129525716"/>
  <nd ref="6129525715"/>
  <nd ref="6129516094"/>
  <nd ref="8891500292"/>
  <nd ref="6129516093"/>
  <tag k="area:highway" v="secondary"/>
 </way>
 <way id="654083962" visible="true" version="1" changeset="65359963" timestamp="2018-12-11T00:30:28Z" user="Diego Sanguinetti" uid="309382">
  <nd ref="6129525715"/>
  <nd ref="6129525716"/>
  <nd ref="6129525717"/>
  <nd ref="6129525718"/>
  <nd ref="6129525720"/>
  <nd ref="6129525719"/>
  <nd ref="6129525715"/>
  <tag k="area:highway" v="tertiary"/>
 </way>
 <way id="654083963" visible="true" version="1" changeset="65359963" timestamp="2018-12-11T00:30:28Z" user="Diego Sanguinetti" uid="309382">
  <nd ref="6129525719"/>
  <nd ref="6129525720"/>
  <nd ref="6129525721"/>
  <nd ref="6129525722"/>
  <nd ref="6129525719"/>
  <tag k="area:highway" v="residential"/>
 </way>
 <way id="654083965" visible="true" version="6" changeset="129176515" timestamp="2022-11-21T02:55:20Z" user="ovruni" uid="81735">
  <nd ref="6129525723"/>
  <nd ref="6129525724"/>
  <nd ref="6129541034"/>
  <nd ref="6129541033"/>
  <nd ref="6129541038"/>
  <nd ref="6129541037"/>
  <nd ref="6129525727"/>
  <nd ref="6129518261"/>
  <nd ref="10205759137"/>
  <nd ref="6129518262"/>
  <nd ref="6129525725"/>
  <nd ref="6129518267"/>
  <nd ref="6129516087"/>
  <nd ref="10205759130"/>
  <nd ref="6129516086"/>
  <nd ref="6129513782"/>
  <nd ref="10205759131"/>
  <nd ref="6129513781"/>
  <nd ref="6129525726"/>
  <nd ref="6129525723"/>
  <tag k="area:highway" v="tertiary"/>
 </way>
 <way id="654083968" visible="true" version="3" changeset="67128864" timestamp="2019-02-12T11:52:51Z" user="chachafish" uid="2237750">
  <nd ref="6129525730"/>
  <nd ref="6129525731"/>
  <nd ref="6129541031"/>
  <nd ref="6129541032"/>
  <nd ref="6129525732"/>
  <nd ref="6129525733"/>
  <nd ref="6129525730"/>
  <tag k="area:highway" v="tertiary"/>
 </way>
 <way id="654084580" visible="true" version="3" changeset="135991799" timestamp="2023-05-11T19:48:37Z" user="felipeeugenio" uid="337684">
  <nd ref="6129530000"/>
  <nd ref="6129529999"/>
  <nd ref="6129530001"/>
  <tag k="highway" v="service"/>
  <tag k="layer" v="1"/>
  <tag k="location" v="roof"/>
  <tag k="min_height" v="7"/>
 </way>
 <way id="654084581" visible="true" version="5" changeset="135991799" timestamp="2023-05-11T19:48:37Z" user="felipeeugenio" uid="337684">
  <nd ref="6129530002"/>
  <nd ref="6129530003"/>
  <nd ref="6129530004"/>
  <nd ref="6129530005"/>
  <nd ref="6129530006"/>
  <nd ref="6129530007"/>
  <nd ref="6129530002"/>
  <tag k="amenity" v="parking"/>
  <tag k="capacity" v="10"/>
  <tag k="fee" v="yes"/>
  <tag k="layer" v="1"/>
  <tag k="location" v="roof"/>
  <tag k="min_height" v="7"/>
 </way>
 <way id="654085055" visible="true" version="1" changeset="65360063" timestamp="2018-12-11T00:43:13Z" user="Diego Sanguinetti" uid="309382">
  <nd ref="6129534662"/>
  <nd ref="6129534663"/>
  <nd ref="6129534664"/>
  <nd ref="6129534665"/>
  <nd ref="6129534666"/>
  <nd ref="6129534667"/>
  <nd ref="6129534668"/>
  <nd ref="6129534662"/>
  <tag k="building" v="yes"/>
 </way>
 <way id="654086367" visible="true" version="8" changeset="168161120" timestamp="2025-06-26T23:51:55Z" user="Tonushka" uid="3419975">
  <nd ref="6129541015"/>
  <nd ref="9644181156"/>
  <nd ref="6129541016"/>
  <nd ref="4341863105"/>
  <nd ref="4341863104"/>
  <nd ref="4558001166"/>
  <nd ref="4558001167"/>
  <nd ref="9644181154"/>
  <nd ref="6129534662"/>
  <nd ref="6129534668"/>
  <nd ref="4069199372"/>
  <nd ref="4069199371"/>
  <nd ref="4069199375"/>
  <nd ref="6259816766"/>
  <nd ref="4069199355"/>
  <nd ref="11748893351"/>
  <nd ref="4069199354"/>
  <nd ref="12955278652"/>
  <nd ref="4069199351"/>
  <nd ref="4069199352"/>
  <nd ref="9644181155"/>
  <nd ref="6129541029"/>
  <nd ref="4069199345"/>
  <nd ref="4069199344"/>
  <nd ref="6129541015"/>
  <tag k="area" v="yes"/>
  <tag k="highway" v="pedestrian"/>
  <tag k="lit" v="yes"/>
  <tag k="surface" v="paving_stones"/>
 </way>
 <way id="654086368" visible="true" version="2" changeset="119358051" timestamp="2022-04-05T19:55:43Z" user="TuAmigoElEditor" uid="13950332">
  <nd ref="6129525713"/>
  <nd ref="6129525714"/>
  <nd ref="6129541015"/>
  <nd ref="9644181156"/>
  <nd ref="6129541016"/>
  <nd ref="6129541019"/>
  <nd ref="6129541020"/>
  <nd ref="6129541022"/>
  <nd ref="6129541021"/>
  <nd ref="6129525713"/>
  <tag k="area:highway" v="secondary"/>
 </way>
 <way id="654086369" visible="true" version="1" changeset="65360168" timestamp="2018-12-11T00:52:07Z" user="Diego Sanguinetti" uid="309382">
  <nd ref="6129541021"/>
  <nd ref="6129541022"/>
  <nd ref="6129541023"/>
  <nd ref="6129541024"/>
  <nd ref="6129541021"/>
  <tag k="area:highway" v="service"/>
 </way>
 <way id="654086370" visible="true" version="1" changeset="65360168" timestamp="2018-12-11T00:52:07Z" user="Diego Sanguinetti" uid="309382">
  <nd ref="4081359600"/>
  <nd ref="6129541028"/>
  <tag k="highway" v="service"/>
 </way>
 <way id="654086371" visible="true" version="2" changeset="85635477" timestamp="2020-05-23T01:50:17Z" user="BikeRoad" uid="3189465">
  <nd ref="6129541028"/>
  <nd ref="6129541025"/>
  <nd ref="6129541026"/>
  <nd ref="6129541027"/>
  <nd ref="6129541028"/>
  <tag k="highway" v="service"/>
  <tag k="service" v="parking_aisle"/>
  <tag k="surface" v="asphalt"/>
 </way>
 <way id="654086372" visible="true" version="3" changeset="119358051" timestamp="2022-04-05T19:55:43Z" user="TuAmigoElEditor" uid="13950332">
  <nd ref="6129541029"/>
  <nd ref="9644181155"/>
  <nd ref="4069199352"/>
  <nd ref="4069199347"/>
  <nd ref="4337232223"/>
  <nd ref="6129541031"/>
  <nd ref="6129541032"/>
  <nd ref="6129541029"/>
  <tag k="area:highway" v="footway"/>
 </way>
 <way id="670322197" visible="true" version="4" changeset="107374444" timestamp="2021-07-04T04:02:07Z" user="jorgejhms" uid="125905">
  <nd ref="1437918373"/>
  <nd ref="4337242496"/>
  <nd ref="2930249624"/>
  <nd ref="6129501022"/>
  <nd ref="8891500314"/>
  <nd ref="114613696"/>
  <tag k="bicycle" v="yes"/>
  <tag k="highway" v="pedestrian"/>
  <tag k="horse" v="yes"/>
  <tag k="lanes" v="2"/>
  <tag k="lit" v="yes"/>
  <tag k="maxspeed" v="30"/>
  <tag k="motor_vehicle" v="permissive"/>
  <tag k="name" v="Calle Lima"/>
  <tag k="oneway" v="no"/>
  <tag k="surface" v="paving_stones"/>
  <tag k="width" v="10"/>
 </way>
 <way id="671007544" visible="true" version="15" changeset="168210927" timestamp="2025-06-28T02:57:24Z" user="barrettj12" uid="23046251">
  <nd ref="8891500297"/>
  <nd ref="8891500298"/>
  <nd ref="12958128055"/>
  <nd ref="8891500299"/>
  <nd ref="3102649448"/>
  <nd ref="8891500301"/>
  <nd ref="8891500302"/>
  <nd ref="8891500303"/>
  <nd ref="8891500304"/>
  <nd ref="8891500305"/>
  <nd ref="8891500306"/>
  <nd ref="10783381746"/>
  <nd ref="8891500307"/>
  <nd ref="10783381743"/>
  <nd ref="8891500308"/>
  <nd ref="4332713465"/>
  <nd ref="8891500310"/>
  <nd ref="8891500311"/>
  <nd ref="8583388818"/>
  <tag k="highway" v="cycleway"/>
  <tag k="lit" v="yes"/>
  <tag k="name" v="Ciclovía Larco"/>
  <tag k="oneway" v="no"/>
  <tag k="surface" v="asphalt"/>
  <tag k="width" v="1.5"/>
 </way>
 <way id="719715029" visible="true" version="2" changeset="122816273" timestamp="2022-06-24T20:15:33Z" user="D Monk" uid="14670514">
  <nd ref="6756064589"/>
  <nd ref="6749869959"/>
  <tag k="highway" v="service"/>
  <tag k="surface" v="concrete"/>
 </way>
 <way id="809630877" visible="true" version="2" changeset="129176515" timestamp="2022-11-21T02:55:20Z" user="ovruni" uid="81735">
  <nd ref="7570079264"/>
  <nd ref="7570079265"/>
  <nd ref="7570079266"/>
  <nd ref="7570079267"/>
  <nd ref="7570079264"/>
 </way>
 <way id="961195854" visible="true" version="4" changeset="173857896" timestamp="2025-10-27T21:26:26Z" user="ttronas" uid="10910751">
  <nd ref="8891500286"/>
  <nd ref="8891500287"/>
  <nd ref="8891500288"/>
  <nd ref="8891500289"/>
  <nd ref="8891500290"/>
  <nd ref="8891500291"/>
  <nd ref="8891500292"/>
  <nd ref="8891500293"/>
  <nd ref="8891500294"/>
  <nd ref="8891500295"/>
  <nd ref="8891500296"/>
  <tag k="highway" v="cycleway"/>
  <tag k="lit" v="yes"/>
  <tag k="name" v="Ciclovía Avenida Larco"/>
  <tag k="oneway" v="no"/>
  <tag k="surface" v="asphalt"/>
 </way>
 <way id="961195856" visible="true" version="1" changeset="107374444" timestamp="2021-07-04T04:02:07Z" user="jorgejhms" uid="125905">
  <nd ref="8891500296"/>
  <nd ref="8891500297"/>
  <tag k="crossing" v="marked"/>
  <tag k="cycleway" v="crossing"/>
  <tag k="highway" v="cycleway"/>
  <tag k="oneway" v="no"/>
 </way>
 <way id="1049429603" visible="true" version="1" changeset="119358051" timestamp="2022-04-05T19:55:43Z" user="TuAmigoElEditor" uid="13950332">
  <nd ref="9644181149"/>
  <nd ref="9644181150"/>
  <tag k="highway" v="service"/>
  <tag k="service" v="driveway"/>
 </way>
 <way id="1049429604" visible="true" version="1" changeset="119358051" timestamp="2022-04-05T19:55:43Z" user="TuAmigoElEditor" uid="13950332">
  <nd ref="9644181150"/>
  <nd ref="9644181151"/>
  <nd ref="9644181152"/>
  <tag k="highway" v="service"/>
  <tag k="layer" v="-1"/>
  <tag k="service" v="driveway"/>
  <tag k="tunnel" v="yes"/>
 </way>
 <way id="1152291911" visible="true" version="1" changeset="133383801" timestamp="2023-03-07T00:23:18Z" user="OuterPace" uid="10028118">
  <nd ref="1319390248"/>
  <nd ref="3245705957"/>
  <nd ref="4081347143"/>
  <nd ref="4081347142"/>
  <nd ref="10717989022"/>
  <nd ref="1319390252"/>
  <tag k="highway" v="secondary"/>
  <tag k="lanes" v="2"/>
  <tag k="maxspeed" v="50"/>
  <tag k="name" v="Avenida Alfredo Benavides"/>
  <tag k="name:en" v="Alfredo Benavides Avenue"/>
  <tag k="oneway" v="yes"/>
  <tag k="surface" v="asphalt"/>
 </way>
 <way id="1163137503" visible="true" version="3" changeset="160298317" timestamp="2024-12-17T13:27:41Z" user="Corban8" uid="4240913">
  <nd ref="10817219615"/>
  <nd ref="10963002973"/>
  <tag k="access" v="private"/>
  <tag k="highway" v="service"/>
 </way>
 <way id="1163137505" visible="true" version="2" changeset="137083019" timestamp="2023-06-08T07:27:05Z" user="PedirkaDesert" uid="16408123">
  <nd ref="10817219623"/>
  <nd ref="10963002974"/>
  <nd ref="10817219622"/>
  <tag k="highway" v="service"/>
 </way>
 <way id="1364169024" visible="true" version="1" changeset="163144694" timestamp="2025-03-03T03:45:13Z" user="Fer25" uid="14345373">
  <nd ref="12631991959"/>
  <nd ref="4081359628"/>
  <nd ref="133925753"/>
  <tag k="highway" v="tertiary"/>
  <tag k="lanes" v="3"/>
  <tag k="maxspeed" v="40"/>
  <tag k="name" v="Calle Schell"/>
  <tag k="name:en" v="Schell Street"/>
  <tag k="oneway" v="yes"/>
  <tag k="sidewalk" v="both"/>
  <tag k="surface" v="paving_stones"/>
  <tag k="turn:lanes" v="through|through;right|right"/>
 </way>
 <way id="1384050542" visible="true" version="1" changeset="165893352" timestamp="2025-05-06T13:50:26Z" user="PunjnadCanal" uid="22557322">
  <nd ref="263613997"/>
  <nd ref="12814386235"/>
  <nd ref="12814386240"/>
  <nd ref="12814386239"/>
  <nd ref="12814386238"/>
  <nd ref="12814386237"/>
  <nd ref="12814386236"/>
  <tag k="highway" v="service"/>
 </way>
 <way id="1458573992" visible="true" version="4" changeset="177630266" timestamp="2026-01-23T23:47:44Z" user="JSR1781" uid="20049066">
  <nd ref="13480918760"/>
  <nd ref="13376752604"/>
  <nd ref="13376752603"/>
  <nd ref="13376752602"/>
  <nd ref="13376752601"/>
  <nd ref="13376752600"/>
  <nd ref="13376752599"/>
  <nd ref="13376752598"/>
  <nd ref="13376752597"/>
  <nd ref="13376752596"/>
  <nd ref="13376752595"/>
  <nd ref="13376752594"/>
  <nd ref="13376752593"/>
  <nd ref="13376752592"/>
  <nd ref="13376752591"/>
  <nd ref="13376752590"/>
  <nd ref="13376752589"/>
  <nd ref="13376752588"/>
  <nd ref="13376752587"/>
  <nd ref="13376752586"/>
  <nd ref="13376752585"/>
  <nd ref="13376752584"/>
  <nd ref="13376752583"/>
  <nd ref="13376752582"/>
  <nd ref="13376752581"/>
  <nd ref="13376752580"/>
  <nd ref="13376752579"/>
  <nd ref="13376752578"/>
  <nd ref="13376752577"/>
  <nd ref="13376752576"/>
  <nd ref="13376752575"/>
  <nd ref="13376752574"/>
  <nd ref="13376752573"/>
  <nd ref="13376752572"/>
  <nd ref="13376752571"/>
  <nd ref="13376752570"/>
  <nd ref="13376752569"/>
  <nd ref="13376752568"/>
  <nd ref="13376752567"/>
  <nd ref="13376752566"/>
  <nd ref="13376752565"/>
  <nd ref="13376752564"/>
  <nd ref="13376752563"/>
  <nd ref="13376752562"/>
  <nd ref="13376752561"/>
  <nd ref="13376752560"/>
  <nd ref="13376752559"/>
  <nd ref="13376752558"/>
  <nd ref="13376752557"/>
  <nd ref="13376752556"/>
  <nd ref="13376752555"/>
  <nd ref="13376752554"/>
  <nd ref="13376752553"/>
  <nd ref="13376752552"/>
  <nd ref="13376752551"/>
  <nd ref="13376752550"/>
  <nd ref="13376752549"/>
  <nd ref="13376752548"/>
  <nd ref="13376752547"/>
  <nd ref="13376752546"/>
  <nd ref="13376752545"/>
  <nd ref="13376752544"/>
  <nd ref="13376752543"/>
  <nd ref="13376752542"/>
  <nd ref="13376752541"/>
  <nd ref="13376752540"/>
  <nd ref="13376752539"/>
  <nd ref="13376752538"/>
  <nd ref="13376752537"/>
  <nd ref="13376752536"/>
  <nd ref="13376752535"/>
  <nd ref="13376752534"/>
  <nd ref="13376752533"/>
  <nd ref="13376752532"/>
  <nd ref="13376752531"/>
  <nd ref="13376752530"/>
  <nd ref="13376752529"/>
  <nd ref="13376752528"/>
  <nd ref="13376752526"/>
  <nd ref="13480918790"/>
  <nd ref="13480918762"/>
  <nd ref="13480918789"/>
  <nd ref="13480918788"/>
  <nd ref="13480918787"/>
  <nd ref="13480918786"/>
  <nd ref="13480918785"/>
  <nd ref="13480918784"/>
  <nd ref="13480918783"/>
  <nd ref="13480918782"/>
  <nd ref="13480918781"/>
  <nd ref="13480918780"/>
  <nd ref="13480918779"/>
  <nd ref="13480918778"/>
  <nd ref="13480918777"/>
  <nd ref="13480918757"/>
  <nd ref="13376752499"/>
  <nd ref="13376752498"/>
  <nd ref="13376752497"/>
  <nd ref="13376752496"/>
  <nd ref="13376752495"/>
  <nd ref="13376752494"/>
  <nd ref="13376752493"/>
  <nd ref="13376752492"/>
  <nd ref="13376752491"/>
  <nd ref="13376752490"/>
  <nd ref="13376752489"/>
  <nd ref="13376752488"/>
  <nd ref="13376752487"/>
  <nd ref="13376752486"/>
  <nd ref="13376752485"/>
  <nd ref="13376752484"/>
  <nd ref="13376752483"/>
  <nd ref="13376752482"/>
  <nd ref="13376752481"/>
  <nd ref="13376752480"/>
  <nd ref="13376752479"/>
  <nd ref="13376752478"/>
  <nd ref="13376752477"/>
  <nd ref="13376752476"/>
  <nd ref="13376752475"/>
  <nd ref="13376752474"/>
  <nd ref="13376752473"/>
  <nd ref="13376752472"/>
  <nd ref="13376752471"/>
  <nd ref="13376752470"/>
  <nd ref="13376752469"/>
  <nd ref="13376752468"/>
  <nd ref="13376752467"/>
  <nd ref="13376752466"/>
  <nd ref="13376752465"/>
  <nd ref="13376752464"/>
  <nd ref="13376752463"/>
  <nd ref="13376752462"/>
  <nd ref="13376752461"/>
  <nd ref="13376752460"/>
  <nd ref="13376752459"/>
  <nd ref="13376752458"/>
  <nd ref="13376752457"/>
  <nd ref="13376752456"/>
  <nd ref="13376752455"/>
  <nd ref="13376752454"/>
  <nd ref="13376752453"/>
  <nd ref="13376752452"/>
  <nd ref="13376752451"/>
  <nd ref="13376752450"/>
  <nd ref="13376752449"/>
  <nd ref="13376752448"/>
  <nd ref="13376752447"/>
  <nd ref="13376752446"/>
  <nd ref="13376752445"/>
  <nd ref="13376752444"/>
  <nd ref="13376752443"/>
  <nd ref="13376752442"/>
  <nd ref="13376752441"/>
  <nd ref="13376752440"/>
  <nd ref="13376752439"/>
  <nd ref="13376752438"/>
  <nd ref="13376752437"/>
  <nd ref="13376752436"/>
  <nd ref="13376752435"/>
  <nd ref="13376752434"/>
  <nd ref="13376752430"/>
  <nd ref="13376752429"/>
  <nd ref="13376752428"/>
  <nd ref="13376752427"/>
  <nd ref="13376752432"/>
  <nd ref="13376752431"/>
  <nd ref="13376752433"/>
  <nd ref="13376752426"/>
  <nd ref="13376752425"/>
  <nd ref="13376752424"/>
  <nd ref="13376752423"/>
  <nd ref="13376752422"/>
  <nd ref="13376752421"/>
  <nd ref="13376752420"/>
  <nd ref="13376752419"/>
  <nd ref="13376752418"/>
  <nd ref="13376752417"/>
  <nd ref="13376752416"/>
  <nd ref="13376752415"/>
  <nd ref="13376752414"/>
  <nd ref="13376752413"/>
  <nd ref="13376752412"/>
  <nd ref="13376752411"/>
  <nd ref="13376752410"/>
  <nd ref="13376752409"/>
  <nd ref="13376752408"/>
  <nd ref="13376752407"/>
  <nd ref="13376752406"/>
  <nd ref="13376752405"/>
  <nd ref="13376752404"/>
  <nd ref="13376752403"/>
  <nd ref="13376752402"/>
  <nd ref="13376752401"/>
  <nd ref="13376752400"/>
  <nd ref="13376752399"/>
  <nd ref="13376752398"/>
  <nd ref="13376752397"/>
  <nd ref="13376752396"/>
  <nd ref="13376752395"/>
  <nd ref="13376752394"/>
  <nd ref="13376752393"/>
  <nd ref="13376752392"/>
  <nd ref="13376752391"/>
  <nd ref="13376752390"/>
  <nd ref="13376752389"/>
  <nd ref="13376752388"/>
  <nd ref="13376752387"/>
  <nd ref="13376752386"/>
  <nd ref="13376752385"/>
  <nd ref="13376752384"/>
  <nd ref="13376752383"/>
  <nd ref="13376752382"/>
  <nd ref="13376752381"/>
  <nd ref="13376752380"/>
  <nd ref="13376752379"/>
  <nd ref="13376752378"/>
  <nd ref="13376752377"/>
  <nd ref="13376752376"/>
  <nd ref="13376752375"/>
  <nd ref="13376752374"/>
  <nd ref="13376752373"/>
  <nd ref="13376752372"/>
  <nd ref="13376752371"/>
  <nd ref="13376752370"/>
  <nd ref="13376752369"/>
  <nd ref="13376752368"/>
  <nd ref="13376752367"/>
  <nd ref="13376752366"/>
  <nd ref="13376752365"/>
  <nd ref="13376752364"/>
  <nd ref="13376752363"/>
  <nd ref="13376752362"/>
  <nd ref="13376752361"/>
  <nd ref="13376752360"/>
  <nd ref="13376752359"/>
  <nd ref="13376752358"/>
  <nd ref="13376752357"/>
  <nd ref="13376752356"/>
  <nd ref="13376752355"/>
  <nd ref="13376752354"/>
  <nd ref="13376752353"/>
  <nd ref="13376752352"/>
  <nd ref="13376752351"/>
  <nd ref="13376752350"/>
  <nd ref="13376752349"/>
  <nd ref="13376752348"/>
  <nd ref="13376752347"/>
  <nd ref="13376752346"/>
  <nd ref="13376752345"/>
  <nd ref="13376752344"/>
  <nd ref="13376752343"/>
  <nd ref="13376752342"/>
  <nd ref="13376752341"/>
  <nd ref="13376752340"/>
  <nd ref="13376752339"/>
  <nd ref="13376752338"/>
  <nd ref="13376752337"/>
  <nd ref="13376752336"/>
  <nd ref="13376752335"/>
  <nd ref="13376752334"/>
  <nd ref="13376752333"/>
  <nd ref="13376752332"/>
  <nd ref="13376752331"/>
  <nd ref="13376752330"/>
  <nd ref="13376752329"/>
  <nd ref="13376752328"/>
  <nd ref="13376752327"/>
  <nd ref="13376752326"/>
  <nd ref="13376752325"/>
  <nd ref="13376752324"/>
  <nd ref="13376752323"/>
  <nd ref="13376752322"/>
  <nd ref="13376752321"/>
  <nd ref="13376752320"/>
  <nd ref="13376752319"/>
  <nd ref="13376752318"/>
  <nd ref="13376752317"/>
  <nd ref="13376752316"/>
  <nd ref="13376752315"/>
  <nd ref="13376752314"/>
  <nd ref="13376752313"/>
  <nd ref="13376752312"/>
  <nd ref="13376752311"/>
  <nd ref="13376752310"/>
  <nd ref="13376752309"/>
  <nd ref="13376752308"/>
  <nd ref="13376752307"/>
  <nd ref="13376752306"/>
  <nd ref="13376752305"/>
  <nd ref="13376752304"/>
  <nd ref="13376752303"/>
  <nd ref="13376752302"/>
  <nd ref="13376752301"/>
  <nd ref="13376646200"/>
  <nd ref="13376646199"/>
  <nd ref="13472163019"/>
  <nd ref="13376646198"/>
  <nd ref="13376646197"/>
  <nd ref="13376646196"/>
  <nd ref="13376646195"/>
  <nd ref="13376646194"/>
  <nd ref="13376646193"/>
  <nd ref="13376646192"/>
  <nd ref="13376646191"/>
  <nd ref="13376646190"/>
  <nd ref="13376646189"/>
  <nd ref="13376646188"/>
  <nd ref="13376646187"/>
  <nd ref="13376646186"/>
  <nd ref="13376646185"/>
  <nd ref="13376646183"/>
  <nd ref="13376646184"/>
  <tag k="layer" v="-2"/>
  <tag k="name" v="Metro de Lima Línea 3"/>
  <tag k="oneway" v="-1"/>
  <tag k="opening_date" v="2032"/>
  <tag k="proposed" v="subway"/>
  <tag k="proposed:electrified" v="contact_line"/>
  <tag k="proposed:frequency" v="0"/>
  <tag k="proposed:gauge" v="1435"/>
  <tag k="proposed:railway" v="subway"/>
  <tag k="proposed:voltage" v="1500"/>
  <tag k="railway" v="proposed"/>
  <tag k="tunnel" v="yes"/>
  <tag k="wikidata" v="Q16595594"/>
  <tag k="wikipedia" v="es:Línea 3 del Metro de Lima y Callao"/>
 </way>
 <way id="1458605063" visible="true" version="3" changeset="177630266" timestamp="2026-01-23T23:47:44Z" user="JSR1781" uid="20049066">
  <nd ref="13480918759"/>
  <nd ref="13376969071"/>
  <nd ref="13376969072"/>
  <nd ref="13376969073"/>
  <nd ref="13376969074"/>
  <nd ref="13376969075"/>
  <nd ref="13376969076"/>
  <nd ref="13376969077"/>
  <nd ref="13376969078"/>
  <nd ref="13376969079"/>
  <nd ref="13376969080"/>
  <nd ref="13376969081"/>
  <nd ref="13376969082"/>
  <nd ref="13376969083"/>
  <nd ref="13376969084"/>
  <nd ref="13376969085"/>
  <nd ref="13376969086"/>
  <nd ref="13376969087"/>
  <nd ref="13376969088"/>
  <nd ref="13376969089"/>
  <nd ref="13376969090"/>
  <nd ref="13376969091"/>
  <nd ref="13376969092"/>
  <nd ref="13376969093"/>
  <nd ref="13376969094"/>
  <nd ref="13376969095"/>
  <nd ref="13376969096"/>
  <nd ref="13376969097"/>
  <nd ref="13376969098"/>
  <nd ref="13376969099"/>
  <nd ref="13376969100"/>
  <nd ref="13376999301"/>
  <nd ref="13376999302"/>
  <nd ref="13376999303"/>
  <nd ref="13376999304"/>
  <nd ref="13376999305"/>
  <nd ref="13376999306"/>
  <nd ref="13376999307"/>
  <nd ref="13376999308"/>
  <nd ref="13376999309"/>
  <nd ref="13376999310"/>
  <nd ref="13376999311"/>
  <nd ref="13376999313"/>
  <nd ref="13376999314"/>
  <nd ref="13376999315"/>
  <nd ref="13376999316"/>
  <nd ref="13376999317"/>
  <nd ref="13376999318"/>
  <nd ref="13376999319"/>
  <nd ref="13376999320"/>
  <nd ref="13376999321"/>
  <nd ref="13376999322"/>
  <nd ref="13376999323"/>
  <nd ref="13376999324"/>
  <nd ref="13376999325"/>
  <nd ref="13376999326"/>
  <nd ref="13376999327"/>
  <nd ref="13376999328"/>
  <nd ref="13376999329"/>
  <nd ref="13376999330"/>
  <nd ref="13376999331"/>
  <nd ref="13376999332"/>
  <nd ref="13376999333"/>
  <nd ref="13376999334"/>
  <nd ref="13376999335"/>
  <nd ref="13376999336"/>
  <nd ref="13376999337"/>
  <nd ref="13376999338"/>
  <nd ref="13376999339"/>
  <nd ref="13376999340"/>
  <nd ref="13480918761"/>
  <nd ref="13480918776"/>
  <nd ref="13480918775"/>
  <nd ref="13480918774"/>
  <nd ref="13480918773"/>
  <nd ref="13480918772"/>
  <nd ref="13480918771"/>
  <nd ref="13480918770"/>
  <nd ref="13480918769"/>
  <nd ref="13480918768"/>
  <nd ref="13480918767"/>
  <nd ref="13480918766"/>
  <nd ref="13480918765"/>
  <nd ref="13480918764"/>
  <nd ref="13480918763"/>
  <nd ref="13480918758"/>
  <nd ref="13376999365"/>
  <nd ref="13376999366"/>
  <nd ref="13376999367"/>
  <nd ref="13376999368"/>
  <nd ref="13376999369"/>
  <nd ref="13376999370"/>
  <nd ref="13376999371"/>
  <nd ref="13376999372"/>
  <nd ref="13376999374"/>
  <nd ref="13376999375"/>
  <nd ref="13376999376"/>
  <nd ref="13376999377"/>
  <nd ref="13376999378"/>
  <nd ref="13376999379"/>
  <nd ref="13376999380"/>
  <nd ref="13376999381"/>
  <nd ref="13376999382"/>
  <nd ref="13376999383"/>
  <nd ref="13376999384"/>
  <nd ref="13376999385"/>
  <nd ref="13376999386"/>
  <nd ref="13376999387"/>
  <nd ref="13376999388"/>
  <nd ref="13376999390"/>
  <nd ref="13376999391"/>
  <nd ref="13376999392"/>
  <nd ref="13376999393"/>
  <nd ref="13376999394"/>
  <nd ref="13376999395"/>
  <nd ref="13376999396"/>
  <nd ref="13376999397"/>
  <nd ref="13376999398"/>
  <nd ref="13376999399"/>
  <nd ref="13376999400"/>
  <nd ref="13376999401"/>
  <nd ref="13376999402"/>
  <nd ref="13376999403"/>
  <nd ref="13376999404"/>
  <nd ref="13376999405"/>
  <nd ref="13376999406"/>
  <nd ref="13376999407"/>
  <nd ref="13376999408"/>
  <nd ref="13376999409"/>
  <nd ref="13376999410"/>
  <nd ref="13376999411"/>
  <nd ref="13376999412"/>
  <nd ref="13376999413"/>
  <nd ref="13376999414"/>
  <nd ref="13376999415"/>
  <nd ref="13376999416"/>
  <nd ref="13376999417"/>
  <nd ref="13376999418"/>
  <nd ref="13376999419"/>
  <nd ref="13376999420"/>
  <nd ref="13376999421"/>
  <nd ref="13376999422"/>
  <nd ref="13376999423"/>
  <nd ref="13376999424"/>
  <nd ref="13376999425"/>
  <nd ref="13376999426"/>
  <nd ref="13376999427"/>
  <nd ref="13376999428"/>
  <nd ref="13376999429"/>
  <nd ref="13376999430"/>
  <nd ref="13376999431"/>
  <nd ref="13376999432"/>
  <nd ref="13376999433"/>
  <nd ref="13376999434"/>
  <nd ref="13376999435"/>
  <nd ref="13376999436"/>
  <nd ref="13376999437"/>
  <nd ref="13376999438"/>
  <nd ref="13376999439"/>
  <nd ref="13376999440"/>
  <nd ref="13376999441"/>
  <nd ref="13376999442"/>
  <nd ref="13376999443"/>
  <nd ref="13376999444"/>
  <nd ref="13376999445"/>
  <nd ref="13376999446"/>
  <nd ref="13376999447"/>
  <nd ref="13376999448"/>
  <nd ref="13376999449"/>
  <nd ref="13376999450"/>
  <nd ref="13376999451"/>
  <nd ref="13376999452"/>
  <nd ref="13376999453"/>
  <nd ref="13376999454"/>
  <nd ref="13376999455"/>
  <nd ref="13376999456"/>
  <nd ref="13376999457"/>
  <nd ref="13376999458"/>
  <nd ref="13376999459"/>
  <nd ref="13376999460"/>
  <nd ref="13376999461"/>
  <nd ref="13376999462"/>
  <nd ref="13376999463"/>
  <nd ref="13376999464"/>
  <nd ref="13376999465"/>
  <nd ref="13376999466"/>
  <nd ref="13376999467"/>
  <nd ref="13376999468"/>
  <nd ref="13376999469"/>
  <nd ref="13376999470"/>
  <nd ref="13376999471"/>
  <nd ref="13376999472"/>
  <nd ref="13376999473"/>
  <nd ref="13376999474"/>
  <nd ref="13376999475"/>
  <nd ref="13376999476"/>
  <nd ref="13376999477"/>
  <nd ref="13376999478"/>
  <nd ref="13376999479"/>
  <nd ref="13376999480"/>
  <nd ref="13376999481"/>
  <nd ref="13376999482"/>
  <nd ref="13376999483"/>
  <nd ref="13376999484"/>
  <nd ref="13376999485"/>
  <nd ref="13376999486"/>
  <nd ref="13376999487"/>
  <nd ref="13376999488"/>
  <nd ref="13376999489"/>
  <nd ref="13376999490"/>
  <nd ref="13376999491"/>
  <nd ref="13472163024"/>
  <nd ref="13376999492"/>
  <nd ref="13376999493"/>
  <nd ref="13376999494"/>
  <nd ref="13376999495"/>
  <nd ref="13376999496"/>
  <nd ref="13376999497"/>
  <nd ref="13376999498"/>
  <nd ref="13376999499"/>
  <nd ref="13376999500"/>
  <nd ref="13376999501"/>
  <nd ref="13376999502"/>
  <nd ref="13376999503"/>
  <nd ref="13376999504"/>
  <nd ref="13376999505"/>
  <nd ref="13376999506"/>
  <nd ref="13376999507"/>
  <nd ref="13376999508"/>
  <nd ref="13376999509"/>
  <nd ref="13376999510"/>
  <nd ref="13376999511"/>
  <nd ref="13376999512"/>
  <nd ref="13376999513"/>
  <nd ref="13376999514"/>
  <nd ref="13376999515"/>
  <nd ref="13376999516"/>
  <tag k="layer" v="-2"/>
  <tag k="name" v="Metro de Lima Línea 3"/>
  <tag k="oneway" v="yes"/>
  <tag k="opening_date" v="2032"/>
  <tag k="proposed" v="subway"/>
  <tag k="proposed:electrified" v="contact_line"/>
  <tag k="proposed:frequency" v="0"/>
  <tag k="proposed:gauge" v="1435"/>
  <tag k="proposed:railway" v="subway"/>
  <tag k="proposed:voltage" v="1500"/>
  <tag k="railway" v="proposed"/>
  <tag k="tunnel" v="yes"/>
  <tag k="wikidata" v="Q16595594"/>
  <tag k="wikipedia" v="es:Línea 3 del Metro de Lima y Callao"/>
 </way>
 <relation id="4204283" visible="true" version="249" changeset="182857064" timestamp="2026-05-19T01:25:15Z" user="RahadRiver" uid="23310597">
  <member type="way" ref="173527293" role=""/>
  <member type="way" ref="1155066059" role=""/>
  <member type="way" ref="1225792959" role=""/>
  <member type="way" ref="329967316" role=""/>
  <member type="way" ref="329965021" role=""/>
  <member type="way" ref="25112947" role=""/>
  <member type="way" ref="279972854" role=""/>
  <member type="way" ref="279972856" role=""/>
  <member type="way" ref="326159289" role=""/>
  <member type="way" ref="348721288" role=""/>
  <member type="way" ref="279876634" role=""/>
  <member type="way" ref="100607711" role=""/>
  <member type="way" ref="328979848" role=""/>
  <member type="way" ref="321404230" role=""/>
  <member type="way" ref="1469947836" role=""/>
  <member type="way" ref="1341681635" role=""/>
  <member type="way" ref="279968413" role=""/>
  <member type="way" ref="1341681636" role=""/>
  <member type="way" ref="321389056" role=""/>
  <member type="way" ref="756339315" role=""/>
  <member type="way" ref="322026663" role=""/>
  <member type="way" ref="284908046" role=""/>
  <member type="way" ref="1341663037" role=""/>
  <member type="way" ref="327596054" role=""/>
  <member type="way" ref="1341663032" role=""/>
  <member type="way" ref="279895895" role=""/>
  <member type="way" ref="1183565147" role=""/>
  <member type="way" ref="325292464" role=""/>
  <member type="way" ref="279893861" role=""/>
  <member type="way" ref="280209102" role=""/>
  <member type="way" ref="321853550" role=""/>
  <member type="way" ref="314142887" role=""/>
  <member type="way" ref="312666781" role=""/>
  <member type="way" ref="324822371" role=""/>
  <member type="way" ref="1230462992" role=""/>
  <member type="way" ref="1230462972" role=""/>
  <member type="way" ref="870878170" role=""/>
  <member type="way" ref="4831348" role=""/>
  <member type="way" ref="438017591" role=""/>
  <member type="way" ref="180525808" role=""/>
  <member type="way" ref="660055399" role=""/>
  <member type="way" ref="396819796" role=""/>
  <member type="way" ref="396820846" role=""/>
  <member type="way" ref="44111658" role=""/>
  <member type="way" ref="44111661" role=""/>
  <member type="way" ref="312333400" role=""/>
  <member type="way" ref="396819255" role=""/>
  <member type="way" ref="1419044644" role=""/>
  <member type="way" ref="1316729217" role=""/>
  <member type="way" ref="1463494449" role=""/>
  <member type="way" ref="613858315" role=""/>
  <member type="way" ref="1423498448" role=""/>
  <member type="way" ref="613858318" role=""/>
  <member type="way" ref="396817815" role=""/>
  <member type="way" ref="436576224" role=""/>
  <member type="way" ref="1339870548" role=""/>
  <member type="way" ref="378848987" role=""/>
  <member type="way" ref="990164115" role=""/>
  <member type="way" ref="378848989" role=""/>
  <member type="way" ref="493472235" role=""/>
  <member type="way" ref="1339859966" role=""/>
  <member type="way" ref="1340621335" role=""/>
  <member type="way" ref="1340621332" role=""/>
  <member type="way" ref="173525730" role=""/>
  <member type="way" ref="784068025" role=""/>
  <member type="way" ref="1339859965" role=""/>
  <member type="way" ref="435195516" role=""/>
  <member type="way" ref="893020425" role=""/>
  <member type="way" ref="335945408" role=""/>
  <member type="way" ref="1365592022" role=""/>
  <member type="way" ref="1365592021" role=""/>
  <member type="way" ref="436251100" role=""/>
  <member type="way" ref="1365592023" role=""/>
  <member type="way" ref="1365592024" role=""/>
  <member type="way" ref="1365592025" role=""/>
  <member type="way" ref="1365592026" role=""/>
  <member type="way" ref="1365592027" role=""/>
  <member type="way" ref="1365592028" role=""/>
  <member type="way" ref="1483765724" role=""/>
  <member type="way" ref="436259992" role=""/>
  <member type="way" ref="47835017" role=""/>
  <member type="way" ref="279857266" role=""/>
  <member type="way" ref="1023690557" role=""/>
  <member type="way" ref="757067078" role=""/>
  <member type="way" ref="1363366410" role=""/>
  <member type="way" ref="279876639" role=""/>
  <member type="way" ref="282552665" role=""/>
  <member type="way" ref="493510599" role=""/>
  <member type="way" ref="1340425713" role=""/>
  <member type="way" ref="1148052917" role=""/>
  <member type="way" ref="1340425708" role=""/>
  <member type="way" ref="338241852" role=""/>
  <member type="way" ref="493510593" role=""/>
  <member type="way" ref="1364656386" role=""/>
  <member type="way" ref="493510595" role=""/>
  <member type="way" ref="493510591" role=""/>
  <member type="way" ref="1343472940" role=""/>
  <member type="way" ref="401780811" role=""/>
  <member type="way" ref="1343472939" role=""/>
  <member type="way" ref="401780810" role=""/>
  <member type="way" ref="493510581" role=""/>
  <member type="way" ref="323136850" role=""/>
  <member type="way" ref="1343485283" role=""/>
  <member type="way" ref="285017679" role=""/>
  <member type="way" ref="325446447" role=""/>
  <member type="way" ref="1343485281" role=""/>
  <member type="way" ref="327261898" role=""/>
  <member type="way" ref="892431510" role=""/>
  <member type="way" ref="892431508" role=""/>
  <member type="way" ref="327261960" role=""/>
  <member type="way" ref="1343520818" role=""/>
  <member type="way" ref="891957175" role=""/>
  <member type="way" ref="892910464" role=""/>
  <member type="way" ref="279893884" role=""/>
  <member type="way" ref="1368198540" role=""/>
  <member type="way" ref="1343480334" role=""/>
  <member type="way" ref="339372364" role=""/>
  <member type="way" ref="1343480331" role=""/>
  <member type="way" ref="284901703" role=""/>
  <member type="way" ref="621602406" role=""/>
  <member type="way" ref="328815822" role=""/>
  <member type="way" ref="454600546" role=""/>
  <member type="way" ref="496801885" role=""/>
  <member type="way" ref="1189325483" role=""/>
  <member type="way" ref="1189325482" role=""/>
  <member type="way" ref="46227650" role=""/>
  <member type="way" ref="1343544512" role=""/>
  <member type="way" ref="1150010102" role=""/>
  <member type="way" ref="1343544511" role=""/>
  <member type="way" ref="324365881" role=""/>
  <member type="way" ref="1150783764" role=""/>
  <member type="way" ref="1343402198" role=""/>
  <member type="way" ref="1343402197" role=""/>
  <member type="way" ref="892976044" role=""/>
  <member type="way" ref="1343402205" role=""/>
  <member type="way" ref="284905870" role=""/>
  <member type="way" ref="1391879858" role=""/>
  <member type="way" ref="331430035" role=""/>
  <member type="way" ref="1469334603" role=""/>
  <member type="way" ref="1150534534" role=""/>
  <member type="way" ref="338024836" role=""/>
  <member type="way" ref="1130700202" role=""/>
  <member type="way" ref="284908041" role=""/>
  <member type="way" ref="279895896" role=""/>
  <member type="way" ref="1315441498" role=""/>
  <member type="way" ref="1339650992" role=""/>
  <member type="way" ref="1315441502" role=""/>
  <member type="way" ref="892996334" role=""/>
  <member type="way" ref="317137452" role=""/>
  <member type="way" ref="1469334604" role=""/>
  <member type="way" ref="1321775932" role=""/>
  <member type="way" ref="1321775931" role=""/>
  <member type="way" ref="432963078" role=""/>
  <member type="way" ref="435198091" role=""/>
  <member type="way" ref="870885654" role=""/>
  <member type="way" ref="809855298" role=""/>
  <member type="way" ref="1333044333" role=""/>
  <member type="way" ref="315095696" role=""/>
  <member type="way" ref="279253640" role=""/>
  <member type="way" ref="1335999607" role=""/>
  <member type="way" ref="1336612995" role=""/>
  <member type="way" ref="1336263337" role=""/>
  <member type="way" ref="1335999611" role=""/>
  <member type="way" ref="1336296915" role=""/>
  <member type="way" ref="1184602766" role=""/>
  <member type="way" ref="11989455" role=""/>
  <member type="way" ref="19071516" role=""/>
  <member type="way" ref="330172461" role=""/>
  <member type="way" ref="14342450" role=""/>
  <member type="way" ref="1230462979" role=""/>
  <member type="way" ref="1230462978" role=""/>
  <member type="way" ref="315218164" role=""/>
  <member type="way" ref="654086787" role=""/>
  <member type="way" ref="314356553" role=""/>
  <member type="way" ref="11986778" role=""/>
  <member type="way" ref="511802061" role=""/>
  <member type="way" ref="1230462975" role=""/>
  <member type="way" ref="511800020" role=""/>
  <member type="way" ref="11987159" role=""/>
  <member type="way" ref="406007416" role=""/>
  <member type="way" ref="653820833" role=""/>
  <member type="way" ref="406007411" role=""/>
  <member type="way" ref="406007422" role=""/>
  <member type="way" ref="406008845" role=""/>
  <member type="way" ref="1310962224" role=""/>
  <member type="way" ref="670521714" role=""/>
  <member type="way" ref="39441948" role=""/>
  <member type="way" ref="437191067" role=""/>
  <member type="way" ref="437191070" role=""/>
  <member type="way" ref="1312216914" role=""/>
  <member type="way" ref="1312216913" role=""/>
  <member type="way" ref="24315836" role=""/>
  <member type="way" ref="1305172758" role=""/>
  <member type="way" ref="1152777183" role=""/>
  <member type="way" ref="1189323941" role=""/>
  <member type="way" ref="1321519945" role=""/>
  <member type="way" ref="285061727" role=""/>
  <member type="way" ref="893031440" role=""/>
  <member type="way" ref="893031439" role=""/>
  <member type="way" ref="326312165" role=""/>
  <member type="way" ref="315743452" role=""/>
  <member type="way" ref="33818372" role=""/>
  <member type="way" ref="279893868" role=""/>
  <member type="way" ref="1185672786" role=""/>
  <member type="way" ref="1343543514" role=""/>
  <member type="way" ref="326165110" role=""/>
  <member type="way" ref="1301140119" role=""/>
  <member type="way" ref="437346933" role=""/>
  <member type="way" ref="1151017528" role=""/>
  <member type="way" ref="1151017529" role=""/>
  <member type="way" ref="892442184" role=""/>
  <member type="way" ref="315557555" role=""/>
  <member type="way" ref="1516697392" role=""/>
  <member type="way" ref="1516697391" role=""/>
  <member type="way" ref="479364429" role=""/>
  <member type="way" ref="404262414" role=""/>
  <member type="way" ref="38946018" role=""/>
  <member type="way" ref="479359774" role=""/>
  <member type="way" ref="479366257" role=""/>
  <member type="way" ref="329983009" role=""/>
  <member type="way" ref="279893840" role=""/>
  <member type="way" ref="315218161" role=""/>
  <member type="way" ref="392014795" role=""/>
  <member type="way" ref="392014796" role=""/>
  <member type="way" ref="392015774" role=""/>
  <member type="way" ref="583806623" role=""/>
  <member type="way" ref="409854618" role=""/>
  <member type="way" ref="279893876" role=""/>
  <member type="way" ref="439053507" role=""/>
  <member type="way" ref="892788961" role=""/>
  <member type="way" ref="279893847" role=""/>
  <member type="way" ref="892789370" role=""/>
  <member type="way" ref="892789369" role=""/>
  <member type="way" ref="1363489619" role=""/>
  <member type="way" ref="654331316" role=""/>
  <member type="way" ref="654331320" role=""/>
  <member type="way" ref="1423598285" role=""/>
  <member type="way" ref="439813451" role=""/>
  <member type="way" ref="1309070372" role=""/>
  <member type="way" ref="1423598283" role=""/>
  <member type="way" ref="280228332" role=""/>
  <member type="way" ref="437463237" role=""/>
  <member type="way" ref="34188719" role=""/>
  <member type="way" ref="439047888" role=""/>
  <member type="way" ref="1314282287" role=""/>
  <member type="way" ref="1314282286" role=""/>
  <member type="way" ref="437504901" role=""/>
  <member type="way" ref="1386033023" role=""/>
  <member type="way" ref="312666776" role=""/>
  <member type="way" ref="1023690563" role=""/>
  <member type="way" ref="1025976736" role=""/>
  <member type="way" ref="1023690562" role=""/>
  <member type="way" ref="1025935723" role=""/>
  <member type="way" ref="28707150" role=""/>
  <member type="way" ref="1148264335" role=""/>
  <member type="way" ref="621791089" role=""/>
  <member type="way" ref="621791093" role=""/>
  <member type="way" ref="1290849748" role=""/>
  <member type="way" ref="1183810724" role=""/>
  <member type="way" ref="282567279" role=""/>
  <member type="way" ref="334367792" role=""/>
  <member type="way" ref="279900358" role=""/>
  <member type="way" ref="1025935722" role=""/>
  <member type="way" ref="321728924" role=""/>
  <member type="way" ref="1343273254" role=""/>
  <member type="way" ref="1343616976" role=""/>
  <member type="way" ref="320757331" role=""/>
  <member type="way" ref="1343273256" role=""/>
  <member type="way" ref="893575759" role=""/>
  <member type="way" ref="1343616973" role=""/>
  <member type="way" ref="893575758" role=""/>
  <member type="way" ref="284905869" role=""/>
  <member type="way" ref="279893853" role=""/>
  <member type="way" ref="1148319650" role=""/>
  <member type="way" ref="482801082" role=""/>
  <member type="way" ref="482801081" role=""/>
  <member type="way" ref="1148319647" role=""/>
  <member type="way" ref="482801079" role=""/>
  <member type="way" ref="338270720" role=""/>
  <member type="way" ref="482801078" role=""/>
  <member type="way" ref="482801077" role=""/>
  <member type="way" ref="326819126" role=""/>
  <member type="way" ref="1149231639" role=""/>
  <member type="way" ref="14174735" role=""/>
  <member type="way" ref="892110496" role=""/>
  <member type="way" ref="429899693" role=""/>
  <member type="way" ref="1188006285" role=""/>
  <member type="way" ref="1151987313" role=""/>
  <tag k="name" v="X-CR20-I"/>
  <tag k="route" v="bus"/>
  <tag k="type" v="route"/>
 </relation>
 <relation id="4224064" visible="true" version="271" changeset="182857064" timestamp="2026-05-19T01:25:15Z" user="RahadRiver" uid="23310597">
  <member type="way" ref="418674556" role="stop"/>
  <member type="way" ref="280221446" role=""/>
  <member type="way" ref="369945190" role=""/>
  <member type="way" ref="1389747145" role=""/>
  <member type="way" ref="525971445" role=""/>
  <member type="way" ref="1138455031" role=""/>
  <member type="way" ref="369945192" role=""/>
  <member type="way" ref="284905868" role=""/>
  <member type="way" ref="267821015" role=""/>
  <member type="way" ref="639817813" role=""/>
  <member type="way" ref="334591830" role=""/>
  <member type="way" ref="1227656927" role=""/>
  <member type="way" ref="1013544313" role=""/>
  <member type="way" ref="1342039767" role=""/>
  <member type="way" ref="1342039772" role=""/>
  <member type="way" ref="1433615305" role=""/>
  <member type="way" ref="330285774" role=""/>
  <member type="way" ref="413192873" role=""/>
  <member type="way" ref="395909505" role=""/>
  <member type="way" ref="395898024" role=""/>
  <member type="way" ref="405583479" role=""/>
  <member type="way" ref="405583481" role=""/>
  <member type="way" ref="395908691" role=""/>
  <member type="way" ref="4828738" role=""/>
  <member type="way" ref="1227894329" role=""/>
  <member type="way" ref="1227894328" role=""/>
  <member type="way" ref="1157019073" role=""/>
  <member type="way" ref="1157019074" role=""/>
  <member type="way" ref="1160268414" role=""/>
  <member type="way" ref="114396103" role=""/>
  <member type="way" ref="314325755" role=""/>
  <member type="way" ref="325321980" role=""/>
  <member type="way" ref="291410454" role=""/>
  <member type="way" ref="1155903508" role=""/>
  <member type="way" ref="892110212" role=""/>
  <member type="way" ref="278990882" role=""/>
  <member type="way" ref="314330540" role=""/>
  <member type="way" ref="278932012" role=""/>
  <member type="way" ref="313291489" role=""/>
  <member type="way" ref="330462130" role=""/>
  <member type="way" ref="326617642" role=""/>
  <member type="way" ref="330462141" role=""/>
  <member type="way" ref="335042173" role=""/>
  <member type="way" ref="1423330249" role=""/>
  <member type="way" ref="1470120096" role=""/>
  <member type="way" ref="1433662766" role=""/>
  <member type="way" ref="1469023773" role=""/>
  <member type="way" ref="699923311" role=""/>
  <member type="way" ref="1469023772" role=""/>
  <member type="way" ref="1441546155" role=""/>
  <member type="way" ref="1459425066" role=""/>
  <member type="way" ref="1470120098" role=""/>
  <member type="way" ref="1433662765" role=""/>
  <member type="way" ref="1470120097" role=""/>
  <member type="way" ref="1469023771" role=""/>
  <member type="way" ref="181373895" role=""/>
  <member type="way" ref="321352569" role=""/>
  <member type="way" ref="337625358" role=""/>
  <member type="way" ref="323708540" role=""/>
  <member type="way" ref="440255123" role=""/>
  <member type="way" ref="440255121" role=""/>
  <member type="way" ref="583582412" role=""/>
  <member type="way" ref="279857245" role=""/>
  <member type="way" ref="4828409" role=""/>
  <member type="way" ref="1054309449" role=""/>
  <member type="way" ref="1156067922" role=""/>
  <member type="way" ref="1469332693" role=""/>
  <member type="way" ref="1469332692" role=""/>
  <member type="way" ref="1469332694" role=""/>
  <member type="way" ref="4828407" role=""/>
  <member type="way" ref="326457724" role=""/>
  <member type="way" ref="330977675" role=""/>
  <member type="way" ref="321074885" role=""/>
  <member type="way" ref="279857248" role=""/>
  <member type="way" ref="321044752" role=""/>
  <member type="way" ref="326633324" role=""/>
  <member type="way" ref="324539686" role=""/>
  <member type="way" ref="279893861" role=""/>
  <member type="way" ref="280209102" role=""/>
  <member type="way" ref="321853550" role=""/>
  <member type="way" ref="314142887" role=""/>
  <member type="way" ref="312666781" role=""/>
  <member type="way" ref="324822371" role=""/>
  <member type="way" ref="1230462992" role=""/>
  <member type="way" ref="1230462972" role=""/>
  <member type="way" ref="870878170" role=""/>
  <member type="way" ref="4831348" role=""/>
  <member type="way" ref="438017591" role=""/>
  <member type="way" ref="180525808" role=""/>
  <member type="way" ref="660055399" role=""/>
  <member type="way" ref="396819796" role=""/>
  <member type="way" ref="396820846" role=""/>
  <member type="way" ref="44111658" role=""/>
  <member type="way" ref="44111661" role=""/>
  <member type="way" ref="312333400" role=""/>
  <member type="way" ref="396819255" role=""/>
  <member type="way" ref="1419044644" role=""/>
  <member type="way" ref="1316729217" role=""/>
  <member type="way" ref="1463494449" role=""/>
  <member type="way" ref="613858315" role=""/>
  <member type="way" ref="1423498448" role=""/>
  <member type="way" ref="613858318" role=""/>
  <member type="way" ref="396817815" role=""/>
  <member type="way" ref="436576224" role=""/>
  <member type="way" ref="1339870548" role=""/>
  <member type="way" ref="378848987" role=""/>
  <member type="way" ref="990164115" role=""/>
  <member type="way" ref="378848989" role=""/>
  <member type="way" ref="493472235" role=""/>
  <member type="way" ref="1339859966" role=""/>
  <member type="way" ref="1340621335" role=""/>
  <member type="way" ref="1340621332" role=""/>
  <member type="way" ref="173525730" role=""/>
  <member type="way" ref="784068025" role=""/>
  <member type="way" ref="1339859965" role=""/>
  <member type="way" ref="435195516" role=""/>
  <member type="way" ref="893020425" role=""/>
  <member type="way" ref="335945408" role=""/>
  <member type="way" ref="1365592022" role=""/>
  <member type="way" ref="1365592021" role=""/>
  <member type="way" ref="436251100" role=""/>
  <member type="way" ref="1365592023" role=""/>
  <member type="way" ref="1365592024" role=""/>
  <member type="way" ref="1365592025" role=""/>
  <member type="way" ref="1365592026" role=""/>
  <member type="way" ref="1365592027" role=""/>
  <member type="way" ref="1365592028" role=""/>
  <member type="way" ref="1483765724" role=""/>
  <member type="way" ref="436259992" role=""/>
  <member type="way" ref="47835017" role=""/>
  <member type="way" ref="279857266" role=""/>
  <member type="way" ref="1023690557" role=""/>
  <member type="way" ref="757067078" role=""/>
  <member type="way" ref="1363366410" role=""/>
  <member type="way" ref="279876639" role=""/>
  <member type="way" ref="282552665" role=""/>
  <member type="way" ref="493510599" role=""/>
  <member type="way" ref="1340425713" role=""/>
  <member type="way" ref="1148052917" role=""/>
  <member type="way" ref="1340425708" role=""/>
  <member type="way" ref="338241852" role=""/>
  <member type="way" ref="493510593" role=""/>
  <member type="way" ref="1364656386" role=""/>
  <member type="way" ref="493510595" role=""/>
  <member type="way" ref="493510591" role=""/>
  <member type="way" ref="1343472940" role=""/>
  <member type="way" ref="401780811" role=""/>
  <member type="way" ref="1343472939" role=""/>
  <member type="way" ref="401780810" role=""/>
  <member type="way" ref="493510581" role=""/>
  <member type="way" ref="323136850" role=""/>
  <member type="way" ref="1343485283" role=""/>
  <member type="way" ref="285017679" role=""/>
  <member type="way" ref="325446447" role=""/>
  <member type="way" ref="1343485281" role=""/>
  <member type="way" ref="327261898" role=""/>
  <member type="way" ref="892431510" role=""/>
  <member type="way" ref="892431508" role=""/>
  <member type="way" ref="327261960" role=""/>
  <member type="way" ref="1343520818" role=""/>
  <member type="way" ref="891957175" role=""/>
  <member type="way" ref="892910464" role=""/>
  <member type="way" ref="279893884" role=""/>
  <member type="way" ref="1368198540" role=""/>
  <member type="way" ref="1343480334" role=""/>
  <member type="way" ref="339372364" role=""/>
  <member type="way" ref="1343480331" role=""/>
  <member type="way" ref="284901703" role=""/>
  <member type="way" ref="621602406" role=""/>
  <member type="way" ref="328815822" role=""/>
  <member type="way" ref="454600546" role=""/>
  <member type="way" ref="496801885" role=""/>
  <member type="way" ref="1189325483" role=""/>
  <member type="way" ref="1189325482" role=""/>
  <member type="way" ref="46227650" role=""/>
  <member type="way" ref="1343544512" role=""/>
  <member type="way" ref="1150010102" role=""/>
  <member type="way" ref="1343544511" role=""/>
  <member type="way" ref="324365881" role=""/>
  <member type="way" ref="1150783764" role=""/>
  <member type="way" ref="1343402198" role=""/>
  <member type="way" ref="1343402197" role=""/>
  <member type="way" ref="892976044" role=""/>
  <member type="way" ref="1343402205" role=""/>
  <member type="way" ref="284905870" role=""/>
  <member type="way" ref="1391879858" role=""/>
  <member type="way" ref="331430035" role=""/>
  <member type="way" ref="1469334603" role=""/>
  <member type="way" ref="1150534534" role=""/>
  <member type="way" ref="338024836" role=""/>
  <member type="way" ref="1130700202" role=""/>
  <member type="way" ref="284908041" role=""/>
  <member type="way" ref="279895896" role=""/>
  <member type="way" ref="1315441498" role=""/>
  <member type="way" ref="1339650992" role=""/>
  <member type="way" ref="1315441502" role=""/>
  <member type="way" ref="892996334" role=""/>
  <member type="way" ref="317137452" role=""/>
  <member type="way" ref="1469334604" role=""/>
  <member type="way" ref="1321775932" role=""/>
  <member type="way" ref="1321775931" role=""/>
  <member type="way" ref="432963078" role=""/>
  <member type="way" ref="435198091" role=""/>
  <member type="way" ref="870885654" role=""/>
  <member type="way" ref="809855298" role=""/>
  <member type="way" ref="1333044333" role=""/>
  <member type="way" ref="315095696" role=""/>
  <member type="way" ref="279253640" role=""/>
  <member type="way" ref="1335999607" role=""/>
  <member type="way" ref="1336612995" role=""/>
  <member type="way" ref="1336263337" role=""/>
  <member type="way" ref="1335999611" role=""/>
  <member type="way" ref="1336296915" role=""/>
  <member type="way" ref="1184602766" role=""/>
  <member type="way" ref="11989455" role=""/>
  <member type="way" ref="19071516" role=""/>
  <member type="way" ref="330172461" role=""/>
  <member type="way" ref="14342450" role=""/>
  <member type="way" ref="1230462979" role=""/>
  <member type="way" ref="1230462978" role=""/>
  <member type="way" ref="315218164" role=""/>
  <member type="way" ref="654086787" role=""/>
  <member type="way" ref="314356553" role=""/>
  <member type="way" ref="11986778" role=""/>
  <member type="way" ref="511802061" role=""/>
  <member type="way" ref="1230462975" role=""/>
  <member type="way" ref="511800020" role=""/>
  <member type="way" ref="11987159" role=""/>
  <member type="way" ref="406007416" role=""/>
  <member type="way" ref="653820833" role=""/>
  <member type="way" ref="406007411" role=""/>
  <member type="way" ref="406007422" role=""/>
  <member type="way" ref="406008845" role=""/>
  <member type="way" ref="1310962224" role=""/>
  <member type="way" ref="670521714" role=""/>
  <member type="way" ref="39441948" role=""/>
  <member type="way" ref="437191067" role=""/>
  <member type="way" ref="437191070" role=""/>
  <member type="way" ref="1312216914" role=""/>
  <member type="way" ref="1312216913" role=""/>
  <member type="way" ref="24315836" role=""/>
  <member type="way" ref="1305172758" role=""/>
  <member type="way" ref="1152777183" role=""/>
  <member type="way" ref="1189323941" role=""/>
  <member type="way" ref="1321519945" role=""/>
  <member type="way" ref="285061727" role=""/>
  <member type="way" ref="893031440" role=""/>
  <member type="way" ref="893031439" role=""/>
  <member type="way" ref="326312165" role=""/>
  <member type="way" ref="315743452" role=""/>
  <member type="way" ref="33818372" role=""/>
  <member type="way" ref="279893868" role=""/>
  <member type="way" ref="1185672786" role=""/>
  <member type="way" ref="1343543514" role=""/>
  <member type="way" ref="326165110" role=""/>
  <member type="way" ref="1301140119" role=""/>
  <member type="way" ref="437346933" role=""/>
  <member type="way" ref="1151017528" role=""/>
  <member type="way" ref="1151017529" role=""/>
  <member type="way" ref="892442184" role=""/>
  <member type="way" ref="315557555" role=""/>
  <member type="way" ref="1516697392" role=""/>
  <member type="way" ref="1516697391" role=""/>
  <member type="way" ref="479364429" role=""/>
  <member type="way" ref="404262414" role=""/>
  <member type="way" ref="38946018" role=""/>
  <member type="way" ref="479359774" role=""/>
  <member type="way" ref="479366257" role=""/>
  <member type="way" ref="329983009" role=""/>
  <member type="way" ref="279893840" role=""/>
  <member type="way" ref="315218161" role=""/>
  <member type="way" ref="392014795" role=""/>
  <member type="way" ref="392014796" role=""/>
  <member type="way" ref="392015774" role=""/>
  <member type="way" ref="583806623" role=""/>
  <member type="way" ref="409854618" role=""/>
  <member type="way" ref="279893876" role=""/>
  <member type="way" ref="439053507" role=""/>
  <member type="way" ref="892788961" role=""/>
  <member type="way" ref="279893847" role=""/>
  <member type="way" ref="892789370" role=""/>
  <member type="way" ref="892789369" role=""/>
  <member type="way" ref="1363489619" role=""/>
  <member type="way" ref="654331316" role=""/>
  <member type="way" ref="654331320" role=""/>
  <member type="way" ref="1423598285" role=""/>
  <member type="way" ref="439813451" role=""/>
  <member type="way" ref="1309070372" role=""/>
  <member type="way" ref="1423598283" role=""/>
  <member type="way" ref="280228332" role=""/>
  <member type="way" ref="437463237" role=""/>
  <member type="way" ref="34188719" role=""/>
  <member type="way" ref="439047888" role=""/>
  <member type="way" ref="1314282287" role=""/>
  <member type="way" ref="1314282286" role=""/>
  <member type="way" ref="437504901" role=""/>
  <member type="way" ref="1386033023" role=""/>
  <member type="way" ref="312666776" role=""/>
  <member type="way" ref="1023690563" role=""/>
  <member type="way" ref="1025976736" role=""/>
  <member type="way" ref="1023690562" role=""/>
  <member type="way" ref="1025935723" role=""/>
  <member type="way" ref="28707150" role=""/>
  <member type="way" ref="1148264335" role=""/>
  <member type="way" ref="621791089" role=""/>
  <member type="way" ref="621791093" role=""/>
  <member type="way" ref="1290849748" role=""/>
  <member type="way" ref="1183810724" role=""/>
  <member type="way" ref="282567279" role=""/>
  <member type="way" ref="334367792" role=""/>
  <member type="way" ref="279900358" role=""/>
  <member type="way" ref="1025935722" role=""/>
  <member type="way" ref="321728924" role=""/>
  <member type="way" ref="1343273254" role=""/>
  <member type="way" ref="1343616976" role=""/>
  <member type="way" ref="320757331" role=""/>
  <member type="way" ref="1343273256" role=""/>
  <member type="way" ref="893575759" role=""/>
  <member type="way" ref="1343616973" role=""/>
  <member type="way" ref="893575758" role=""/>
  <member type="way" ref="326819126" role=""/>
  <member type="way" ref="1149231639" role=""/>
  <member type="way" ref="14174735" role=""/>
  <member type="way" ref="892110496" role=""/>
  <member type="way" ref="429899693" role=""/>
  <member type="way" ref="1188006285" role=""/>
  <member type="way" ref="1151987313" role=""/>
  <tag k="name" v="X-CR71-I"/>
  <tag k="route" v="bus"/>
  <tag k="type" v="route"/>
 </relation>
 <relation id="4224333" visible="true" version="194" changeset="179370556" timestamp="2026-03-04T21:50:22Z" user="El Surquillano" uid="21360226">
  <member type="way" ref="279893874" role=""/>
  <member type="way" ref="1148632789" role=""/>
  <member type="way" ref="893575756" role=""/>
  <member type="way" ref="893575760" role=""/>
  <member type="way" ref="1183589857" role=""/>
  <member type="way" ref="1183586156" role=""/>
  <member type="way" ref="1183585079" role=""/>
  <member type="way" ref="1343273255" role=""/>
  <member type="way" ref="279893833" role=""/>
  <member type="way" ref="160443527" role=""/>
  <member type="way" ref="1148270269" role=""/>
  <member type="way" ref="39318068" role=""/>
  <member type="way" ref="1148270268" role=""/>
  <member type="way" ref="279893869" role=""/>
  <member type="way" ref="892537751" role=""/>
  <member type="way" ref="1290849747" role=""/>
  <member type="way" ref="1290849746" role=""/>
  <member type="way" ref="282567281" role=""/>
  <member type="way" ref="621791091" role=""/>
  <member type="way" ref="621791092" role=""/>
  <member type="way" ref="312666776" role=""/>
  <member type="way" ref="1023690563" role=""/>
  <member type="way" ref="1025976736" role=""/>
  <member type="way" ref="1023690562" role=""/>
  <member type="way" ref="1025935723" role=""/>
  <member type="way" ref="439199244" role=""/>
  <member type="way" ref="439093038" role=""/>
  <member type="way" ref="1314282290" role=""/>
  <member type="way" ref="1314282289" role=""/>
  <member type="way" ref="34334593" role=""/>
  <member type="way" ref="1316710157" role=""/>
  <member type="way" ref="437506604" role=""/>
  <member type="way" ref="437506605" role=""/>
  <member type="way" ref="427843093" role=""/>
  <member type="way" ref="437500801" role=""/>
  <member type="way" ref="1423598278" role=""/>
  <member type="way" ref="1423598284" role=""/>
  <member type="way" ref="280228330" role=""/>
  <member type="way" ref="654331312" role=""/>
  <member type="way" ref="439809580" role=""/>
  <member type="way" ref="892789374" role=""/>
  <member type="way" ref="1363489620" role=""/>
  <member type="way" ref="892789373" role=""/>
  <member type="way" ref="1301093801" role=""/>
  <member type="way" ref="279893845" role=""/>
  <member type="way" ref="583792788" role=""/>
  <member type="way" ref="28747031" role=""/>
  <member type="way" ref="279893870" role=""/>
  <member type="way" ref="416297062" role=""/>
  <member type="way" ref="416297061" role=""/>
  <member type="way" ref="392014797" role=""/>
  <member type="way" ref="392014794" role=""/>
  <member type="way" ref="28746956" role=""/>
  <member type="way" ref="24315816" role=""/>
  <member type="way" ref="279893885" role=""/>
  <member type="way" ref="892442182" role=""/>
  <member type="way" ref="320601927" role=""/>
  <member type="way" ref="1301140116" role=""/>
  <member type="way" ref="405572367" role=""/>
  <member type="way" ref="1343543515" role=""/>
  <member type="way" ref="1185672784" role=""/>
  <member type="way" ref="1151987312" role=""/>
  <member type="way" ref="1188006283" role=""/>
  <member type="way" ref="327624907" role=""/>
  <member type="way" ref="892110495" role=""/>
  <member type="way" ref="326296450" role=""/>
  <member type="way" ref="1485523261" role=""/>
  <member type="way" ref="315743452" role=""/>
  <member type="way" ref="24315819" role=""/>
  <member type="way" ref="326296419" role=""/>
  <member type="way" ref="436743321" role=""/>
  <member type="way" ref="892836719" role=""/>
  <member type="way" ref="1189323939" role=""/>
  <member type="way" ref="1321519946" role=""/>
  <member type="way" ref="1152777182" role=""/>
  <member type="way" ref="1305172761" role=""/>
  <member type="way" ref="1305172760" role=""/>
  <member type="way" ref="344256563" role=""/>
  <member type="way" ref="1312216916" role=""/>
  <member type="way" ref="1312216915" role=""/>
  <member type="way" ref="39441965" role=""/>
  <member type="way" ref="437191069" role=""/>
  <member type="way" ref="437191068" role=""/>
  <member type="way" ref="24315832" role=""/>
  <member type="way" ref="1310962221" role=""/>
  <member type="way" ref="344159559" role=""/>
  <member type="way" ref="279893875" role=""/>
  <member type="way" ref="569493965" role=""/>
  <member type="way" ref="314356553" role=""/>
  <member type="way" ref="319655874" role=""/>
  <member type="way" ref="24252817" role=""/>
  <member type="way" ref="330172461" role=""/>
  <member type="way" ref="70134760" role=""/>
  <member type="way" ref="258436954" role=""/>
  <member type="way" ref="279259669" role=""/>
  <member type="way" ref="279259668" role=""/>
  <member type="way" ref="316899509" role=""/>
  <member type="way" ref="314356558" role=""/>
  <member type="way" ref="129822371" role=""/>
  <member type="way" ref="24266786" role=""/>
  <member type="way" ref="892960555" role=""/>
  <member type="way" ref="892960554" role=""/>
  <member type="way" ref="621555853" role=""/>
  <member type="way" ref="1150811342" role=""/>
  <member type="way" ref="284908042" role=""/>
  <member type="way" ref="621552649" role=""/>
  <member type="way" ref="1342057998" role=""/>
  <member type="way" ref="1150804929" role=""/>
  <member type="way" ref="1342058001" role=""/>
  <member type="way" ref="1119404351" role=""/>
  <member type="way" ref="621552641" role=""/>
  <member type="way" ref="1337816495" role=""/>
  <member type="way" ref="1339650991" role=""/>
  <member type="way" ref="621552643" role=""/>
  <member type="way" ref="284908053" role=""/>
  <member type="way" ref="1430394962" role=""/>
  <member type="way" ref="1338097859" role=""/>
  <member type="way" ref="1391879857" role=""/>
  <member type="way" ref="317137456" role=""/>
  <member type="way" ref="1343402196" role=""/>
  <member type="way" ref="1343402195" role=""/>
  <member type="way" ref="279968423" role=""/>
  <member type="way" ref="892976043" role=""/>
  <member type="way" ref="1343402203" role=""/>
  <member type="way" ref="1343402202" role=""/>
  <member type="way" ref="339388905" role=""/>
  <member type="way" ref="1343544514" role=""/>
  <member type="way" ref="892532470" role=""/>
  <member type="way" ref="1343544513" role=""/>
  <member type="way" ref="279876638" role=""/>
  <member type="way" ref="1189325481" role=""/>
  <member type="way" ref="1189325484" role=""/>
  <member type="way" ref="46227653" role=""/>
  <member type="way" ref="496801886" role=""/>
  <member type="way" ref="454600545" role=""/>
  <member type="way" ref="284919928" role=""/>
  <member type="way" ref="621602404" role=""/>
  <member type="way" ref="1343480330" role=""/>
  <member type="way" ref="339372362" role=""/>
  <member type="way" ref="1343480335" role=""/>
  <member type="way" ref="339372366" role=""/>
  <member type="way" ref="1343520819" role=""/>
  <member type="way" ref="279893837" role=""/>
  <member type="way" ref="892910462" role=""/>
  <member type="way" ref="1368199482" role=""/>
  <member type="way" ref="1368199481" role=""/>
  <member type="way" ref="326821213" role=""/>
  <member type="way" ref="284892475" role=""/>
  <member type="way" ref="1183634276" role=""/>
  <member type="way" ref="285017675" role=""/>
  <member type="way" ref="975724475" role=""/>
  <member type="way" ref="962780272" role=""/>
  <member type="way" ref="328772905" role=""/>
  <member type="way" ref="493510587" role=""/>
  <member type="way" ref="493510582" role=""/>
  <member type="way" ref="1230462973" role=""/>
  <member type="way" ref="321074645" role=""/>
  <member type="way" ref="1340425709" role=""/>
  <member type="way" ref="1340425712" role=""/>
  <member type="way" ref="892907072" role=""/>
  <member type="way" ref="892907071" role=""/>
  <member type="way" ref="30102310" role=""/>
  <member type="way" ref="47835015" role=""/>
  <member type="way" ref="1483765725" role=""/>
  <member type="way" ref="1025935730" role=""/>
  <member type="way" ref="342137541" role=""/>
  <member type="way" ref="435866944" role=""/>
  <member type="way" ref="1471598883" role=""/>
  <member type="way" ref="285017674" role=""/>
  <member type="way" ref="1343402201" role=""/>
  <member type="way" ref="760256466" role=""/>
  <member type="way" ref="393077372" role=""/>
  <member type="way" ref="321564318" role=""/>
  <member type="way" ref="1339859967" role=""/>
  <member type="way" ref="784068021" role=""/>
  <member type="way" ref="1339859964" role=""/>
  <member type="way" ref="1336259738" role=""/>
  <member type="way" ref="1339862214" role=""/>
  <member type="way" ref="784068020" role=""/>
  <member type="way" ref="784068024" role=""/>
  <member type="way" ref="1339862213" role=""/>
  <member type="way" ref="1333228160" role=""/>
  <member type="way" ref="784068017" role=""/>
  <member type="way" ref="1333228159" role=""/>
  <member type="way" ref="173525737" role=""/>
  <member type="way" ref="326819127" role=""/>
  <member type="way" ref="1149231638" role=""/>
  <member type="way" ref="326819128" role=""/>
  <member type="way" ref="279843605" role=""/>
  <member type="way" ref="892757177" role=""/>
  <member type="way" ref="1337795483" role=""/>
  <member type="way" ref="378852515" role=""/>
  <member type="way" ref="378852513" role=""/>
  <member type="way" ref="1473587990" role=""/>
  <member type="way" ref="279649428" role=""/>
  <member type="way" ref="1423498445" role=""/>
  <member type="way" ref="613858316" role=""/>
  <member type="way" ref="870857470" role=""/>
  <member type="way" ref="660055406" role=""/>
  <member type="way" ref="323910018" role=""/>
  <member type="way" ref="180523614" role=""/>
  <member type="way" ref="396819793" role=""/>
  <member type="way" ref="396819794" role=""/>
  <member type="way" ref="279970545" role=""/>
  <member type="way" ref="809223214" role=""/>
  <member type="way" ref="327337523" role=""/>
  <member type="way" ref="321054797" role=""/>
  <member type="way" ref="280209098" role=""/>
  <member type="way" ref="279876617" role=""/>
  <member type="way" ref="324539685" role=""/>
  <member type="way" ref="329191668" role=""/>
  <member type="way" ref="1341663033" role=""/>
  <member type="way" ref="1341663036" role=""/>
  <member type="way" ref="279895891" role=""/>
  <member type="way" ref="282328369" role=""/>
  <member type="way" ref="429899694" role=""/>
  <tag k="name" v="X-CR75-I"/>
  <tag k="ref" v="X-CR75-I"/>
  <tag k="route" v="bus"/>
  <tag k="type" v="route"/>
 </relation>
 <relation id="4230229" visible="true" version="201" changeset="182857064" timestamp="2026-05-19T01:25:15Z" user="RahadRiver" uid="23310597">
  <member type="way" ref="314744224" role=""/>
  <member type="way" ref="998196814" role=""/>
  <member type="way" ref="1000083459" role=""/>
  <member type="way" ref="336860037" role=""/>
  <member type="way" ref="319662806" role=""/>
  <member type="way" ref="320474145" role=""/>
  <member type="way" ref="334692198" role=""/>
  <member type="way" ref="320517686" role=""/>
  <member type="way" ref="320517684" role=""/>
  <member type="way" ref="284925929" role=""/>
  <member type="way" ref="344918659" role=""/>
  <member type="way" ref="344918657" role=""/>
  <member type="way" ref="314361439" role=""/>
  <member type="way" ref="317310792" role=""/>
  <member type="way" ref="550165814" role=""/>
  <member type="way" ref="550165813" role=""/>
  <member type="way" ref="549554420" role=""/>
  <member type="way" ref="549554417" role=""/>
  <member type="way" ref="319649659" role=""/>
  <member type="way" ref="549566270" role=""/>
  <member type="way" ref="549566268" role=""/>
  <member type="way" ref="550166691" role=""/>
  <member type="way" ref="550166690" role=""/>
  <member type="way" ref="315236385" role=""/>
  <member type="way" ref="324583992" role=""/>
  <member type="way" ref="549550043" role=""/>
  <member type="way" ref="549550042" role=""/>
  <member type="way" ref="320523914" role=""/>
  <member type="way" ref="284929200" role=""/>
  <member type="way" ref="1308917722" role=""/>
  <member type="way" ref="893186089" role=""/>
  <member type="way" ref="893186088" role=""/>
  <member type="way" ref="316478899" role=""/>
  <member type="way" ref="1016736603" role=""/>
  <member type="way" ref="1016736604" role=""/>
  <member type="way" ref="326826287" role=""/>
  <member type="way" ref="998217839" role=""/>
  <member type="way" ref="437475723" role=""/>
  <member type="way" ref="319512650" role=""/>
  <member type="way" ref="1153633204" role=""/>
  <member type="way" ref="761062855" role=""/>
  <member type="way" ref="439195948" role=""/>
  <member type="way" ref="314759212" role=""/>
  <member type="way" ref="549572056" role=""/>
  <member type="way" ref="334310770" role=""/>
  <member type="way" ref="331007282" role=""/>
  <member type="way" ref="346948824" role=""/>
  <member type="way" ref="1363642878" role=""/>
  <member type="way" ref="1014474908" role=""/>
  <member type="way" ref="1023447484" role=""/>
  <member type="way" ref="279864794" role=""/>
  <member type="way" ref="279864799" role=""/>
  <member type="way" ref="761062854" role=""/>
  <member type="way" ref="1020681225" role=""/>
  <member type="way" ref="314511446" role=""/>
  <member type="way" ref="583765474" role=""/>
  <member type="way" ref="583765483" role=""/>
  <member type="way" ref="1154541739" role=""/>
  <member type="way" ref="320759102" role=""/>
  <member type="way" ref="1312721572" role=""/>
  <member type="way" ref="583765480" role=""/>
  <member type="way" ref="583765479" role=""/>
  <member type="way" ref="75037345" role=""/>
  <member type="way" ref="279864815" role=""/>
  <member type="way" ref="279864805" role=""/>
  <member type="way" ref="1148078312" role=""/>
  <member type="way" ref="338885434" role=""/>
  <member type="way" ref="338885433" role=""/>
  <member type="way" ref="1379022416" role=""/>
  <member type="way" ref="326467026" role=""/>
  <member type="way" ref="4827895" role=""/>
  <member type="way" ref="326227873" role=""/>
  <member type="way" ref="1144931968" role=""/>
  <member type="way" ref="400425684" role=""/>
  <member type="way" ref="173273823" role=""/>
  <member type="way" ref="1159248012" role=""/>
  <member type="way" ref="442786080" role=""/>
  <member type="way" ref="1024289644" role=""/>
  <member type="way" ref="1014474912" role=""/>
  <member type="way" ref="1024287684" role=""/>
  <member type="way" ref="1024287743" role=""/>
  <member type="way" ref="1024287686" role=""/>
  <member type="way" ref="998217846" role=""/>
  <member type="way" ref="1024287740" role=""/>
  <member type="way" ref="1024287741" role=""/>
  <member type="way" ref="1422207427" role=""/>
  <member type="way" ref="1024287692" role=""/>
  <member type="way" ref="1024287693" role=""/>
  <member type="way" ref="1024287736" role=""/>
  <member type="way" ref="435545123" role=""/>
  <member type="way" ref="648697120" role=""/>
  <member type="way" ref="1024287697" role=""/>
  <member type="way" ref="1024287734" role=""/>
  <member type="way" ref="1024287709" role=""/>
  <member type="way" ref="298367716" role=""/>
  <member type="way" ref="40997523" role=""/>
  <member type="way" ref="997214756" role=""/>
  <member type="way" ref="1024287711" role=""/>
  <member type="way" ref="442685936" role=""/>
  <member type="way" ref="1024287714" role=""/>
  <member type="way" ref="1024287732" role=""/>
  <member type="way" ref="1024287719" role=""/>
  <member type="way" ref="1024287730" role=""/>
  <member type="way" ref="893126141" role=""/>
  <member type="way" ref="328602172" role=""/>
  <member type="way" ref="1024287725" role=""/>
  <member type="way" ref="1386655198" role=""/>
  <member type="way" ref="1024287728" role=""/>
  <member type="way" ref="568375229" role=""/>
  <member type="way" ref="1011577700" role=""/>
  <member type="way" ref="1386655201" role=""/>
  <member type="way" ref="568375233" role=""/>
  <member type="way" ref="1495909065" role=""/>
  <member type="way" ref="761576527" role=""/>
  <member type="way" ref="892086701" role=""/>
  <member type="way" ref="761576526" role=""/>
  <member type="way" ref="329328310" role=""/>
  <member type="way" ref="1013800907" role=""/>
  <member type="way" ref="1419729510" role=""/>
  <member type="way" ref="334600046" role=""/>
  <member type="way" ref="409655386" role=""/>
  <member type="way" ref="409655376" role=""/>
  <member type="way" ref="409655395" role=""/>
  <member type="way" ref="1185173775" role=""/>
  <member type="way" ref="1386320292" role=""/>
  <member type="way" ref="1386320291" role=""/>
  <member type="way" ref="391991198" role=""/>
  <member type="way" ref="360771086" role=""/>
  <member type="way" ref="1336633511" role=""/>
  <member type="way" ref="1188792101" role=""/>
  <member type="way" ref="1014180604" role=""/>
  <member type="way" ref="892750747" role=""/>
  <member type="way" ref="1336633513" role=""/>
  <member type="way" ref="435546426" role=""/>
  <member type="way" ref="413978494" role=""/>
  <member type="way" ref="437395772" role=""/>
  <member type="way" ref="437395773" role=""/>
  <member type="way" ref="320759103" role=""/>
  <member type="way" ref="892825912" role=""/>
  <member type="way" ref="892827160" role=""/>
  <member type="way" ref="782827663" role=""/>
  <member type="way" ref="1148673032" role=""/>
  <member type="way" ref="1183838108" role=""/>
  <member type="way" ref="435842132" role=""/>
  <member type="way" ref="1335089369" role=""/>
  <member type="way" ref="1129480984" role=""/>
  <member type="way" ref="1148678981" role=""/>
  <member type="way" ref="1322433119" role=""/>
  <member type="way" ref="344078901" role=""/>
  <member type="way" ref="1148678979" role=""/>
  <member type="way" ref="1148678977" role=""/>
  <member type="way" ref="335749109" role=""/>
  <member type="way" ref="1148678976" role=""/>
  <member type="way" ref="784296857" role=""/>
  <member type="way" ref="784296858" role=""/>
  <member type="way" ref="406043111" role=""/>
  <member type="way" ref="1152311682" role=""/>
  <member type="way" ref="1152311680" role=""/>
  <member type="way" ref="1023395810" role=""/>
  <member type="way" ref="314356553" role=""/>
  <member type="way" ref="11986778" role=""/>
  <member type="way" ref="511802061" role=""/>
  <member type="way" ref="1230462975" role=""/>
  <member type="way" ref="511800020" role=""/>
  <member type="way" ref="11987159" role=""/>
  <member type="way" ref="406007416" role=""/>
  <member type="way" ref="653820833" role=""/>
  <member type="way" ref="406007411" role=""/>
  <member type="way" ref="406007422" role=""/>
  <member type="way" ref="406008845" role=""/>
  <member type="way" ref="1310962224" role=""/>
  <member type="way" ref="670521714" role=""/>
  <member type="way" ref="39441948" role=""/>
  <member type="way" ref="437191067" role=""/>
  <member type="way" ref="437191070" role=""/>
  <member type="way" ref="1312216914" role=""/>
  <member type="way" ref="1312216913" role=""/>
  <member type="way" ref="24315836" role=""/>
  <member type="way" ref="1305172758" role=""/>
  <member type="way" ref="1152777183" role=""/>
  <member type="way" ref="1189323941" role=""/>
  <member type="way" ref="1321519945" role=""/>
  <member type="way" ref="285061727" role=""/>
  <member type="way" ref="893031440" role=""/>
  <member type="way" ref="893031439" role=""/>
  <member type="way" ref="326312165" role=""/>
  <member type="way" ref="315743452" role=""/>
  <member type="way" ref="33818372" role=""/>
  <member type="way" ref="279893868" role=""/>
  <member type="way" ref="1185672786" role=""/>
  <member type="way" ref="1343543514" role=""/>
  <member type="way" ref="326165110" role=""/>
  <member type="way" ref="1301140119" role=""/>
  <member type="way" ref="437346933" role=""/>
  <member type="way" ref="1151017528" role=""/>
  <member type="way" ref="1151017529" role=""/>
  <member type="way" ref="892442184" role=""/>
  <member type="way" ref="315557555" role=""/>
  <member type="way" ref="1516697392" role=""/>
  <member type="way" ref="1516697391" role=""/>
  <member type="way" ref="479364429" role=""/>
  <member type="way" ref="404262414" role=""/>
  <member type="way" ref="38946018" role=""/>
  <member type="way" ref="479359774" role=""/>
  <member type="way" ref="479366257" role=""/>
  <member type="way" ref="452934592" role=""/>
  <member type="way" ref="479366260" role=""/>
  <member type="way" ref="512633611" role=""/>
  <member type="way" ref="315557535" role=""/>
  <member type="way" ref="828320818" role=""/>
  <member type="way" ref="494221380" role=""/>
  <member type="way" ref="761070558" role=""/>
  <member type="way" ref="447232281" role=""/>
  <member type="way" ref="314744219" role=""/>
  <member type="way" ref="1096332281" role=""/>
  <member type="way" ref="166531007" role=""/>
  <member type="way" ref="314744215" role=""/>
  <member type="way" ref="892110496" role=""/>
  <member type="way" ref="429899693" role=""/>
  <member type="way" ref="1188006285" role=""/>
  <member type="way" ref="1151987313" role=""/>
  <tag k="name" v="X-EM02-I"/>
  <tag k="ref" v="X-EM02-I"/>
  <tag k="route" v="bus"/>
  <tag k="type" v="route"/>
 </relation>
 <relation id="4239855" visible="true" version="196" changeset="182857064" timestamp="2026-05-19T01:25:15Z" user="RahadRiver" uid="23310597">
  <member type="way" ref="320604746" role=""/>
  <member type="way" ref="1148877866" role=""/>
  <member type="way" ref="1341682967" role=""/>
  <member type="way" ref="1148877867" role=""/>
  <member type="way" ref="1341682971" role=""/>
  <member type="way" ref="36980540" role=""/>
  <member type="way" ref="35090743" role=""/>
  <member type="way" ref="1360969691" role=""/>
  <member type="way" ref="1025910979" role=""/>
  <member type="way" ref="1096133918" role=""/>
  <member type="way" ref="1360969690" role=""/>
  <member type="way" ref="314363401" role=""/>
  <member type="way" ref="1025921601" role=""/>
  <member type="way" ref="1025910980" role=""/>
  <member type="way" ref="893163004" role=""/>
  <member type="way" ref="893163003" role=""/>
  <member type="way" ref="338385068" role=""/>
  <member type="way" ref="1023690563" role=""/>
  <member type="way" ref="1025976736" role=""/>
  <member type="way" ref="1023690562" role=""/>
  <member type="way" ref="1025935723" role=""/>
  <member type="way" ref="312666776" role=""/>
  <member type="way" ref="28707150" role=""/>
  <member type="way" ref="1148264335" role=""/>
  <member type="way" ref="621791089" role=""/>
  <member type="way" ref="621791093" role=""/>
  <member type="way" ref="1290849748" role=""/>
  <member type="way" ref="1183810724" role=""/>
  <member type="way" ref="282567279" role=""/>
  <member type="way" ref="334367792" role=""/>
  <member type="way" ref="321738261" role=""/>
  <member type="way" ref="151307867" role=""/>
  <member type="way" ref="465977763" role=""/>
  <member type="way" ref="1363489634" role=""/>
  <member type="way" ref="1363489633" role=""/>
  <member type="way" ref="281962927" role=""/>
  <member type="way" ref="280228317" role=""/>
  <member type="way" ref="1343552992" role=""/>
  <member type="way" ref="1183566214" role=""/>
  <member type="way" ref="1363489630" role=""/>
  <member type="way" ref="1363489631" role=""/>
  <member type="way" ref="439190607" role=""/>
  <member type="way" ref="1343552990" role=""/>
  <member type="way" ref="439073388" role=""/>
  <member type="way" ref="439073384" role=""/>
  <member type="way" ref="439073386" role=""/>
  <member type="way" ref="280228322" role=""/>
  <member type="way" ref="1309070372" role=""/>
  <member type="way" ref="439813451" role=""/>
  <member type="way" ref="439037971" role=""/>
  <member type="way" ref="1423598277" role=""/>
  <member type="way" ref="279893847" role=""/>
  <member type="way" ref="892789370" role=""/>
  <member type="way" ref="892789369" role=""/>
  <member type="way" ref="1363489619" role=""/>
  <member type="way" ref="654331316" role=""/>
  <member type="way" ref="1423598285" role=""/>
  <member type="way" ref="654331320" role=""/>
  <member type="way" ref="892788961" role=""/>
  <member type="way" ref="439053507" role=""/>
  <member type="way" ref="279893876" role=""/>
  <member type="way" ref="409854618" role=""/>
  <member type="way" ref="583806623" role=""/>
  <member type="way" ref="392015774" role=""/>
  <member type="way" ref="315218161" role=""/>
  <member type="way" ref="392014795" role=""/>
  <member type="way" ref="392014796" role=""/>
  <member type="way" ref="315218162" role=""/>
  <member type="way" ref="1150257609" role=""/>
  <member type="way" ref="1150257608" role=""/>
  <member type="way" ref="326297617" role=""/>
  <member type="way" ref="494221381" role=""/>
  <member type="way" ref="828320817" role=""/>
  <member type="way" ref="643463355" role=""/>
  <member type="way" ref="38946018" role=""/>
  <member type="way" ref="479359774" role=""/>
  <member type="way" ref="479366257" role=""/>
  <member type="way" ref="404262414" role=""/>
  <member type="way" ref="479364429" role=""/>
  <member type="way" ref="1516697391" role=""/>
  <member type="way" ref="1516697392" role=""/>
  <member type="way" ref="315557555" role=""/>
  <member type="way" ref="892442184" role=""/>
  <member type="way" ref="1151017529" role=""/>
  <member type="way" ref="1151017528" role=""/>
  <member type="way" ref="437346933" role=""/>
  <member type="way" ref="1301140119" role=""/>
  <member type="way" ref="279893868" role=""/>
  <member type="way" ref="1185672786" role=""/>
  <member type="way" ref="1343543514" role=""/>
  <member type="way" ref="326165110" role=""/>
  <member type="way" ref="33818372" role=""/>
  <member type="way" ref="315743452" role=""/>
  <member type="way" ref="1305172758" role=""/>
  <member type="way" ref="1152777183" role=""/>
  <member type="way" ref="1189323941" role=""/>
  <member type="way" ref="1321519945" role=""/>
  <member type="way" ref="285061727" role=""/>
  <member type="way" ref="893031440" role=""/>
  <member type="way" ref="893031439" role=""/>
  <member type="way" ref="24315836" role=""/>
  <member type="way" ref="1312216913" role=""/>
  <member type="way" ref="1312216914" role=""/>
  <member type="way" ref="437191070" role=""/>
  <member type="way" ref="437191067" role=""/>
  <member type="way" ref="39441948" role=""/>
  <member type="way" ref="1310962224" role=""/>
  <member type="way" ref="670521714" role=""/>
  <member type="way" ref="406008845" role=""/>
  <member type="way" ref="406007422" role=""/>
  <member type="way" ref="406007411" role=""/>
  <member type="way" ref="653820833" role=""/>
  <member type="way" ref="406007416" role=""/>
  <member type="way" ref="11987159" role=""/>
  <member type="way" ref="511800020" role=""/>
  <member type="way" ref="1230462975" role=""/>
  <member type="way" ref="511802061" role=""/>
  <member type="way" ref="11986778" role=""/>
  <member type="way" ref="314356553" role=""/>
  <member type="way" ref="326312165" role=""/>
  <member type="way" ref="1230462979" role=""/>
  <member type="way" ref="1230462978" role=""/>
  <member type="way" ref="315218164" role=""/>
  <member type="way" ref="654086787" role=""/>
  <member type="way" ref="1365860787" role=""/>
  <member type="way" ref="1365860788" role=""/>
  <member type="way" ref="330154010" role=""/>
  <member type="way" ref="337605613" role=""/>
  <member type="way" ref="337605612" role=""/>
  <member type="way" ref="1380185338" role=""/>
  <member type="way" ref="315557586" role=""/>
  <member type="way" ref="1442549210" role=""/>
  <member type="way" ref="1455273170" role=""/>
  <member type="way" ref="1365860785" role=""/>
  <member type="way" ref="1444100758" role=""/>
  <member type="way" ref="1444100759" role=""/>
  <member type="way" ref="14342452" role=""/>
  <member type="way" ref="315218165" role=""/>
  <member type="way" ref="47028454" role=""/>
  <member type="way" ref="636417835" role=""/>
  <member type="way" ref="436433428" role=""/>
  <member type="way" ref="1365860782" role=""/>
  <member type="way" ref="1365860781" role=""/>
  <member type="way" ref="435703295" role=""/>
  <member type="way" ref="436599644" role=""/>
  <member type="way" ref="430221379" role=""/>
  <member type="way" ref="1365587155" role=""/>
  <member type="way" ref="118976212" role=""/>
  <member type="way" ref="315218166" role=""/>
  <member type="way" ref="315240514" role=""/>
  <member type="way" ref="636417832" role=""/>
  <member type="way" ref="154081152" role=""/>
  <member type="way" ref="154081153" role=""/>
  <member type="way" ref="329506210" role=""/>
  <member type="way" ref="301585356" role=""/>
  <member type="way" ref="1343508074" role=""/>
  <member type="way" ref="892616668" role=""/>
  <member type="way" ref="892616669" role=""/>
  <member type="way" ref="1343508077" role=""/>
  <member type="way" ref="892619345" role=""/>
  <member type="way" ref="1455376088" role=""/>
  <member type="way" ref="171581229" role=""/>
  <member type="way" ref="171581207" role=""/>
  <member type="way" ref="171581209" role=""/>
  <member type="way" ref="314735744" role=""/>
  <member type="way" ref="617276682" role=""/>
  <member type="way" ref="261105734" role=""/>
  <member type="way" ref="461615101" role=""/>
  <member type="way" ref="314735740" role=""/>
  <member type="way" ref="320597248" role=""/>
  <member type="way" ref="1008734403" role=""/>
  <member type="way" ref="1008734401" role=""/>
  <member type="way" ref="260864593" role=""/>
  <member type="way" ref="1227024478" role=""/>
  <member type="way" ref="328663721" role=""/>
  <member type="way" ref="892502822" role=""/>
  <member type="way" ref="1291645725" role=""/>
  <member type="way" ref="892502823" role=""/>
  <member type="way" ref="279914539" role=""/>
  <member type="way" ref="1146755652" role=""/>
  <member type="way" ref="454121484" role=""/>
  <member type="way" ref="454121483" role=""/>
  <member type="way" ref="330969047" role=""/>
  <member type="way" ref="35069059" role=""/>
  <member type="way" ref="600897344" role=""/>
  <member type="way" ref="1367095064" role=""/>
  <member type="way" ref="1367095065" role=""/>
  <member type="way" ref="1367095066" role=""/>
  <member type="way" ref="279914546" role=""/>
  <member type="way" ref="151303462" role=""/>
  <member type="way" ref="151304565" role=""/>
  <member type="way" ref="438660963" role=""/>
  <member type="way" ref="279876631" role=""/>
  <member type="way" ref="439927974" role=""/>
  <member type="way" ref="151307874" role=""/>
  <member type="way" ref="1025935725" role=""/>
  <member type="way" ref="1025935724" role=""/>
  <member type="way" ref="438660962" role=""/>
  <member type="way" ref="1363489616" role=""/>
  <member type="way" ref="151307868" role=""/>
  <member type="way" ref="24294991" role=""/>
  <member type="way" ref="282567283" role=""/>
  <member type="way" ref="1290849747" role=""/>
  <member type="way" ref="1290849746" role=""/>
  <member type="way" ref="282567281" role=""/>
  <member type="way" ref="621791091" role=""/>
  <member type="way" ref="621791092" role=""/>
  <member type="way" ref="284925143" role=""/>
  <member type="way" ref="437883788" role=""/>
  <member type="way" ref="323241352" role=""/>
  <member type="way" ref="402710913" role=""/>
  <member type="way" ref="439209882" role=""/>
  <member type="way" ref="317309880" role=""/>
  <member type="way" ref="280881720" role=""/>
  <member type="way" ref="1408916154" role=""/>
  <member type="way" ref="334374916" role=""/>
  <member type="way" ref="1159443375" role=""/>
  <member type="way" ref="1159446973" role=""/>
  <member type="way" ref="637266398" role=""/>
  <member type="way" ref="637266397" role=""/>
  <member type="way" ref="1159444418" role=""/>
  <member type="way" ref="280881725" role=""/>
  <member type="way" ref="280881722" role=""/>
  <member type="way" ref="313722813" role=""/>
  <member type="way" ref="330146444" role=""/>
  <member type="way" ref="428263975" role=""/>
  <member type="way" ref="207468684" role=""/>
  <member type="way" ref="428247176" role=""/>
  <member type="way" ref="892110496" role=""/>
  <member type="way" ref="429899693" role=""/>
  <member type="way" ref="1188006285" role=""/>
  <tag k="name" v="X-EM17-(4404)"/>
  <tag k="ref" v="X-EM17-(4404)"/>
  <tag k="route" v="bus"/>
  <tag k="type" v="route"/>
 </relation>
 <relation id="4464913" visible="true" version="194" changeset="182857064" timestamp="2026-05-19T01:25:15Z" user="RahadRiver" uid="23310597">
  <member type="way" ref="314744224" role=""/>
  <member type="way" ref="998196814" role=""/>
  <member type="way" ref="1000083459" role=""/>
  <member type="way" ref="336860037" role=""/>
  <member type="way" ref="319662806" role=""/>
  <member type="way" ref="320474145" role=""/>
  <member type="way" ref="334692198" role=""/>
  <member type="way" ref="320517686" role=""/>
  <member type="way" ref="320517684" role=""/>
  <member type="way" ref="284925929" role=""/>
  <member type="way" ref="344918659" role=""/>
  <member type="way" ref="344918657" role=""/>
  <member type="way" ref="314361439" role=""/>
  <member type="way" ref="317310792" role=""/>
  <member type="way" ref="550165814" role=""/>
  <member type="way" ref="550165813" role=""/>
  <member type="way" ref="549554420" role=""/>
  <member type="way" ref="549554417" role=""/>
  <member type="way" ref="319649659" role=""/>
  <member type="way" ref="549566270" role=""/>
  <member type="way" ref="549566268" role=""/>
  <member type="way" ref="550166691" role=""/>
  <member type="way" ref="550166690" role=""/>
  <member type="way" ref="315236385" role=""/>
  <member type="way" ref="324583992" role=""/>
  <member type="way" ref="549550043" role=""/>
  <member type="way" ref="549550042" role=""/>
  <member type="way" ref="320523914" role=""/>
  <member type="way" ref="284929200" role=""/>
  <member type="way" ref="1308917722" role=""/>
  <member type="way" ref="893186089" role=""/>
  <member type="way" ref="893186088" role=""/>
  <member type="way" ref="316478899" role=""/>
  <member type="way" ref="1016736603" role=""/>
  <member type="way" ref="1016736604" role=""/>
  <member type="way" ref="326826287" role=""/>
  <member type="way" ref="998217839" role=""/>
  <member type="way" ref="437475723" role=""/>
  <member type="way" ref="319512650" role=""/>
  <member type="way" ref="1153633204" role=""/>
  <member type="way" ref="761062855" role=""/>
  <member type="way" ref="439195948" role=""/>
  <member type="way" ref="314759212" role=""/>
  <member type="way" ref="549572056" role=""/>
  <member type="way" ref="326467026" role=""/>
  <member type="way" ref="1379022416" role=""/>
  <member type="way" ref="338885433" role=""/>
  <member type="way" ref="338885434" role=""/>
  <member type="way" ref="1148078312" role=""/>
  <member type="way" ref="279864805" role=""/>
  <member type="way" ref="619013270" role=""/>
  <member type="way" ref="619013271" role=""/>
  <member type="way" ref="1433881624" role=""/>
  <member type="way" ref="75037361" role=""/>
  <member type="way" ref="583755961" role=""/>
  <member type="way" ref="583765474" role=""/>
  <member type="way" ref="583765483" role=""/>
  <member type="way" ref="1154541739" role=""/>
  <member type="way" ref="320759102" role=""/>
  <member type="way" ref="1312721572" role=""/>
  <member type="way" ref="583765480" role=""/>
  <member type="way" ref="583765479" role=""/>
  <member type="way" ref="326227873" role=""/>
  <member type="way" ref="1144931968" role=""/>
  <member type="way" ref="400425684" role=""/>
  <member type="way" ref="173273823" role=""/>
  <member type="way" ref="1159248012" role=""/>
  <member type="way" ref="442786080" role=""/>
  <member type="way" ref="1024289644" role=""/>
  <member type="way" ref="1014474912" role=""/>
  <member type="way" ref="1024287684" role=""/>
  <member type="way" ref="1024287743" role=""/>
  <member type="way" ref="1024287686" role=""/>
  <member type="way" ref="998217846" role=""/>
  <member type="way" ref="1024287740" role=""/>
  <member type="way" ref="1024287741" role=""/>
  <member type="way" ref="1422207427" role=""/>
  <member type="way" ref="1024287692" role=""/>
  <member type="way" ref="1024287693" role=""/>
  <member type="way" ref="1024287736" role=""/>
  <member type="way" ref="435545123" role=""/>
  <member type="way" ref="648697120" role=""/>
  <member type="way" ref="1024287697" role=""/>
  <member type="way" ref="1024287734" role=""/>
  <member type="way" ref="1024287709" role=""/>
  <member type="way" ref="298367716" role=""/>
  <member type="way" ref="40997523" role=""/>
  <member type="way" ref="997214756" role=""/>
  <member type="way" ref="1024287711" role=""/>
  <member type="way" ref="442685936" role=""/>
  <member type="way" ref="1024287714" role=""/>
  <member type="way" ref="1024287732" role=""/>
  <member type="way" ref="1024287719" role=""/>
  <member type="way" ref="1024287730" role=""/>
  <member type="way" ref="893126141" role=""/>
  <member type="way" ref="328602172" role=""/>
  <member type="way" ref="1024287725" role=""/>
  <member type="way" ref="1386655198" role=""/>
  <member type="way" ref="1024287728" role=""/>
  <member type="way" ref="568375229" role=""/>
  <member type="way" ref="1011577700" role=""/>
  <member type="way" ref="1386655201" role=""/>
  <member type="way" ref="568375233" role=""/>
  <member type="way" ref="1495909065" role=""/>
  <member type="way" ref="761576527" role=""/>
  <member type="way" ref="892086701" role=""/>
  <member type="way" ref="761576526" role=""/>
  <member type="way" ref="329328310" role=""/>
  <member type="way" ref="1013800907" role=""/>
  <member type="way" ref="1419729510" role=""/>
  <member type="way" ref="334600046" role=""/>
  <member type="way" ref="409655386" role=""/>
  <member type="way" ref="409655376" role=""/>
  <member type="way" ref="409655395" role=""/>
  <member type="way" ref="1185173775" role=""/>
  <member type="way" ref="1386320292" role=""/>
  <member type="way" ref="1386320291" role=""/>
  <member type="way" ref="391991198" role=""/>
  <member type="way" ref="360771086" role=""/>
  <member type="way" ref="1336633511" role=""/>
  <member type="way" ref="1188792101" role=""/>
  <member type="way" ref="1014180604" role=""/>
  <member type="way" ref="892750747" role=""/>
  <member type="way" ref="1336633513" role=""/>
  <member type="way" ref="435546426" role=""/>
  <member type="way" ref="639815395" role=""/>
  <member type="way" ref="335063076" role=""/>
  <member type="way" ref="111915221" role=""/>
  <member type="way" ref="320759103" role=""/>
  <member type="way" ref="892825912" role=""/>
  <member type="way" ref="892827160" role=""/>
  <member type="way" ref="782827663" role=""/>
  <member type="way" ref="1148673032" role=""/>
  <member type="way" ref="1183838108" role=""/>
  <member type="way" ref="435842132" role=""/>
  <member type="way" ref="1335089369" role=""/>
  <member type="way" ref="1129480984" role=""/>
  <member type="way" ref="1148678981" role=""/>
  <member type="way" ref="1322433119" role=""/>
  <member type="way" ref="344078901" role=""/>
  <member type="way" ref="1148678979" role=""/>
  <member type="way" ref="1148678977" role=""/>
  <member type="way" ref="335749109" role=""/>
  <member type="way" ref="1148678976" role=""/>
  <member type="way" ref="784296857" role=""/>
  <member type="way" ref="784296858" role=""/>
  <member type="way" ref="406043111" role=""/>
  <member type="way" ref="1152311682" role=""/>
  <member type="way" ref="1152311680" role=""/>
  <member type="way" ref="1023395810" role=""/>
  <member type="way" ref="314356553" role=""/>
  <member type="way" ref="11986778" role=""/>
  <member type="way" ref="511802061" role=""/>
  <member type="way" ref="1230462975" role=""/>
  <member type="way" ref="511800020" role=""/>
  <member type="way" ref="11987159" role=""/>
  <member type="way" ref="406007416" role=""/>
  <member type="way" ref="653820833" role=""/>
  <member type="way" ref="406007411" role=""/>
  <member type="way" ref="406007422" role=""/>
  <member type="way" ref="406008845" role=""/>
  <member type="way" ref="1310962224" role=""/>
  <member type="way" ref="670521714" role=""/>
  <member type="way" ref="39441948" role=""/>
  <member type="way" ref="437191067" role=""/>
  <member type="way" ref="437191070" role=""/>
  <member type="way" ref="1312216914" role=""/>
  <member type="way" ref="1312216913" role=""/>
  <member type="way" ref="24315836" role=""/>
  <member type="way" ref="1305172758" role=""/>
  <member type="way" ref="1152777183" role=""/>
  <member type="way" ref="1189323941" role=""/>
  <member type="way" ref="1321519945" role=""/>
  <member type="way" ref="285061727" role=""/>
  <member type="way" ref="893031440" role=""/>
  <member type="way" ref="893031439" role=""/>
  <member type="way" ref="326312165" role=""/>
  <member type="way" ref="315743452" role=""/>
  <member type="way" ref="33818372" role=""/>
  <member type="way" ref="279893868" role=""/>
  <member type="way" ref="1185672786" role=""/>
  <member type="way" ref="1343543514" role=""/>
  <member type="way" ref="326165110" role=""/>
  <member type="way" ref="1301140119" role=""/>
  <member type="way" ref="437346933" role=""/>
  <member type="way" ref="1151017528" role=""/>
  <member type="way" ref="1151017529" role=""/>
  <member type="way" ref="892442184" role=""/>
  <member type="way" ref="315557555" role=""/>
  <member type="way" ref="1516697392" role=""/>
  <member type="way" ref="1516697391" role=""/>
  <member type="way" ref="479364429" role=""/>
  <member type="way" ref="404262414" role=""/>
  <member type="way" ref="38946018" role=""/>
  <member type="way" ref="479359774" role=""/>
  <member type="way" ref="479366257" role=""/>
  <member type="way" ref="329983009" role=""/>
  <member type="way" ref="279893840" role=""/>
  <member type="way" ref="315218161" role=""/>
  <member type="way" ref="392014795" role=""/>
  <member type="way" ref="392014796" role=""/>
  <member type="way" ref="392015774" role=""/>
  <member type="way" ref="583806623" role=""/>
  <member type="way" ref="409854618" role=""/>
  <member type="way" ref="279893876" role=""/>
  <member type="way" ref="439053507" role=""/>
  <member type="way" ref="892788961" role=""/>
  <member type="way" ref="279893847" role=""/>
  <member type="way" ref="892789370" role=""/>
  <member type="way" ref="892789369" role=""/>
  <member type="way" ref="1363489619" role=""/>
  <member type="way" ref="654331316" role=""/>
  <member type="way" ref="654331320" role=""/>
  <member type="way" ref="1423598285" role=""/>
  <member type="way" ref="439813451" role=""/>
  <member type="way" ref="1309070372" role=""/>
  <member type="way" ref="280228322" role=""/>
  <member type="way" ref="1423598277" role=""/>
  <member type="way" ref="439037971" role=""/>
  <member type="way" ref="439073386" role=""/>
  <member type="way" ref="439073384" role=""/>
  <member type="way" ref="439073388" role=""/>
  <member type="way" ref="1343552990" role=""/>
  <member type="way" ref="1343552992" role=""/>
  <member type="way" ref="280228317" role=""/>
  <member type="way" ref="1183566214" role=""/>
  <member type="way" ref="1363489630" role=""/>
  <member type="way" ref="1363489631" role=""/>
  <member type="way" ref="439190607" role=""/>
  <member type="way" ref="281962927" role=""/>
  <member type="way" ref="1363489633" role=""/>
  <member type="way" ref="1363489634" role=""/>
  <member type="way" ref="465977763" role=""/>
  <member type="way" ref="151307867" role=""/>
  <member type="way" ref="312666776" role=""/>
  <member type="way" ref="1023690563" role=""/>
  <member type="way" ref="1025976736" role=""/>
  <member type="way" ref="1023690562" role=""/>
  <member type="way" ref="1025935723" role=""/>
  <member type="way" ref="28707150" role=""/>
  <member type="way" ref="1148264335" role=""/>
  <member type="way" ref="621791089" role=""/>
  <member type="way" ref="621791093" role=""/>
  <member type="way" ref="1290849748" role=""/>
  <member type="way" ref="1183810724" role=""/>
  <member type="way" ref="282567279" role=""/>
  <member type="way" ref="334367792" role=""/>
  <member type="way" ref="279900358" role=""/>
  <member type="way" ref="279893880" role=""/>
  <member type="way" ref="437648817" role=""/>
  <member type="way" ref="1343339918" role=""/>
  <member type="way" ref="327850717" role=""/>
  <member type="way" ref="1343410104" role=""/>
  <member type="way" ref="1343410103" role=""/>
  <member type="way" ref="327850911" role=""/>
  <member type="way" ref="327280680" role=""/>
  <member type="way" ref="1031881784" role=""/>
  <member type="way" ref="314735736" role=""/>
  <member type="way" ref="1023690565" role=""/>
  <member type="way" ref="1148339898" role=""/>
  <member type="way" ref="1023690564" role=""/>
  <member type="way" ref="892110496" role=""/>
  <member type="way" ref="429899693" role=""/>
  <member type="way" ref="1188006285" role=""/>
  <member type="way" ref="1151987313" role=""/>
  <tag k="name" v="X-EO126-I"/>
  <tag k="ref" v="X-EO126-I"/>
  <tag k="route" v="bus"/>
  <tag k="type" v="route"/>
 </relation>
 <relation id="4471082" visible="true" version="164" changeset="182857064" timestamp="2026-05-19T01:25:15Z" user="RahadRiver" uid="23310597">
  <member type="way" ref="321074885" role=""/>
  <member type="way" ref="279857248" role=""/>
  <member type="way" ref="321044752" role=""/>
  <member type="way" ref="326633324" role=""/>
  <member type="way" ref="324539686" role=""/>
  <member type="way" ref="279893861" role=""/>
  <member type="way" ref="321853550" role=""/>
  <member type="way" ref="314142887" role=""/>
  <member type="way" ref="324822371" role=""/>
  <member type="way" ref="1230462992" role=""/>
  <member type="way" ref="1230462972" role=""/>
  <member type="way" ref="870878170" role=""/>
  <member type="way" ref="4831348" role=""/>
  <member type="way" ref="438017591" role=""/>
  <member type="way" ref="180525808" role=""/>
  <member type="way" ref="660055399" role=""/>
  <member type="way" ref="396819796" role=""/>
  <member type="way" ref="396820846" role=""/>
  <member type="way" ref="44111658" role=""/>
  <member type="way" ref="312333400" role=""/>
  <member type="way" ref="396819255" role=""/>
  <member type="way" ref="1419044644" role=""/>
  <member type="way" ref="1316729217" role=""/>
  <member type="way" ref="1463494449" role=""/>
  <member type="way" ref="613858315" role=""/>
  <member type="way" ref="1423498448" role=""/>
  <member type="way" ref="613858318" role=""/>
  <member type="way" ref="396817815" role=""/>
  <member type="way" ref="436576224" role=""/>
  <member type="way" ref="1339870548" role=""/>
  <member type="way" ref="378848987" role=""/>
  <member type="way" ref="990164115" role=""/>
  <member type="way" ref="378848989" role=""/>
  <member type="way" ref="493472235" role=""/>
  <member type="way" ref="1339859966" role=""/>
  <member type="way" ref="1340621335" role=""/>
  <member type="way" ref="1340621332" role=""/>
  <member type="way" ref="173525730" role=""/>
  <member type="way" ref="784068025" role=""/>
  <member type="way" ref="1339859965" role=""/>
  <member type="way" ref="435195516" role=""/>
  <member type="way" ref="893020425" role=""/>
  <member type="way" ref="335945408" role=""/>
  <member type="way" ref="1365592022" role=""/>
  <member type="way" ref="1365592021" role=""/>
  <member type="way" ref="436251100" role=""/>
  <member type="way" ref="1365592023" role=""/>
  <member type="way" ref="1365592024" role=""/>
  <member type="way" ref="1365592025" role=""/>
  <member type="way" ref="1365592026" role=""/>
  <member type="way" ref="1365592027" role=""/>
  <member type="way" ref="1365592028" role=""/>
  <member type="way" ref="1483765724" role=""/>
  <member type="way" ref="436259992" role=""/>
  <member type="way" ref="47835017" role=""/>
  <member type="way" ref="279857266" role=""/>
  <member type="way" ref="1023690557" role=""/>
  <member type="way" ref="757067078" role=""/>
  <member type="way" ref="1363366410" role=""/>
  <member type="way" ref="279876639" role=""/>
  <member type="way" ref="282552665" role=""/>
  <member type="way" ref="493510599" role=""/>
  <member type="way" ref="1340425713" role=""/>
  <member type="way" ref="1148052917" role=""/>
  <member type="way" ref="1340425708" role=""/>
  <member type="way" ref="338241852" role=""/>
  <member type="way" ref="493510593" role=""/>
  <member type="way" ref="1364656386" role=""/>
  <member type="way" ref="493510595" role=""/>
  <member type="way" ref="493510591" role=""/>
  <member type="way" ref="1343472940" role=""/>
  <member type="way" ref="401780811" role=""/>
  <member type="way" ref="1343472939" role=""/>
  <member type="way" ref="401780810" role=""/>
  <member type="way" ref="493510581" role=""/>
  <member type="way" ref="323136850" role=""/>
  <member type="way" ref="1343485283" role=""/>
  <member type="way" ref="285017679" role=""/>
  <member type="way" ref="325446447" role=""/>
  <member type="way" ref="1343485281" role=""/>
  <member type="way" ref="327261898" role=""/>
  <member type="way" ref="892431510" role=""/>
  <member type="way" ref="892431508" role=""/>
  <member type="way" ref="327261960" role=""/>
  <member type="way" ref="1343520818" role=""/>
  <member type="way" ref="891957175" role=""/>
  <member type="way" ref="892910464" role=""/>
  <member type="way" ref="279893884" role=""/>
  <member type="way" ref="1368198540" role=""/>
  <member type="way" ref="1343480334" role=""/>
  <member type="way" ref="339372364" role=""/>
  <member type="way" ref="1343480331" role=""/>
  <member type="way" ref="284901703" role=""/>
  <member type="way" ref="621602406" role=""/>
  <member type="way" ref="328815822" role=""/>
  <member type="way" ref="454600546" role=""/>
  <member type="way" ref="496801885" role=""/>
  <member type="way" ref="1189325483" role=""/>
  <member type="way" ref="1189325482" role=""/>
  <member type="way" ref="46227650" role=""/>
  <member type="way" ref="1343544512" role=""/>
  <member type="way" ref="1150010102" role=""/>
  <member type="way" ref="1343544511" role=""/>
  <member type="way" ref="324365881" role=""/>
  <member type="way" ref="1150783764" role=""/>
  <member type="way" ref="1343402198" role=""/>
  <member type="way" ref="1343402197" role=""/>
  <member type="way" ref="892976044" role=""/>
  <member type="way" ref="1343402205" role=""/>
  <member type="way" ref="284905870" role=""/>
  <member type="way" ref="1391879858" role=""/>
  <member type="way" ref="331430035" role=""/>
  <member type="way" ref="1469334603" role=""/>
  <member type="way" ref="1150534534" role=""/>
  <member type="way" ref="338024836" role=""/>
  <member type="way" ref="1130700202" role=""/>
  <member type="way" ref="284908041" role=""/>
  <member type="way" ref="279895896" role=""/>
  <member type="way" ref="1315441498" role=""/>
  <member type="way" ref="1339650992" role=""/>
  <member type="way" ref="1315441502" role=""/>
  <member type="way" ref="892996334" role=""/>
  <member type="way" ref="317137452" role=""/>
  <member type="way" ref="1469334604" role=""/>
  <member type="way" ref="1321775932" role=""/>
  <member type="way" ref="1321775931" role=""/>
  <member type="way" ref="432963078" role=""/>
  <member type="way" ref="435198091" role=""/>
  <member type="way" ref="870885654" role=""/>
  <member type="way" ref="809855298" role=""/>
  <member type="way" ref="1333044333" role=""/>
  <member type="way" ref="315095696" role=""/>
  <member type="way" ref="279253640" role=""/>
  <member type="way" ref="1335999607" role=""/>
  <member type="way" ref="1336612995" role=""/>
  <member type="way" ref="1336263337" role=""/>
  <member type="way" ref="1335999611" role=""/>
  <member type="way" ref="1336296915" role=""/>
  <member type="way" ref="1184602766" role=""/>
  <member type="way" ref="11989455" role=""/>
  <member type="way" ref="19071516" role=""/>
  <member type="way" ref="330172461" role=""/>
  <member type="way" ref="14342450" role=""/>
  <member type="way" ref="1230462979" role=""/>
  <member type="way" ref="1230462978" role=""/>
  <member type="way" ref="315218164" role=""/>
  <member type="way" ref="654086787" role=""/>
  <member type="way" ref="314356553" role=""/>
  <member type="way" ref="11986778" role=""/>
  <member type="way" ref="511802061" role=""/>
  <member type="way" ref="1230462975" role=""/>
  <member type="way" ref="511800020" role=""/>
  <member type="way" ref="11987159" role=""/>
  <member type="way" ref="406007416" role=""/>
  <member type="way" ref="653820833" role=""/>
  <member type="way" ref="406007411" role=""/>
  <member type="way" ref="406007422" role=""/>
  <member type="way" ref="406008845" role=""/>
  <member type="way" ref="1310962224" role=""/>
  <member type="way" ref="670521714" role=""/>
  <member type="way" ref="39441948" role=""/>
  <member type="way" ref="437191067" role=""/>
  <member type="way" ref="437191070" role=""/>
  <member type="way" ref="1312216914" role=""/>
  <member type="way" ref="1312216913" role=""/>
  <member type="way" ref="24315836" role=""/>
  <member type="way" ref="1305172758" role=""/>
  <member type="way" ref="1152777183" role=""/>
  <member type="way" ref="1189323941" role=""/>
  <member type="way" ref="1321519945" role=""/>
  <member type="way" ref="285061727" role=""/>
  <member type="way" ref="893031440" role=""/>
  <member type="way" ref="893031439" role=""/>
  <member type="way" ref="326312165" role=""/>
  <member type="way" ref="315743452" role=""/>
  <member type="way" ref="33818372" role=""/>
  <member type="way" ref="279893868" role=""/>
  <member type="way" ref="1185672786" role=""/>
  <member type="way" ref="1343543514" role=""/>
  <member type="way" ref="326165110" role=""/>
  <member type="way" ref="1301140119" role=""/>
  <member type="way" ref="437346933" role=""/>
  <member type="way" ref="1151017528" role=""/>
  <member type="way" ref="1151017529" role=""/>
  <member type="way" ref="892442184" role=""/>
  <member type="way" ref="315557555" role=""/>
  <member type="way" ref="1516697392" role=""/>
  <member type="way" ref="1516697391" role=""/>
  <member type="way" ref="479364429" role=""/>
  <member type="way" ref="404262414" role=""/>
  <member type="way" ref="38946018" role=""/>
  <member type="way" ref="479359774" role=""/>
  <member type="way" ref="479366257" role=""/>
  <member type="way" ref="329983009" role=""/>
  <member type="way" ref="279893840" role=""/>
  <member type="way" ref="315218161" role=""/>
  <member type="way" ref="392014795" role=""/>
  <member type="way" ref="392014796" role=""/>
  <member type="way" ref="392015774" role=""/>
  <member type="way" ref="583806623" role=""/>
  <member type="way" ref="409854618" role=""/>
  <member type="way" ref="279893876" role=""/>
  <member type="way" ref="439053507" role=""/>
  <member type="way" ref="892788961" role=""/>
  <member type="way" ref="279893867" role=""/>
  <member type="way" ref="1360761034" role=""/>
  <member type="way" ref="1360761035" role=""/>
  <member type="way" ref="1360761036" role=""/>
  <member type="way" ref="1360761037" role=""/>
  <member type="way" ref="312318609" role=""/>
  <member type="way" ref="1360761038" role=""/>
  <member type="way" ref="1360761039" role=""/>
  <member type="way" ref="1360761040" role=""/>
  <member type="way" ref="34334622" role=""/>
  <member type="way" ref="326819126" role=""/>
  <member type="way" ref="1149231639" role=""/>
  <member type="way" ref="14174735" role=""/>
  <member type="way" ref="892110496" role=""/>
  <member type="way" ref="429899693" role=""/>
  <member type="way" ref="1188006285" role=""/>
  <member type="way" ref="1151987313" role=""/>
  <tag k="name" v="X-IM18-I"/>
  <tag k="ref" v="X-IM18-I"/>
  <tag k="route" v="bus"/>
  <tag k="type" v="route"/>
 </relation>
 <relation id="4512067" visible="true" version="129" changeset="182857064" timestamp="2026-05-19T01:25:15Z" user="RahadRiver" uid="23310597">
  <member type="way" ref="11986778" role=""/>
  <member type="way" ref="511802061" role=""/>
  <member type="way" ref="1230462975" role=""/>
  <member type="way" ref="511800020" role=""/>
  <member type="way" ref="11987159" role=""/>
  <member type="way" ref="406007416" role=""/>
  <member type="way" ref="653820833" role=""/>
  <member type="way" ref="406007411" role=""/>
  <member type="way" ref="406007422" role=""/>
  <member type="way" ref="406008845" role=""/>
  <member type="way" ref="1310962224" role=""/>
  <member type="way" ref="670521714" role=""/>
  <member type="way" ref="39441948" role=""/>
  <member type="way" ref="437191067" role=""/>
  <member type="way" ref="437191070" role=""/>
  <member type="way" ref="1312216914" role=""/>
  <member type="way" ref="1312216913" role=""/>
  <member type="way" ref="24315836" role=""/>
  <member type="way" ref="1305172758" role=""/>
  <member type="way" ref="1152777183" role=""/>
  <member type="way" ref="1189323941" role=""/>
  <member type="way" ref="1321519945" role=""/>
  <member type="way" ref="285061727" role=""/>
  <member type="way" ref="893031440" role=""/>
  <member type="way" ref="893031439" role=""/>
  <member type="way" ref="326312165" role=""/>
  <member type="way" ref="315743452" role=""/>
  <member type="way" ref="33818372" role=""/>
  <member type="way" ref="279893868" role=""/>
  <member type="way" ref="1185672786" role=""/>
  <member type="way" ref="1343543514" role=""/>
  <member type="way" ref="326165110" role=""/>
  <member type="way" ref="1301140119" role=""/>
  <member type="way" ref="437346933" role=""/>
  <member type="way" ref="1151017528" role=""/>
  <member type="way" ref="1151017529" role=""/>
  <member type="way" ref="892442184" role=""/>
  <member type="way" ref="315557555" role=""/>
  <member type="way" ref="1516697392" role=""/>
  <member type="way" ref="1516697391" role=""/>
  <member type="way" ref="479364429" role=""/>
  <member type="way" ref="404262414" role=""/>
  <member type="way" ref="38946018" role=""/>
  <member type="way" ref="479359774" role=""/>
  <member type="way" ref="479366257" role=""/>
  <member type="way" ref="329983009" role=""/>
  <member type="way" ref="279893840" role=""/>
  <member type="way" ref="315218161" role=""/>
  <member type="way" ref="392014795" role=""/>
  <member type="way" ref="392014796" role=""/>
  <member type="way" ref="392015774" role=""/>
  <member type="way" ref="583806623" role=""/>
  <member type="way" ref="409854618" role=""/>
  <member type="way" ref="279893876" role=""/>
  <member type="way" ref="439053507" role=""/>
  <member type="way" ref="892788961" role=""/>
  <member type="way" ref="279893847" role=""/>
  <member type="way" ref="892789370" role=""/>
  <member type="way" ref="892789369" role=""/>
  <member type="way" ref="1363489619" role=""/>
  <member type="way" ref="654331316" role=""/>
  <member type="way" ref="654331320" role=""/>
  <member type="way" ref="1423598285" role=""/>
  <member type="way" ref="439813451" role=""/>
  <member type="way" ref="1309070372" role=""/>
  <member type="way" ref="1423598283" role=""/>
  <member type="way" ref="280228332" role=""/>
  <member type="way" ref="437463237" role=""/>
  <member type="way" ref="34188719" role=""/>
  <member type="way" ref="439047888" role=""/>
  <member type="way" ref="1314282287" role=""/>
  <member type="way" ref="1314282286" role=""/>
  <member type="way" ref="437504901" role=""/>
  <member type="way" ref="1386033023" role=""/>
  <member type="way" ref="312666776" role=""/>
  <member type="way" ref="1023690563" role=""/>
  <member type="way" ref="1025976736" role=""/>
  <member type="way" ref="1023690562" role=""/>
  <member type="way" ref="1025935723" role=""/>
  <member type="way" ref="28707150" role=""/>
  <member type="way" ref="1148264335" role=""/>
  <member type="way" ref="621791089" role=""/>
  <member type="way" ref="621791093" role=""/>
  <member type="way" ref="1290849748" role=""/>
  <member type="way" ref="1183810724" role=""/>
  <member type="way" ref="282567279" role=""/>
  <member type="way" ref="334367792" role=""/>
  <member type="way" ref="279900358" role=""/>
  <member type="way" ref="1025935722" role=""/>
  <member type="way" ref="321728924" role=""/>
  <member type="way" ref="1343273254" role=""/>
  <member type="way" ref="1343616976" role=""/>
  <member type="way" ref="320757331" role=""/>
  <member type="way" ref="1343273256" role=""/>
  <member type="way" ref="893575759" role=""/>
  <member type="way" ref="1343616973" role=""/>
  <member type="way" ref="893575758" role=""/>
  <member type="way" ref="284905869" role=""/>
  <member type="way" ref="279893853" role=""/>
  <member type="way" ref="1148319650" role=""/>
  <member type="way" ref="482801082" role=""/>
  <member type="way" ref="482801081" role=""/>
  <member type="way" ref="1148319647" role=""/>
  <member type="way" ref="482801079" role=""/>
  <member type="way" ref="338270720" role=""/>
  <member type="way" ref="482801078" role=""/>
  <member type="way" ref="482801077" role=""/>
  <member type="way" ref="1148319644" role=""/>
  <member type="way" ref="482801080" role=""/>
  <member type="way" ref="315240513" role=""/>
  <member type="way" ref="600891009" role=""/>
  <member type="way" ref="143917082" role=""/>
  <member type="way" ref="1482753187" role=""/>
  <member type="way" ref="279893881" role=""/>
  <member type="way" ref="892110496" role=""/>
  <member type="way" ref="429899693" role=""/>
  <member type="way" ref="1188006285" role=""/>
  <member type="way" ref="1151987313" role=""/>
  <tag k="name" v="CR14_I"/>
  <tag k="route" v="bus"/>
  <tag k="type" v="route"/>
 </relation>
 <relation id="4537820" visible="true" version="346" changeset="179124384" timestamp="2026-02-27T10:27:13Z" user="RahilPasha" uid="22994073">
  <member type="way" ref="165216417" role=""/>
  <member type="way" ref="1155877833" role=""/>
  <member type="way" ref="280234035" role=""/>
  <member type="way" ref="436285326" role=""/>
  <member type="way" ref="436656767" role=""/>
  <member type="way" ref="436271298" role=""/>
  <member type="way" ref="437030728" role=""/>
  <member type="way" ref="280234039" role=""/>
  <member type="way" ref="396093377" role=""/>
  <member type="way" ref="396095136" role=""/>
  <member type="way" ref="148627907" role=""/>
  <member type="way" ref="326831928" role=""/>
  <member type="way" ref="892759087" role=""/>
  <member type="way" ref="435499957" role=""/>
  <member type="way" ref="396101027" role=""/>
  <member type="way" ref="396099333" role=""/>
  <member type="way" ref="435505800" role=""/>
  <member type="way" ref="396099334" role=""/>
  <member type="way" ref="1154318546" role=""/>
  <member type="way" ref="396101745" role=""/>
  <member type="way" ref="396101749" role=""/>
  <member type="way" ref="1190086624" role=""/>
  <member type="way" ref="396101747" role=""/>
  <member type="way" ref="148627901" role=""/>
  <member type="way" ref="1227457596" role=""/>
  <member type="way" ref="892762238" role=""/>
  <member type="way" ref="279970564" role=""/>
  <member type="way" ref="148627905" role=""/>
  <member type="way" ref="336945371" role=""/>
  <member type="way" ref="420109506" role=""/>
  <member type="way" ref="892764250" role=""/>
  <member type="way" ref="1203400000" role=""/>
  <member type="way" ref="1203399998" role=""/>
  <member type="way" ref="892764249" role=""/>
  <member type="way" ref="280222795" role=""/>
  <member type="way" ref="435407206" role=""/>
  <member type="way" ref="1316162481" role=""/>
  <member type="way" ref="1227442312" role=""/>
  <member type="way" ref="892076146" role=""/>
  <member type="way" ref="892076145" role=""/>
  <member type="way" ref="148627902" role=""/>
  <member type="way" ref="435406619" role=""/>
  <member type="way" ref="321520553" role=""/>
  <member type="way" ref="1155066059" role=""/>
  <member type="way" ref="1225792959" role=""/>
  <member type="way" ref="329967316" role=""/>
  <member type="way" ref="329965021" role=""/>
  <member type="way" ref="25112947" role=""/>
  <member type="way" ref="279972854" role=""/>
  <member type="way" ref="279972856" role=""/>
  <member type="way" ref="326159289" role=""/>
  <member type="way" ref="348721288" role=""/>
  <member type="way" ref="279876634" role=""/>
  <member type="way" ref="100607711" role=""/>
  <member type="way" ref="328979848" role=""/>
  <member type="way" ref="321404230" role=""/>
  <member type="way" ref="1469947836" role=""/>
  <member type="way" ref="1341681635" role=""/>
  <member type="way" ref="279968413" role=""/>
  <member type="way" ref="165310370" role=""/>
  <member type="way" ref="321389056" role=""/>
  <member type="way" ref="1341681636" role=""/>
  <member type="way" ref="756339315" role=""/>
  <member type="way" ref="322026663" role=""/>
  <member type="way" ref="284908046" role=""/>
  <member type="way" ref="1341663037" role=""/>
  <member type="way" ref="327596054" role=""/>
  <member type="way" ref="1341663032" role=""/>
  <member type="way" ref="279895895" role=""/>
  <member type="way" ref="1183565147" role=""/>
  <member type="way" ref="325292464" role=""/>
  <member type="way" ref="279893861" role=""/>
  <member type="way" ref="280209102" role=""/>
  <member type="way" ref="321853550" role=""/>
  <member type="way" ref="314142887" role=""/>
  <member type="way" ref="312666781" role=""/>
  <member type="way" ref="324822371" role=""/>
  <member type="way" ref="1230462992" role=""/>
  <member type="way" ref="1230462972" role=""/>
  <member type="way" ref="870878170" role=""/>
  <member type="way" ref="4831348" role=""/>
  <member type="way" ref="438017591" role=""/>
  <member type="way" ref="180525808" role=""/>
  <member type="way" ref="660055399" role=""/>
  <member type="way" ref="396819796" role=""/>
  <member type="way" ref="396820846" role=""/>
  <member type="way" ref="44111658" role=""/>
  <member type="way" ref="44111661" role=""/>
  <member type="way" ref="312333400" role=""/>
  <member type="way" ref="396819255" role=""/>
  <member type="way" ref="1419044644" role=""/>
  <member type="way" ref="1316729217" role=""/>
  <member type="way" ref="1463494449" role=""/>
  <member type="way" ref="613858315" role=""/>
  <member type="way" ref="1423498448" role=""/>
  <member type="way" ref="613858318" role=""/>
  <member type="way" ref="396817815" role=""/>
  <member type="way" ref="436576224" role=""/>
  <member type="way" ref="1339870548" role=""/>
  <member type="way" ref="378848987" role=""/>
  <member type="way" ref="990164115" role=""/>
  <member type="way" ref="378848989" role=""/>
  <member type="way" ref="493472235" role=""/>
  <member type="way" ref="1339859966" role=""/>
  <member type="way" ref="1340621335" role=""/>
  <member type="way" ref="1340621332" role=""/>
  <member type="way" ref="173525730" role=""/>
  <member type="way" ref="784068025" role=""/>
  <member type="way" ref="1339859965" role=""/>
  <member type="way" ref="435195516" role=""/>
  <member type="way" ref="893020425" role=""/>
  <member type="way" ref="335945408" role=""/>
  <member type="way" ref="1365592022" role=""/>
  <member type="way" ref="1365592021" role=""/>
  <member type="way" ref="436251100" role=""/>
  <member type="way" ref="1365592023" role=""/>
  <member type="way" ref="1365592024" role=""/>
  <member type="way" ref="1365592025" role=""/>
  <member type="way" ref="1365592026" role=""/>
  <member type="way" ref="1365592027" role=""/>
  <member type="way" ref="1365592028" role=""/>
  <member type="way" ref="1483765724" role=""/>
  <member type="way" ref="436259992" role=""/>
  <member type="way" ref="47835017" role=""/>
  <member type="way" ref="279857266" role=""/>
  <member type="way" ref="1023690557" role=""/>
  <member type="way" ref="757067078" role=""/>
  <member type="way" ref="1363366410" role=""/>
  <member type="way" ref="279876639" role=""/>
  <member type="way" ref="282552665" role=""/>
  <member type="way" ref="493510599" role=""/>
  <member type="way" ref="1340425713" role=""/>
  <member type="way" ref="1148052917" role=""/>
  <member type="way" ref="1340425708" role=""/>
  <member type="way" ref="338241852" role=""/>
  <member type="way" ref="493510593" role=""/>
  <member type="way" ref="1364656386" role=""/>
  <member type="way" ref="493510595" role=""/>
  <member type="way" ref="493510591" role=""/>
  <member type="way" ref="1343472940" role=""/>
  <member type="way" ref="401780811" role=""/>
  <member type="way" ref="1343472939" role=""/>
  <member type="way" ref="401780810" role=""/>
  <member type="way" ref="493510581" role=""/>
  <member type="way" ref="323136850" role=""/>
  <member type="way" ref="1343485283" role=""/>
  <member type="way" ref="285017679" role=""/>
  <member type="way" ref="325446447" role=""/>
  <member type="way" ref="1343485281" role=""/>
  <member type="way" ref="327261898" role=""/>
  <member type="way" ref="892431510" role=""/>
  <member type="way" ref="892431508" role=""/>
  <member type="way" ref="327261960" role=""/>
  <member type="way" ref="1343520818" role=""/>
  <member type="way" ref="891957175" role=""/>
  <member type="way" ref="892910464" role=""/>
  <member type="way" ref="279893884" role=""/>
  <member type="way" ref="1368198540" role=""/>
  <member type="way" ref="1343480334" role=""/>
  <member type="way" ref="339372364" role=""/>
  <member type="way" ref="1343480331" role=""/>
  <member type="way" ref="284901703" role=""/>
  <member type="way" ref="621602406" role=""/>
  <member type="way" ref="328815822" role=""/>
  <member type="way" ref="454600546" role=""/>
  <member type="way" ref="496801885" role=""/>
  <member type="way" ref="1189325483" role=""/>
  <member type="way" ref="1189325482" role=""/>
  <member type="way" ref="46227650" role=""/>
  <member type="way" ref="1343544512" role=""/>
  <member type="way" ref="1150010102" role=""/>
  <member type="way" ref="1343544511" role=""/>
  <member type="way" ref="324365881" role=""/>
  <member type="way" ref="1150783764" role=""/>
  <member type="way" ref="1343402198" role=""/>
  <member type="way" ref="1343402197" role=""/>
  <member type="way" ref="892976044" role=""/>
  <member type="way" ref="1343402205" role=""/>
  <member type="way" ref="284905870" role=""/>
  <member type="way" ref="1391879858" role=""/>
  <member type="way" ref="331430035" role=""/>
  <member type="way" ref="1469334603" role=""/>
  <member type="way" ref="1150534534" role=""/>
  <member type="way" ref="338024836" role=""/>
  <member type="way" ref="1130700202" role=""/>
  <member type="way" ref="284908041" role=""/>
  <member type="way" ref="279895896" role=""/>
  <member type="way" ref="1315441498" role=""/>
  <member type="way" ref="1339650992" role=""/>
  <member type="way" ref="1315441502" role=""/>
  <member type="way" ref="892996334" role=""/>
  <member type="way" ref="317137452" role=""/>
  <member type="way" ref="1469334604" role=""/>
  <member type="way" ref="1321775932" role=""/>
  <member type="way" ref="1321775931" role=""/>
  <member type="way" ref="432963078" role=""/>
  <member type="way" ref="435198091" role=""/>
  <member type="way" ref="870885654" role=""/>
  <member type="way" ref="809855298" role=""/>
  <member type="way" ref="1333044333" role=""/>
  <member type="way" ref="315095696" role=""/>
  <member type="way" ref="279253640" role=""/>
  <member type="way" ref="1335999607" role=""/>
  <member type="way" ref="1336612995" role=""/>
  <member type="way" ref="1336263337" role=""/>
  <member type="way" ref="1335999611" role=""/>
  <member type="way" ref="1336296915" role=""/>
  <member type="way" ref="1184602766" role=""/>
  <member type="way" ref="11989455" role=""/>
  <member type="way" ref="19071516" role=""/>
  <member type="way" ref="314356553" role=""/>
  <member type="way" ref="11986778" role=""/>
  <member type="way" ref="511802061" role=""/>
  <member type="way" ref="1230462975" role=""/>
  <member type="way" ref="511800020" role=""/>
  <member type="way" ref="11987159" role=""/>
  <member type="way" ref="406007416" role=""/>
  <member type="way" ref="653820833" role=""/>
  <member type="way" ref="406007411" role=""/>
  <member type="way" ref="406007422" role=""/>
  <member type="way" ref="406008845" role=""/>
  <member type="way" ref="1310962224" role=""/>
  <member type="way" ref="670521714" role=""/>
  <member type="way" ref="39441948" role=""/>
  <member type="way" ref="437191067" role=""/>
  <member type="way" ref="437191070" role=""/>
  <member type="way" ref="1312216914" role=""/>
  <member type="way" ref="1312216913" role=""/>
  <member type="way" ref="24315836" role=""/>
  <member type="way" ref="1305172758" role=""/>
  <member type="way" ref="1152777183" role=""/>
  <member type="way" ref="1189323941" role=""/>
  <member type="way" ref="1321519945" role=""/>
  <member type="way" ref="285061727" role=""/>
  <member type="way" ref="893031440" role=""/>
  <member type="way" ref="893031439" role=""/>
  <member type="way" ref="326312165" role=""/>
  <member type="way" ref="315743452" role=""/>
  <member type="way" ref="33818372" role=""/>
  <member type="way" ref="279893868" role=""/>
  <member type="way" ref="1185672786" role=""/>
  <member type="way" ref="1343543514" role=""/>
  <member type="way" ref="326165110" role=""/>
  <member type="way" ref="1301140119" role=""/>
  <member type="way" ref="437346933" role=""/>
  <member type="way" ref="1151017528" role=""/>
  <member type="way" ref="1151017529" role=""/>
  <member type="way" ref="1189050030" role=""/>
  <member type="way" ref="315557549" role=""/>
  <member type="way" ref="1480009555" role=""/>
  <member type="way" ref="438697172" role=""/>
  <member type="way" ref="335971773" role=""/>
  <member type="way" ref="37749493" role=""/>
  <member type="way" ref="335757629" role=""/>
  <member type="way" ref="1475486393" role=""/>
  <member type="way" ref="314748806" role=""/>
  <member type="way" ref="336833714" role=""/>
  <member type="way" ref="1459697329" role=""/>
  <member type="way" ref="892634163" role=""/>
  <member type="way" ref="323230999" role=""/>
  <member type="way" ref="892634162" role=""/>
  <member type="way" ref="437381006" role=""/>
  <member type="way" ref="892630126" role=""/>
  <member type="way" ref="338421623" role=""/>
  <member type="way" ref="1343487098" role=""/>
  <member type="way" ref="338240656" role=""/>
  <member type="way" ref="419812694" role=""/>
  <member type="way" ref="111964434" role=""/>
  <member type="way" ref="37749482" role=""/>
  <member type="way" ref="437378476" role=""/>
  <member type="way" ref="111926474" role=""/>
  <member type="way" ref="638291321" role=""/>
  <member type="way" ref="438458749" role=""/>
  <member type="way" ref="271240816" role=""/>
  <member type="way" ref="330172461" role=""/>
  <member type="way" ref="330172461" role=""/>
  <member type="way" ref="14342450" role=""/>
  <member type="way" ref="1230462979" role=""/>
  <member type="way" ref="1230462978" role=""/>
  <member type="way" ref="315218164" role=""/>
  <member type="way" ref="654086787" role=""/>
  <member type="way" ref="326819126" role=""/>
  <member type="way" ref="1149231639" role=""/>
  <member type="way" ref="14174735" role=""/>
  <member type="way" ref="892110496" role=""/>
  <member type="way" ref="429899693" role=""/>
  <member type="way" ref="1188006285" role=""/>
  <member type="way" ref="1151987313" role=""/>
  <tag k="name" v="X-IO03_I"/>
  <tag k="ref" v="X-IO03_I"/>
  <tag k="route" v="bus"/>
  <tag k="type" v="route"/>
 </relation>
 <relation id="4555083" visible="true" version="430" changeset="183141511" timestamp="2026-05-25T07:51:04Z" user="RahadRiver" uid="23310597">
  <member type="way" ref="165216325" role=""/>
  <member type="way" ref="324612631" role=""/>
  <member type="way" ref="282054997" role=""/>
  <member type="way" ref="280652016" role=""/>
  <member type="way" ref="1080788028" role=""/>
  <member type="way" ref="1080788027" role=""/>
  <member type="way" ref="280209093" role=""/>
  <member type="way" ref="280652045" role=""/>
  <member type="way" ref="280209100" role=""/>
  <member type="way" ref="282069343" role=""/>
  <member type="way" ref="756339316" role=""/>
  <member type="way" ref="279968429" role=""/>
  <member type="way" ref="1341681644" role=""/>
  <member type="way" ref="282069340" role=""/>
  <member type="way" ref="1341681640" role=""/>
  <member type="way" ref="1469947835" role=""/>
  <member type="way" ref="278961185" role=""/>
  <member type="way" ref="4831384" role=""/>
  <member type="way" ref="279968426" role=""/>
  <member type="way" ref="284897766" role=""/>
  <member type="way" ref="409362521" role=""/>
  <member type="way" ref="1225792958" role=""/>
  <member type="way" ref="37609836" role=""/>
  <member type="way" ref="279970572" role=""/>
  <member type="way" ref="1316163660" role=""/>
  <member type="way" ref="1316163661" role=""/>
  <member type="way" ref="892076148" role=""/>
  <member type="way" ref="892076147" role=""/>
  <member type="way" ref="1227442310" role=""/>
  <member type="way" ref="1316162480" role=""/>
  <member type="way" ref="148627909" role=""/>
  <member type="way" ref="324538813" role=""/>
  <member type="way" ref="280222783" role=""/>
  <member type="way" ref="1203399999" role=""/>
  <member type="way" ref="1203400001" role=""/>
  <member type="way" ref="892764252" role=""/>
  <member type="way" ref="1316169737" role=""/>
  <member type="way" ref="892764251" role=""/>
  <member type="way" ref="321544180" role=""/>
  <member type="way" ref="148627904" role=""/>
  <member type="way" ref="892762237" role=""/>
  <member type="way" ref="279970575" role=""/>
  <member type="way" ref="436944896" role=""/>
  <member type="way" ref="1190086625" role=""/>
  <member type="way" ref="148627910" role=""/>
  <member type="way" ref="325122882" role=""/>
  <member type="way" ref="892759757" role=""/>
  <member type="way" ref="396101031" role=""/>
  <member type="way" ref="148627906" role=""/>
  <member type="way" ref="279914554" role=""/>
  <member type="way" ref="280234031" role=""/>
  <member type="way" ref="1227465675" role=""/>
  <member type="way" ref="437030727" role=""/>
  <member type="way" ref="328656446" role=""/>
  <member type="way" ref="282055001" role=""/>
  <member type="way" ref="280209098" role=""/>
  <member type="way" ref="279876617" role=""/>
  <member type="way" ref="324539685" role=""/>
  <member type="way" ref="329191668" role=""/>
  <member type="way" ref="1341663033" role=""/>
  <member type="way" ref="1341663036" role=""/>
  <member type="way" ref="279895891" role=""/>
  <member type="way" ref="282328369" role=""/>
  <member type="way" ref="313943310" role=""/>
  <member type="way" ref="439036062" role=""/>
  <member type="way" ref="1388067312" role=""/>
  <member type="way" ref="1442706278" role=""/>
  <member type="way" ref="344371563" role=""/>
  <member type="way" ref="1388067313" role=""/>
  <member type="way" ref="1341972540" role=""/>
  <member type="way" ref="295447293" role=""/>
  <member type="way" ref="295447294" role=""/>
  <member type="way" ref="266916537" role=""/>
  <member type="way" ref="1341971602" role=""/>
  <member type="way" ref="344183526" role=""/>
  <member type="way" ref="1341971601" role=""/>
  <member type="way" ref="319515350" role=""/>
  <member type="way" ref="324540584" role=""/>
  <member type="way" ref="1341972541" role=""/>
  <member type="way" ref="1148355622" role=""/>
  <member type="way" ref="326258575" role=""/>
  <member type="way" ref="76560269" role=""/>
  <member type="way" ref="441100750" role=""/>
  <member type="way" ref="76554364" role=""/>
  <member type="way" ref="338408640" role=""/>
  <member type="way" ref="321054815" role=""/>
  <member type="way" ref="338936092" role=""/>
  <member type="way" ref="356684155" role=""/>
  <member type="way" ref="279652520" role=""/>
  <member type="way" ref="370644968" role=""/>
  <member type="way" ref="1333542272" role=""/>
  <member type="way" ref="1333542273" role=""/>
  <member type="way" ref="326259354" role=""/>
  <member type="way" ref="321054813" role=""/>
  <member type="way" ref="1343417565" role=""/>
  <member type="way" ref="321054819" role=""/>
  <member type="way" ref="1343417567" role=""/>
  <member type="way" ref="1343417572" role=""/>
  <member type="way" ref="1343417568" role=""/>
  <member type="way" ref="1363206581" role=""/>
  <member type="way" ref="1343417569" role=""/>
  <member type="way" ref="1363206582" role=""/>
  <member type="way" ref="1363206583" role=""/>
  <member type="way" ref="324602534" role=""/>
  <member type="way" ref="1365663076" role=""/>
  <member type="way" ref="1365663075" role=""/>
  <member type="way" ref="409655433" role=""/>
  <member type="way" ref="409655415" role=""/>
  <member type="way" ref="1183597823" role=""/>
  <member type="way" ref="892417537" role=""/>
  <member type="way" ref="892417536" role=""/>
  <member type="way" ref="1183888930" role=""/>
  <member type="way" ref="1386316471" role=""/>
  <member type="way" ref="331402537" role=""/>
  <member type="way" ref="1366731390" role=""/>
  <member type="way" ref="1386320290" role=""/>
  <member type="way" ref="1366731389" role=""/>
  <member type="way" ref="1228095127" role=""/>
  <member type="way" ref="324601502" role=""/>
  <member type="way" ref="961143480" role=""/>
  <member type="way" ref="1336633514" role=""/>
  <member type="way" ref="344084913" role=""/>
  <member type="way" ref="892750746" role=""/>
  <member type="way" ref="435546424" role=""/>
  <member type="way" ref="326231401" role=""/>
  <member type="way" ref="437395775" role=""/>
  <member type="way" ref="46227648" role=""/>
  <member type="way" ref="437395774" role=""/>
  <member type="way" ref="892827159" role=""/>
  <member type="way" ref="316995819" role=""/>
  <member type="way" ref="782827662" role=""/>
  <member type="way" ref="435204001" role=""/>
  <member type="way" ref="288578415" role=""/>
  <member type="way" ref="290085067" role=""/>
  <member type="way" ref="435555979" role=""/>
  <member type="way" ref="1148659494" role=""/>
  <member type="way" ref="1148659495" role=""/>
  <member type="way" ref="892945205" role=""/>
  <member type="way" ref="892945206" role=""/>
  <member type="way" ref="1023046255" role=""/>
  <member type="way" ref="1023395811" role=""/>
  <member type="way" ref="1189079826" role=""/>
  <member type="way" ref="11986321" role=""/>
  <member type="way" ref="314356553" role=""/>
  <member type="way" ref="569493965" role=""/>
  <member type="way" ref="279893875" role=""/>
  <member type="way" ref="344159559" role=""/>
  <member type="way" ref="24315832" role=""/>
  <member type="way" ref="1310962221" role=""/>
  <member type="way" ref="437191068" role=""/>
  <member type="way" ref="437191069" role=""/>
  <member type="way" ref="39441965" role=""/>
  <member type="way" ref="1305172761" role=""/>
  <member type="way" ref="1305172760" role=""/>
  <member type="way" ref="344256563" role=""/>
  <member type="way" ref="1312216916" role=""/>
  <member type="way" ref="1312216915" role=""/>
  <member type="way" ref="1152777182" role=""/>
  <member type="way" ref="1321519946" role=""/>
  <member type="way" ref="1189323939" role=""/>
  <member type="way" ref="892836719" role=""/>
  <member type="way" ref="436743321" role=""/>
  <member type="way" ref="892827158" role=""/>
  <member type="way" ref="279627971" role=""/>
  <member type="way" ref="324606622" role=""/>
  <member type="way" ref="1366731398" role=""/>
  <member type="way" ref="1364656389" role=""/>
  <member type="way" ref="28815024" role=""/>
  <member type="way" ref="401047019" role=""/>
  <member type="way" ref="1149920897" role=""/>
  <member type="way" ref="1149920902" role=""/>
  <member type="way" ref="893007878" role=""/>
  <member type="way" ref="522242858" role=""/>
  <member type="way" ref="1021325945" role=""/>
  <member type="way" ref="1433615297" role=""/>
  <member type="way" ref="1430758965" role=""/>
  <member type="way" ref="1433615296" role=""/>
  <member type="way" ref="1430758966" role=""/>
  <member type="way" ref="1155859546" role=""/>
  <member type="way" ref="1341594077" role=""/>
  <member type="way" ref="1521214175" role=""/>
  <member type="way" ref="1521214176" role=""/>
  <member type="way" ref="28816099" role=""/>
  <member type="way" ref="1521214169" role=""/>
  <member type="way" ref="324604260" role=""/>
  <member type="way" ref="1521214170" role=""/>
  <member type="way" ref="1155859548" role=""/>
  <member type="way" ref="1521214163" role=""/>
  <member type="way" ref="1521214164" role=""/>
  <member type="way" ref="1153022289" role=""/>
  <member type="way" ref="279627974" role=""/>
  <member type="way" ref="1013422307" role=""/>
  <member type="way" ref="1341315084" role=""/>
  <member type="way" ref="1263940392" role=""/>
  <member type="way" ref="77861386" role=""/>
  <member type="way" ref="314541189" role=""/>
  <member type="way" ref="349694162" role=""/>
  <member type="way" ref="1339671871" role=""/>
  <member type="way" ref="320884178" role=""/>
  <member type="way" ref="760228854" role=""/>
  <member type="way" ref="327246460" role=""/>
  <member type="way" ref="1433615298" role=""/>
  <member type="way" ref="326258576" role=""/>
  <member type="way" ref="1148355624" role=""/>
  <member type="way" ref="1148355627" role=""/>
  <member type="way" ref="321389051" role=""/>
  <member type="way" ref="1148352950" role=""/>
  <member type="way" ref="1148352953" role=""/>
  <member type="way" ref="329186104" role=""/>
  <member type="way" ref="4831400" role=""/>
  <member type="way" ref="368703727" role=""/>
  <member type="way" ref="368703728" role=""/>
  <member type="way" ref="892442183" role=""/>
  <member type="way" ref="892442182" role=""/>
  <member type="way" ref="320601927" role=""/>
  <member type="way" ref="1301140116" role=""/>
  <member type="way" ref="405572367" role=""/>
  <member type="way" ref="1343543515" role=""/>
  <member type="way" ref="1185672784" role=""/>
  <member type="way" ref="1151987312" role=""/>
  <member type="way" ref="1188006283" role=""/>
  <member type="way" ref="327624907" role=""/>
  <member type="way" ref="892110495" role=""/>
  <member type="way" ref="429899694" role=""/>
  <member type="way" ref="326296450" role=""/>
  <member type="way" ref="1485523261" role=""/>
  <member type="way" ref="315743452" role=""/>
  <member type="way" ref="24315819" role=""/>
  <member type="way" ref="326296419" role=""/>
  <member type="way" ref="327608956" role=""/>
  <member type="way" ref="893180532" role=""/>
  <member type="way" ref="127704301" role=""/>
  <member type="way" ref="111902593" role=""/>
  <member type="way" ref="1152017727" role=""/>
  <member type="way" ref="111885469" role=""/>
  <member type="way" ref="1152017726" role=""/>
  <member type="way" ref="333695216" role=""/>
  <member type="way" ref="1210880058" role=""/>
  <member type="way" ref="1210880059" role=""/>
  <member type="way" ref="512391489" role=""/>
  <member type="way" ref="512391488" role=""/>
  <member type="way" ref="512393552" role=""/>
  <member type="way" ref="512393551" role=""/>
  <member type="way" ref="512395032" role=""/>
  <member type="way" ref="512395033" role=""/>
  <member type="way" ref="549619452" role=""/>
  <member type="way" ref="549619451" role=""/>
  <member type="way" ref="439910363" role=""/>
  <member type="way" ref="1150730328" role=""/>
  <member type="way" ref="34997047" role=""/>
  <member type="way" ref="34997044" role=""/>
  <member type="way" ref="326249725" role=""/>
  <member type="way" ref="583816734" role=""/>
  <member type="way" ref="1475486400" role=""/>
  <member type="way" ref="314787102" role=""/>
  <member type="way" ref="1480009565" role=""/>
  <member type="way" ref="1480009556" role=""/>
  <member type="way" ref="338413088" role=""/>
  <member type="way" ref="338413093" role=""/>
  <member type="way" ref="1189050029" role=""/>
  <member type="way" ref="463986134" role=""/>
  <member type="way" ref="1343179595" role=""/>
  <member type="way" ref="1390579717" role=""/>
  <member type="way" ref="143762682" role=""/>
  <member type="way" ref="314785051" role=""/>
  <member type="way" ref="1341199555" role=""/>
  <member type="way" ref="822863626" role=""/>
  <member type="way" ref="28866499" role=""/>
  <member type="way" ref="436966762" role=""/>
  <member type="way" ref="364212425" role=""/>
  <member type="way" ref="1210880062" role=""/>
  <member type="way" ref="337250988" role=""/>
  <member type="way" ref="437848286" role=""/>
  <member type="way" ref="437848148" role=""/>
  <member type="way" ref="437508549" role=""/>
  <member type="way" ref="1101861015" role=""/>
  <member type="way" ref="126860250" role=""/>
  <member type="way" ref="1116387108" role=""/>
  <member type="way" ref="512680610" role=""/>
  <member type="way" ref="1116387105" role=""/>
  <member type="way" ref="1459697328" role=""/>
  <member type="way" ref="699991183" role=""/>
  <member type="way" ref="1459697327" role=""/>
  <member type="way" ref="1116348908" role=""/>
  <member type="way" ref="1393428571" role=""/>
  <member type="way" ref="326273055" role=""/>
  <member type="way" ref="153672641" role=""/>
  <member type="way" ref="1208938317" role=""/>
  <member type="way" ref="1208938313" role=""/>
  <member type="way" ref="1101861027" role=""/>
  <member type="way" ref="335766596" role=""/>
  <member type="way" ref="325260124" role=""/>
  <member type="way" ref="438599297" role=""/>
  <member type="way" ref="372142510" role=""/>
  <member type="way" ref="1148351404" role=""/>
  <member type="way" ref="1116388315" role=""/>
  <member type="way" ref="337591680" role=""/>
  <member type="way" ref="344371562" role=""/>
  <member type="way" ref="437031659" role=""/>
  <tag k="name" v="X-IO28B_I"/>
  <tag k="ref" v="X-IO28B_I"/>
  <tag k="route" v="bus"/>
  <tag k="type" v="route"/>
 </relation>
 <relation id="4555747" visible="true" version="259" changeset="183141511" timestamp="2026-05-25T07:51:04Z" user="RahadRiver" uid="23310597">
  <member type="way" ref="24315812" role=""/>
  <member type="way" ref="1151987312" role=""/>
  <member type="way" ref="1188006283" role=""/>
  <member type="way" ref="327624907" role=""/>
  <member type="way" ref="892110495" role=""/>
  <member type="way" ref="24315813" role=""/>
  <member type="way" ref="24315814" role=""/>
  <member type="way" ref="326296419" role=""/>
  <member type="way" ref="436743321" role=""/>
  <member type="way" ref="892836719" role=""/>
  <member type="way" ref="1189323939" role=""/>
  <member type="way" ref="1321519946" role=""/>
  <member type="way" ref="1152777182" role=""/>
  <member type="way" ref="1305172761" role=""/>
  <member type="way" ref="1305172760" role=""/>
  <member type="way" ref="344256563" role=""/>
  <member type="way" ref="1312216916" role=""/>
  <member type="way" ref="1312216915" role=""/>
  <member type="way" ref="39441965" role=""/>
  <member type="way" ref="437191069" role=""/>
  <member type="way" ref="437191068" role=""/>
  <member type="way" ref="24315832" role=""/>
  <member type="way" ref="1310962221" role=""/>
  <member type="way" ref="344159559" role=""/>
  <member type="way" ref="279893875" role=""/>
  <member type="way" ref="569493965" role=""/>
  <member type="way" ref="314356553" role=""/>
  <member type="way" ref="11986321" role=""/>
  <member type="way" ref="1189079826" role=""/>
  <member type="way" ref="1023395811" role=""/>
  <member type="way" ref="1023046255" role=""/>
  <member type="way" ref="892945206" role=""/>
  <member type="way" ref="892945205" role=""/>
  <member type="way" ref="1148659495" role=""/>
  <member type="way" ref="1148659494" role=""/>
  <member type="way" ref="435555979" role=""/>
  <member type="way" ref="290085067" role=""/>
  <member type="way" ref="288578415" role=""/>
  <member type="way" ref="435204001" role=""/>
  <member type="way" ref="782827662" role=""/>
  <member type="way" ref="316995819" role=""/>
  <member type="way" ref="892827159" role=""/>
  <member type="way" ref="892827158" role=""/>
  <member type="way" ref="46227648" role=""/>
  <member type="way" ref="437395774" role=""/>
  <member type="way" ref="437395775" role=""/>
  <member type="way" ref="326231401" role=""/>
  <member type="way" ref="435546424" role=""/>
  <member type="way" ref="892750746" role=""/>
  <member type="way" ref="344084913" role=""/>
  <member type="way" ref="1336633514" role=""/>
  <member type="way" ref="961143480" role=""/>
  <member type="way" ref="324601502" role=""/>
  <member type="way" ref="1228095127" role=""/>
  <member type="way" ref="1366731389" role=""/>
  <member type="way" ref="1386320290" role=""/>
  <member type="way" ref="1366731390" role=""/>
  <member type="way" ref="331402537" role=""/>
  <member type="way" ref="1386316471" role=""/>
  <member type="way" ref="1183888930" role=""/>
  <member type="way" ref="892417536" role=""/>
  <member type="way" ref="892417537" role=""/>
  <member type="way" ref="1183597823" role=""/>
  <member type="way" ref="409655433" role=""/>
  <member type="way" ref="409655415" role=""/>
  <member type="way" ref="522242858" role=""/>
  <member type="way" ref="893007878" role=""/>
  <member type="way" ref="1149920902" role=""/>
  <member type="way" ref="1149920897" role=""/>
  <member type="way" ref="279627971" role=""/>
  <member type="way" ref="324606622" role=""/>
  <member type="way" ref="1366731398" role=""/>
  <member type="way" ref="1364656389" role=""/>
  <member type="way" ref="401047019" role=""/>
  <member type="way" ref="1021325945" role=""/>
  <member type="way" ref="1433615297" role=""/>
  <member type="way" ref="1430758965" role=""/>
  <member type="way" ref="1433615296" role=""/>
  <member type="way" ref="1430758966" role=""/>
  <member type="way" ref="1155859546" role=""/>
  <member type="way" ref="1341594077" role=""/>
  <member type="way" ref="1521214175" role=""/>
  <member type="way" ref="1521214176" role=""/>
  <member type="way" ref="28816099" role=""/>
  <member type="way" ref="1521214169" role=""/>
  <member type="way" ref="324604260" role=""/>
  <member type="way" ref="1521214170" role=""/>
  <member type="way" ref="1155859548" role=""/>
  <member type="way" ref="1521214163" role=""/>
  <member type="way" ref="1521214164" role=""/>
  <member type="way" ref="1153022289" role=""/>
  <member type="way" ref="279627974" role=""/>
  <member type="way" ref="1013422307" role=""/>
  <member type="way" ref="1341315084" role=""/>
  <member type="way" ref="1263940392" role=""/>
  <member type="way" ref="77861386" role=""/>
  <member type="way" ref="314541189" role=""/>
  <member type="way" ref="349694162" role=""/>
  <member type="way" ref="1339671871" role=""/>
  <member type="way" ref="320884178" role=""/>
  <member type="way" ref="760228854" role=""/>
  <member type="way" ref="327246460" role=""/>
  <member type="way" ref="1433615298" role=""/>
  <member type="way" ref="1365663075" role=""/>
  <member type="way" ref="1365663076" role=""/>
  <member type="way" ref="324602534" role=""/>
  <member type="way" ref="1363206583" role=""/>
  <member type="way" ref="1363206582" role=""/>
  <member type="way" ref="1343417569" role=""/>
  <member type="way" ref="1363206581" role=""/>
  <member type="way" ref="1343417568" role=""/>
  <member type="way" ref="1343417572" role=""/>
  <member type="way" ref="1343417567" role=""/>
  <member type="way" ref="326292825" role=""/>
  <member type="way" ref="892432744" role=""/>
  <member type="way" ref="1343417564" role=""/>
  <member type="way" ref="326292844" role=""/>
  <member type="way" ref="326292884" role=""/>
  <member type="way" ref="326292484" role=""/>
  <member type="way" ref="76554371" role=""/>
  <member type="way" ref="312329034" role=""/>
  <member type="way" ref="160393808" role=""/>
  <member type="way" ref="747869309" role=""/>
  <member type="way" ref="76560273" role=""/>
  <member type="way" ref="441100749" role=""/>
  <member type="way" ref="319515353" role=""/>
  <member type="way" ref="1148355623" role=""/>
  <member type="way" ref="319515349" role=""/>
  <member type="way" ref="326258576" role=""/>
  <member type="way" ref="1148355624" role=""/>
  <member type="way" ref="1148355627" role=""/>
  <member type="way" ref="321389051" role=""/>
  <member type="way" ref="1148352950" role=""/>
  <member type="way" ref="1148352953" role=""/>
  <member type="way" ref="329186104" role=""/>
  <member type="way" ref="4831400" role=""/>
  <member type="way" ref="368703727" role=""/>
  <member type="way" ref="368703728" role=""/>
  <member type="way" ref="295447294" role=""/>
  <member type="way" ref="295447293" role=""/>
  <member type="way" ref="266916537" role=""/>
  <member type="way" ref="1341971602" role=""/>
  <member type="way" ref="344183526" role=""/>
  <member type="way" ref="1341971601" role=""/>
  <member type="way" ref="319515350" role=""/>
  <member type="way" ref="1341972541" role=""/>
  <member type="way" ref="324540584" role=""/>
  <member type="way" ref="1388067312" role=""/>
  <member type="way" ref="1442706278" role=""/>
  <member type="way" ref="344371563" role=""/>
  <member type="way" ref="1388067313" role=""/>
  <member type="way" ref="1341972540" role=""/>
  <member type="way" ref="439036062" role=""/>
  <member type="way" ref="313943310" role=""/>
  <member type="way" ref="280209098" role=""/>
  <member type="way" ref="279876617" role=""/>
  <member type="way" ref="324539685" role=""/>
  <member type="way" ref="329191668" role=""/>
  <member type="way" ref="1341663033" role=""/>
  <member type="way" ref="1341663036" role=""/>
  <member type="way" ref="279895891" role=""/>
  <member type="way" ref="282328369" role=""/>
  <member type="way" ref="282069343" role=""/>
  <member type="way" ref="756339316" role=""/>
  <member type="way" ref="1341681644" role=""/>
  <member type="way" ref="279968429" role=""/>
  <member type="way" ref="343436410" role=""/>
  <member type="way" ref="1150257609" role=""/>
  <member type="way" ref="1150257608" role=""/>
  <member type="way" ref="326297617" role=""/>
  <member type="way" ref="494221381" role=""/>
  <member type="way" ref="828320817" role=""/>
  <member type="way" ref="643463355" role=""/>
  <member type="way" ref="761070559" role=""/>
  <member type="way" ref="28746962" role=""/>
  <member type="way" ref="38945977" role=""/>
  <member type="way" ref="479366256" role=""/>
  <member type="way" ref="479359773" role=""/>
  <member type="way" ref="403011119" role=""/>
  <member type="way" ref="279893885" role=""/>
  <member type="way" ref="892442182" role=""/>
  <member type="way" ref="320601927" role=""/>
  <member type="way" ref="1301140116" role=""/>
  <member type="way" ref="405572367" role=""/>
  <member type="way" ref="1343543515" role=""/>
  <member type="way" ref="1185672784" role=""/>
  <member type="way" ref="344371562" role=""/>
  <member type="way" ref="429899694" role=""/>
  <member type="way" ref="893024276" role=""/>
  <member type="way" ref="430077616" role=""/>
  <member type="way" ref="893002102" role=""/>
  <member type="way" ref="892997940" role=""/>
  <member type="way" ref="892997939" role=""/>
  <member type="way" ref="642255120" role=""/>
  <member type="way" ref="1337795478" role=""/>
  <member type="way" ref="1337795480" role=""/>
  <member type="way" ref="1469818661" role=""/>
  <member type="way" ref="1503681526" role=""/>
  <member type="way" ref="521127844" role=""/>
  <member type="way" ref="1343411226" role=""/>
  <member type="way" ref="1503681527" role=""/>
  <member type="way" ref="1343411225" role=""/>
  <member type="way" ref="1423476753" role=""/>
  <member type="way" ref="441043349" role=""/>
  <tag k="name" v="X-IO30_I"/>
  <tag k="ref" v="X-IO30_I"/>
  <tag k="route" v="bus"/>
  <tag k="type" v="route"/>
 </relation>
 <relation id="4555931" visible="true" version="353" changeset="183141511" timestamp="2026-05-25T07:51:04Z" user="RahadRiver" uid="23310597">
  <member type="way" ref="1374082294" role=""/>
  <member type="way" ref="1374082293" role=""/>
  <member type="way" ref="164169853" role=""/>
  <member type="way" ref="1374082294" role=""/>
  <member type="way" ref="639192922" role=""/>
  <member type="way" ref="1187562692" role=""/>
  <member type="way" ref="335945390" role=""/>
  <member type="way" ref="335945393" role=""/>
  <member type="way" ref="164170136" role=""/>
  <member type="way" ref="1154326887" role=""/>
  <member type="way" ref="326303131" role=""/>
  <member type="way" ref="1154326885" role=""/>
  <member type="way" ref="326305046" role=""/>
  <member type="way" ref="1154094061" role=""/>
  <member type="way" ref="1154094063" role=""/>
  <member type="way" ref="1468972674" role=""/>
  <member type="way" ref="27925355" role=""/>
  <member type="way" ref="27925381" role=""/>
  <member type="way" ref="436982809" role=""/>
  <member type="way" ref="284897770" role=""/>
  <member type="way" ref="313777625" role=""/>
  <member type="way" ref="1155808882" role=""/>
  <member type="way" ref="321341440" role=""/>
  <member type="way" ref="280209100" role=""/>
  <member type="way" ref="165216459" role=""/>
  <member type="way" ref="396093362" role=""/>
  <member type="way" ref="280234039" role=""/>
  <member type="way" ref="396093377" role=""/>
  <member type="way" ref="396095136" role=""/>
  <member type="way" ref="148627907" role=""/>
  <member type="way" ref="282054999" role=""/>
  <member type="way" ref="326831928" role=""/>
  <member type="way" ref="892759087" role=""/>
  <member type="way" ref="435499957" role=""/>
  <member type="way" ref="396101027" role=""/>
  <member type="way" ref="396099333" role=""/>
  <member type="way" ref="435505800" role=""/>
  <member type="way" ref="396099334" role=""/>
  <member type="way" ref="1154318546" role=""/>
  <member type="way" ref="396101745" role=""/>
  <member type="way" ref="396101749" role=""/>
  <member type="way" ref="1190086624" role=""/>
  <member type="way" ref="396101747" role=""/>
  <member type="way" ref="148627901" role=""/>
  <member type="way" ref="1227457596" role=""/>
  <member type="way" ref="892762238" role=""/>
  <member type="way" ref="279970564" role=""/>
  <member type="way" ref="148627905" role=""/>
  <member type="way" ref="336945371" role=""/>
  <member type="way" ref="420109506" role=""/>
  <member type="way" ref="892764250" role=""/>
  <member type="way" ref="1203400000" role=""/>
  <member type="way" ref="1203399998" role=""/>
  <member type="way" ref="892764249" role=""/>
  <member type="way" ref="280222795" role=""/>
  <member type="way" ref="435407206" role=""/>
  <member type="way" ref="1316162481" role=""/>
  <member type="way" ref="1227442312" role=""/>
  <member type="way" ref="892076146" role=""/>
  <member type="way" ref="892076145" role=""/>
  <member type="way" ref="148627902" role=""/>
  <member type="way" ref="435406619" role=""/>
  <member type="way" ref="321520553" role=""/>
  <member type="way" ref="1155066059" role=""/>
  <member type="way" ref="1225792959" role=""/>
  <member type="way" ref="329967316" role=""/>
  <member type="way" ref="329965021" role=""/>
  <member type="way" ref="25112947" role=""/>
  <member type="way" ref="279972854" role=""/>
  <member type="way" ref="279972856" role=""/>
  <member type="way" ref="326159289" role=""/>
  <member type="way" ref="348721288" role=""/>
  <member type="way" ref="279876634" role=""/>
  <member type="way" ref="100607711" role=""/>
  <member type="way" ref="328979848" role=""/>
  <member type="way" ref="321404230" role=""/>
  <member type="way" ref="1469947836" role=""/>
  <member type="way" ref="1341681635" role=""/>
  <member type="way" ref="279968413" role=""/>
  <member type="way" ref="1341681636" role=""/>
  <member type="way" ref="321389056" role=""/>
  <member type="way" ref="756339315" role=""/>
  <member type="way" ref="322026663" role=""/>
  <member type="way" ref="284908046" role=""/>
  <member type="way" ref="1341663037" role=""/>
  <member type="way" ref="327596054" role=""/>
  <member type="way" ref="1341663032" role=""/>
  <member type="way" ref="279895895" role=""/>
  <member type="way" ref="1183565147" role=""/>
  <member type="way" ref="325292464" role=""/>
  <member type="way" ref="279893861" role=""/>
  <member type="way" ref="280209102" role=""/>
  <member type="way" ref="280209106" role=""/>
  <member type="way" ref="279904189" role=""/>
  <member type="way" ref="1388067315" role=""/>
  <member type="way" ref="327596803" role=""/>
  <member type="way" ref="1388067316" role=""/>
  <member type="way" ref="1341972537" role=""/>
  <member type="way" ref="164105524" role=""/>
  <member type="way" ref="1341972536" role=""/>
  <member type="way" ref="279970558" role=""/>
  <member type="way" ref="338912984" role=""/>
  <member type="way" ref="1341971606" role=""/>
  <member type="way" ref="1341971605" role=""/>
  <member type="way" ref="324921984" role=""/>
  <member type="way" ref="1378824386" role=""/>
  <member type="way" ref="326547041" role=""/>
  <member type="way" ref="1378824383" role=""/>
  <member type="way" ref="295447295" role=""/>
  <member type="way" ref="368703725" role=""/>
  <member type="way" ref="368703724" role=""/>
  <member type="way" ref="4831397" role=""/>
  <member type="way" ref="322055996" role=""/>
  <member type="way" ref="1148352956" role=""/>
  <member type="way" ref="1148352952" role=""/>
  <member type="way" ref="1148352951" role=""/>
  <member type="way" ref="1148355629" role=""/>
  <member type="way" ref="314324602" role=""/>
  <member type="way" ref="336833677" role=""/>
  <member type="way" ref="1148355622" role=""/>
  <member type="way" ref="326258575" role=""/>
  <member type="way" ref="76560269" role=""/>
  <member type="way" ref="441100750" role=""/>
  <member type="way" ref="76554364" role=""/>
  <member type="way" ref="338408640" role=""/>
  <member type="way" ref="321054815" role=""/>
  <member type="way" ref="338936092" role=""/>
  <member type="way" ref="356684155" role=""/>
  <member type="way" ref="279652520" role=""/>
  <member type="way" ref="370644968" role=""/>
  <member type="way" ref="1333542272" role=""/>
  <member type="way" ref="1333542273" role=""/>
  <member type="way" ref="326259354" role=""/>
  <member type="way" ref="321054813" role=""/>
  <member type="way" ref="1343417565" role=""/>
  <member type="way" ref="1343417566" role=""/>
  <member type="way" ref="1343417571" role=""/>
  <member type="way" ref="1343417570" role=""/>
  <member type="way" ref="1483672742" role=""/>
  <member type="way" ref="28816187" role=""/>
  <member type="way" ref="1376018282" role=""/>
  <member type="way" ref="324602462" role=""/>
  <member type="way" ref="1376392732" role=""/>
  <member type="way" ref="1336510850" role=""/>
  <member type="way" ref="1174697439" role=""/>
  <member type="way" ref="1152250228" role=""/>
  <member type="way" ref="321054791" role=""/>
  <member type="way" ref="324626707" role=""/>
  <member type="way" ref="326609461" role=""/>
  <member type="way" ref="284909713" role=""/>
  <member type="way" ref="1337726831" role=""/>
  <member type="way" ref="54830141" role=""/>
  <member type="way" ref="1337726832" role=""/>
  <member type="way" ref="1153022291" role=""/>
  <member type="way" ref="313496034" role=""/>
  <member type="way" ref="1013422306" role=""/>
  <member type="way" ref="280225553" role=""/>
  <member type="way" ref="1521214162" role=""/>
  <member type="way" ref="335066197" role=""/>
  <member type="way" ref="1521214161" role=""/>
  <member type="way" ref="1155859547" role=""/>
  <member type="way" ref="1521214168" role=""/>
  <member type="way" ref="1521214167" role=""/>
  <member type="way" ref="324626795" role=""/>
  <member type="way" ref="1521214174" role=""/>
  <member type="way" ref="1341594076" role=""/>
  <member type="way" ref="1521214173" role=""/>
  <member type="way" ref="1155859545" role=""/>
  <member type="way" ref="1433615297" role=""/>
  <member type="way" ref="1021325945" role=""/>
  <member type="way" ref="1430758966" role=""/>
  <member type="way" ref="1433615296" role=""/>
  <member type="way" ref="1430758965" role=""/>
  <member type="way" ref="28815022" role=""/>
  <member type="way" ref="1149920900" role=""/>
  <member type="way" ref="1149920899" role=""/>
  <member type="way" ref="1011577692" role=""/>
  <member type="way" ref="1433615294" role=""/>
  <member type="way" ref="675314801" role=""/>
  <member type="way" ref="1433615295" role=""/>
  <member type="way" ref="1430758967" role=""/>
  <member type="way" ref="1430758968" role=""/>
  <member type="way" ref="39412871" role=""/>
  <member type="way" ref="1366731399" role=""/>
  <member type="way" ref="676415438" role=""/>
  <member type="way" ref="409655395" role=""/>
  <member type="way" ref="1185173775" role=""/>
  <member type="way" ref="1386320292" role=""/>
  <member type="way" ref="1386320291" role=""/>
  <member type="way" ref="391991198" role=""/>
  <member type="way" ref="360771086" role=""/>
  <member type="way" ref="1336633511" role=""/>
  <member type="way" ref="1188792101" role=""/>
  <member type="way" ref="1014180604" role=""/>
  <member type="way" ref="892750747" role=""/>
  <member type="way" ref="1336633513" role=""/>
  <member type="way" ref="435546426" role=""/>
  <member type="way" ref="413978494" role=""/>
  <member type="way" ref="437395772" role=""/>
  <member type="way" ref="437395773" role=""/>
  <member type="way" ref="320759103" role=""/>
  <member type="way" ref="892825912" role=""/>
  <member type="way" ref="892827160" role=""/>
  <member type="way" ref="782827663" role=""/>
  <member type="way" ref="1148673032" role=""/>
  <member type="way" ref="1183838108" role=""/>
  <member type="way" ref="435842132" role=""/>
  <member type="way" ref="1335089369" role=""/>
  <member type="way" ref="1129480984" role=""/>
  <member type="way" ref="1148678981" role=""/>
  <member type="way" ref="1322433119" role=""/>
  <member type="way" ref="344078901" role=""/>
  <member type="way" ref="1148678979" role=""/>
  <member type="way" ref="1148678977" role=""/>
  <member type="way" ref="335749109" role=""/>
  <member type="way" ref="1148678976" role=""/>
  <member type="way" ref="784296857" role=""/>
  <member type="way" ref="784296858" role=""/>
  <member type="way" ref="406043111" role=""/>
  <member type="way" ref="1152311682" role=""/>
  <member type="way" ref="1152311680" role=""/>
  <member type="way" ref="1023395810" role=""/>
  <member type="way" ref="511802061" role=""/>
  <member type="way" ref="406007416" role=""/>
  <member type="way" ref="653820833" role=""/>
  <member type="way" ref="406007411" role=""/>
  <member type="way" ref="406007422" role=""/>
  <member type="way" ref="406008845" role=""/>
  <member type="way" ref="1310962224" role=""/>
  <member type="way" ref="670521714" role=""/>
  <member type="way" ref="39441948" role=""/>
  <member type="way" ref="437191067" role=""/>
  <member type="way" ref="437191070" role=""/>
  <member type="way" ref="1312216914" role=""/>
  <member type="way" ref="1312216913" role=""/>
  <member type="way" ref="24315836" role=""/>
  <member type="way" ref="893031440" role=""/>
  <member type="way" ref="1305172758" role=""/>
  <member type="way" ref="1152777183" role=""/>
  <member type="way" ref="1189323941" role=""/>
  <member type="way" ref="1321519945" role=""/>
  <member type="way" ref="285061727" role=""/>
  <member type="way" ref="893031440" role=""/>
  <member type="way" ref="893031439" role=""/>
  <member type="way" ref="314356553" role=""/>
  <member type="way" ref="11986778" role=""/>
  <member type="way" ref="1230462975" role=""/>
  <member type="way" ref="511800020" role=""/>
  <member type="way" ref="11987159" role=""/>
  <member type="way" ref="893031439" role=""/>
  <member type="way" ref="1305172758" role=""/>
  <member type="way" ref="1152777183" role=""/>
  <member type="way" ref="1189323941" role=""/>
  <member type="way" ref="1321519945" role=""/>
  <member type="way" ref="285061727" role=""/>
  <member type="way" ref="24315806" role=""/>
  <member type="way" ref="24315805" role=""/>
  <member type="way" ref="38946019" role=""/>
  <member type="way" ref="279893868" role=""/>
  <member type="way" ref="1185672786" role=""/>
  <member type="way" ref="1343543514" role=""/>
  <member type="way" ref="326165110" role=""/>
  <member type="way" ref="1301140119" role=""/>
  <member type="way" ref="437346933" role=""/>
  <member type="way" ref="1151017528" role=""/>
  <member type="way" ref="1151017529" role=""/>
  <member type="way" ref="892442184" role=""/>
  <member type="way" ref="315557555" role=""/>
  <member type="way" ref="1516697392" role=""/>
  <member type="way" ref="1516697391" role=""/>
  <member type="way" ref="479364429" role=""/>
  <member type="way" ref="404262414" role=""/>
  <member type="way" ref="38946018" role=""/>
  <member type="way" ref="479359774" role=""/>
  <member type="way" ref="479366257" role=""/>
  <member type="way" ref="452934592" role=""/>
  <member type="way" ref="479366260" role=""/>
  <member type="way" ref="512633611" role=""/>
  <member type="way" ref="315557535" role=""/>
  <member type="way" ref="828320818" role=""/>
  <member type="way" ref="494221380" role=""/>
  <member type="way" ref="761070558" role=""/>
  <member type="way" ref="447232281" role=""/>
  <member type="way" ref="314744219" role=""/>
  <member type="way" ref="1096332281" role=""/>
  <member type="way" ref="166531007" role=""/>
  <member type="way" ref="892110496" role=""/>
  <member type="way" ref="429899693" role=""/>
  <member type="way" ref="1188006285" role=""/>
  <member type="way" ref="1151987313" role=""/>
  <tag k="name" v="X-IO30B_I"/>
  <tag k="ref" v="X-IO30B_I"/>
  <tag k="route" v="bus"/>
  <tag k="type" v="route"/>
 </relation>
 <relation id="4649589" visible="true" version="276" changeset="183328340" timestamp="2026-05-29T00:07:54Z" user="JSR1781" uid="20049066">
  <member type="node" ref="4384632874" role="platform"/>
  <member type="node" ref="9356722987" role="stop"/>
  <member type="way" ref="310643395" role=""/>
  <member type="way" ref="512351900" role=""/>
  <member type="way" ref="594364879" role=""/>
  <member type="way" ref="331405390" role=""/>
  <member type="way" ref="363086046" role=""/>
  <member type="way" ref="762108006" role=""/>
  <member type="way" ref="285063042" role=""/>
  <member type="way" ref="310643391" role=""/>
  <member type="way" ref="1014180612" role=""/>
  <member type="way" ref="1014180611" role=""/>
  <member type="way" ref="1152444690" role=""/>
  <member type="way" ref="1230462983" role=""/>
  <member type="way" ref="1152555556" role=""/>
  <member type="way" ref="1338315113" role=""/>
  <member type="way" ref="149076912" role=""/>
  <member type="way" ref="24316073" role=""/>
  <member type="way" ref="588176002" role=""/>
  <member type="way" ref="342112931" role=""/>
  <member type="way" ref="1014180609" role=""/>
  <member type="way" ref="243364008" role=""/>
  <member type="way" ref="653645246" role=""/>
  <member type="way" ref="653651476" role=""/>
  <member type="way" ref="653650083" role=""/>
  <member type="way" ref="653645243" role=""/>
  <member type="way" ref="435836266" role=""/>
  <member type="way" ref="435836627" role=""/>
  <member type="way" ref="653645245" role=""/>
  <member type="way" ref="653645244" role=""/>
  <member type="way" ref="435836626" role=""/>
  <member type="way" ref="243364007" role=""/>
  <member type="way" ref="653650078" role=""/>
  <member type="way" ref="1014180610" role=""/>
  <member type="way" ref="38748577" role=""/>
  <member type="way" ref="14386828" role=""/>
  <member type="way" ref="893110836" role=""/>
  <member type="way" ref="305615729" role=""/>
  <member type="way" ref="1338100238" role=""/>
  <member type="way" ref="435371888" role=""/>
  <member type="way" ref="435371892" role=""/>
  <member type="way" ref="435371894" role=""/>
  <member type="way" ref="642946063" role=""/>
  <member type="way" ref="11981788" role=""/>
  <member type="way" ref="435380107" role=""/>
  <member type="way" ref="1152284565" role=""/>
  <member type="way" ref="435380100" role=""/>
  <member type="way" ref="435380105" role=""/>
  <member type="way" ref="129466113" role=""/>
  <member type="way" ref="406008844" role=""/>
  <member type="way" ref="279893875" role=""/>
  <member type="way" ref="569493965" role=""/>
  <member type="way" ref="314356553" role=""/>
  <member type="way" ref="11986321" role=""/>
  <member type="way" ref="1189079826" role=""/>
  <member type="way" ref="1023395811" role=""/>
  <member type="way" ref="1023046255" role=""/>
  <member type="way" ref="892945206" role=""/>
  <member type="way" ref="892945205" role=""/>
  <member type="way" ref="1148659495" role=""/>
  <member type="way" ref="1148659494" role=""/>
  <member type="way" ref="435555979" role=""/>
  <member type="way" ref="290085067" role=""/>
  <member type="way" ref="288578415" role=""/>
  <member type="way" ref="435204001" role=""/>
  <member type="way" ref="782827662" role=""/>
  <member type="way" ref="316995819" role=""/>
  <member type="way" ref="892827159" role=""/>
  <member type="way" ref="892827158" role=""/>
  <member type="way" ref="46227648" role=""/>
  <member type="way" ref="437395774" role=""/>
  <member type="way" ref="437395775" role=""/>
  <member type="way" ref="326231401" role=""/>
  <member type="way" ref="435546424" role=""/>
  <member type="way" ref="892750746" role=""/>
  <member type="way" ref="344084913" role=""/>
  <member type="way" ref="1336633514" role=""/>
  <member type="way" ref="961143480" role=""/>
  <member type="way" ref="324601502" role=""/>
  <member type="way" ref="1228095127" role=""/>
  <member type="way" ref="1066621223" role=""/>
  <member type="way" ref="1336561796" role=""/>
  <member type="way" ref="1336561799" role=""/>
  <member type="way" ref="321564009" role=""/>
  <member type="way" ref="1343489463" role=""/>
  <member type="way" ref="435511313" role=""/>
  <member type="way" ref="1366731393" role=""/>
  <member type="way" ref="319508371" role=""/>
  <member type="way" ref="1366731394" role=""/>
  <member type="way" ref="316049113" role=""/>
  <member type="way" ref="24307193" role=""/>
  <member type="way" ref="24307162" role=""/>
  <member type="way" ref="331465992" role=""/>
  <member type="way" ref="763980989" role=""/>
  <member type="way" ref="334517542" role=""/>
  <member type="way" ref="319508368" role=""/>
  <member type="way" ref="1445729586" role=""/>
  <member type="way" ref="321393962" role=""/>
  <member type="way" ref="1150206122" role=""/>
  <member type="way" ref="1150206121" role=""/>
  <member type="way" ref="28815142" role=""/>
  <member type="way" ref="1190103231" role=""/>
  <member type="way" ref="1149974864" role=""/>
  <member type="way" ref="1149974861" role=""/>
  <member type="way" ref="326821639" role=""/>
  <member type="way" ref="1018156626" role=""/>
  <member type="way" ref="1336893095" role=""/>
  <member type="way" ref="1336893094" role=""/>
  <member type="way" ref="1018156622" role=""/>
  <member type="way" ref="320249071" role=""/>
  <member type="way" ref="1367411590" role=""/>
  <member type="way" ref="1367411589" role=""/>
  <member type="way" ref="435827517" role=""/>
  <member type="way" ref="1470387418" role=""/>
  <member type="way" ref="1363206572" role=""/>
  <member type="way" ref="1470387419" role=""/>
  <member type="way" ref="320249074" role=""/>
  <member type="way" ref="1363206571" role=""/>
  <member type="way" ref="892588927" role=""/>
  <member type="way" ref="331401810" role=""/>
  <member type="way" ref="1343516218" role=""/>
  <member type="way" ref="1182611690" role=""/>
  <member type="way" ref="1364656380" role=""/>
  <member type="way" ref="295445098" role=""/>
  <member type="way" ref="435326244" role=""/>
  <member type="way" ref="1364656378" role=""/>
  <member type="way" ref="1364656377" role=""/>
  <member type="way" ref="1333249971" role=""/>
  <member type="way" ref="1364656376" role=""/>
  <member type="way" ref="321564142" role=""/>
  <member type="way" ref="1364656379" role=""/>
  <member type="way" ref="948875438" role=""/>
  <member type="way" ref="408906848" role=""/>
  <member type="way" ref="44111793" role=""/>
  <member type="way" ref="1365663082" role=""/>
  <member type="way" ref="1365663083" role=""/>
  <member type="way" ref="295449942" role=""/>
  <member type="way" ref="327297727" role=""/>
  <member type="way" ref="357534961" role=""/>
  <member type="way" ref="1005606908" role=""/>
  <member type="way" ref="1365663084" role=""/>
  <member type="way" ref="1365663085" role=""/>
  <member type="way" ref="1365663086" role=""/>
  <member type="way" ref="1469818660" role=""/>
  <member type="way" ref="1469818657" role=""/>
  <member type="way" ref="324545261" role=""/>
  <member type="way" ref="4832984" role=""/>
  <member type="way" ref="660254542" role=""/>
  <member type="way" ref="1013544309" role=""/>
  <member type="way" ref="1427573354" role=""/>
  <member type="way" ref="1427564267" role=""/>
  <member type="way" ref="1427564268" role=""/>
  <member type="way" ref="1427573353" role=""/>
  <member type="way" ref="529387801" role=""/>
  <member type="way" ref="660254538" role=""/>
  <member type="way" ref="397012816" role=""/>
  <member type="way" ref="321401262" role=""/>
  <member type="way" ref="324542711" role=""/>
  <member type="way" ref="1154546062" role=""/>
  <member type="way" ref="326594996" role=""/>
  <member type="way" ref="314363405" role=""/>
  <member type="way" ref="1468972683" role=""/>
  <member type="way" ref="320284406" role=""/>
  <member type="way" ref="320249065" role=""/>
  <member type="way" ref="327616622" role=""/>
  <member type="way" ref="326565329" role=""/>
  <member type="way" ref="121372229" role=""/>
  <member type="way" ref="326565241" role=""/>
  <member type="way" ref="439611641" role=""/>
  <member type="way" ref="330268027" role=""/>
  <member type="way" ref="1342050840" role=""/>
  <member type="way" ref="1228093934" role=""/>
  <member type="way" ref="333867667" role=""/>
  <member type="way" ref="1228093933" role=""/>
  <member type="way" ref="338506492" role=""/>
  <member type="way" ref="1342050849" role=""/>
  <member type="way" ref="320236656" role=""/>
  <member type="way" ref="1423866281" role=""/>
  <member type="way" ref="397721432" role=""/>
  <member type="way" ref="397721436" role=""/>
  <member type="way" ref="397721434" role=""/>
  <member type="way" ref="333867700" role=""/>
  <member type="way" ref="1453221544" role=""/>
  <member type="way" ref="331398229" role=""/>
  <member type="way" ref="1524221180" role=""/>
  <member type="way" ref="1524221181" role=""/>
  <member type="way" ref="397721438" role=""/>
  <member type="way" ref="1342039770" role=""/>
  <member type="way" ref="1433615304" role=""/>
  <member type="way" ref="1227634355" role=""/>
  <member type="way" ref="1342039775" role=""/>
  <member type="way" ref="315362428" role=""/>
  <member type="way" ref="343431646" role=""/>
  <member type="way" ref="284925421" role=""/>
  <member type="way" ref="324543011" role=""/>
  <member type="way" ref="320236657" role=""/>
  <member type="way" ref="330083241" role=""/>
  <member type="way" ref="699950468" role=""/>
  <member type="way" ref="1457937190" role=""/>
  <member type="way" ref="699950469" role=""/>
  <member type="way" ref="324540055" role=""/>
  <member type="way" ref="1458167893" role=""/>
  <member type="way" ref="357556683" role=""/>
  <member type="way" ref="278964755" role=""/>
  <member type="way" ref="359412140" role=""/>
  <member type="way" ref="359412139" role=""/>
  <member type="way" ref="359412138" role=""/>
  <member type="way" ref="1164250639" role=""/>
  <member type="way" ref="1469023768" role=""/>
  <member type="way" ref="1164250633" role=""/>
  <member type="way" ref="333852171" role=""/>
  <member type="way" ref="1164250635" role=""/>
  <member type="way" ref="295313063" role=""/>
  <member type="way" ref="1164250631" role=""/>
  <member type="way" ref="435190886" role=""/>
  <member type="way" ref="321072378" role=""/>
  <member type="way" ref="435198447" role=""/>
  <member type="way" ref="1046527842" role=""/>
  <member type="way" ref="388723611" role=""/>
  <member type="way" ref="1164250616" role=""/>
  <member type="way" ref="326389494" role=""/>
  <member type="way" ref="314514135" role=""/>
  <member type="way" ref="326401815" role=""/>
  <member type="way" ref="330497776" role=""/>
  <member type="way" ref="323672219" role=""/>
  <member type="way" ref="285044648" role=""/>
  <member type="way" ref="123992453" role=""/>
  <member type="way" ref="428484775" role=""/>
  <member type="way" ref="124009411" role=""/>
  <member type="way" ref="325316001" role=""/>
  <member type="way" ref="321404235" role=""/>
  <member type="way" ref="330499026" role=""/>
  <member type="way" ref="124009412" role=""/>
  <member type="way" ref="330500257" role=""/>
  <member type="way" ref="331398473" role=""/>
  <member type="way" ref="111929076" role=""/>
  <member type="way" ref="321404239" role=""/>
  <member type="way" ref="321404231" role=""/>
  <member type="way" ref="321567051" role=""/>
  <tag k="name" v="X-NM28_I"/>
  <tag k="public_transport:version" v="2"/>
  <tag k="ref" v="X-NM28_I"/>
  <tag k="route" v="bus"/>
  <tag k="type" v="route"/>
 </relation>
 <relation id="4649726" visible="true" version="325" changeset="178385917" timestamp="2026-02-11T03:03:52Z" user="JSR1781" uid="20049066">
  <member type="way" ref="438487689" role=""/>
  <member type="way" ref="438942692" role=""/>
  <member type="way" ref="157909964" role=""/>
  <member type="way" ref="758559051" role=""/>
  <member type="way" ref="333877948" role=""/>
  <member type="way" ref="157911257" role=""/>
  <member type="way" ref="758562499" role=""/>
  <member type="way" ref="438942691" role=""/>
  <member type="way" ref="434824347" role=""/>
  <member type="way" ref="337685852" role=""/>
  <member type="way" ref="330976265" role=""/>
  <member type="way" ref="316901482" role=""/>
  <member type="way" ref="428504994" role=""/>
  <member type="way" ref="1150542283" role=""/>
  <member type="way" ref="285112726" role=""/>
  <member type="way" ref="1450175527" role=""/>
  <member type="way" ref="1450175528" role=""/>
  <member type="way" ref="1182162399" role=""/>
  <member type="way" ref="1066622384" role=""/>
  <member type="way" ref="512074589" role=""/>
  <member type="way" ref="512074590" role=""/>
  <member type="way" ref="512074587" role=""/>
  <member type="way" ref="512074588" role=""/>
  <member type="way" ref="279060378" role=""/>
  <member type="way" ref="1148304563" role=""/>
  <member type="way" ref="279060377" role=""/>
  <member type="way" ref="330976597" role=""/>
  <member type="way" ref="285112745" role=""/>
  <member type="way" ref="759036940" role=""/>
  <member type="way" ref="285070762" role=""/>
  <member type="way" ref="892759001" role=""/>
  <member type="way" ref="363076965" role=""/>
  <member type="way" ref="892961071" role=""/>
  <member type="way" ref="892961074" role=""/>
  <member type="way" ref="892961073" role=""/>
  <member type="way" ref="892900971" role=""/>
  <member type="way" ref="892900972" role=""/>
  <member type="way" ref="285070761" role=""/>
  <member type="way" ref="342664186" role=""/>
  <member type="way" ref="346087290" role=""/>
  <member type="way" ref="370644971" role=""/>
  <member type="way" ref="436567419" role=""/>
  <member type="way" ref="440419245" role=""/>
  <member type="way" ref="1069299989" role=""/>
  <member type="way" ref="149076906" role=""/>
  <member type="way" ref="149076909" role=""/>
  <member type="way" ref="149076900" role=""/>
  <member type="way" ref="149076883" role=""/>
  <member type="way" ref="149077754" role=""/>
  <member type="way" ref="149077752" role=""/>
  <member type="way" ref="149077755" role=""/>
  <member type="way" ref="1330094439" role=""/>
  <member type="way" ref="149077753" role=""/>
  <member type="way" ref="28798247" role=""/>
  <member type="way" ref="149076899" role=""/>
  <member type="way" ref="149076892" role=""/>
  <member type="way" ref="437652653" role=""/>
  <member type="way" ref="1230462984" role=""/>
  <member type="way" ref="1152555557" role=""/>
  <member type="way" ref="1152444691" role=""/>
  <member type="way" ref="28798245" role=""/>
  <member type="way" ref="1017216290" role=""/>
  <member type="way" ref="24316078" role=""/>
  <member type="way" ref="331465460" role=""/>
  <member type="way" ref="38748577" role=""/>
  <member type="way" ref="14386828" role=""/>
  <member type="way" ref="893110836" role=""/>
  <member type="way" ref="305615729" role=""/>
  <member type="way" ref="1338100238" role=""/>
  <member type="way" ref="435371888" role=""/>
  <member type="way" ref="435371892" role=""/>
  <member type="way" ref="435371894" role=""/>
  <member type="way" ref="642946063" role=""/>
  <member type="way" ref="11981788" role=""/>
  <member type="way" ref="435380107" role=""/>
  <member type="way" ref="1152284565" role=""/>
  <member type="way" ref="435380100" role=""/>
  <member type="way" ref="435380105" role=""/>
  <member type="way" ref="129466113" role=""/>
  <member type="way" ref="406008844" role=""/>
  <member type="way" ref="279893875" role=""/>
  <member type="way" ref="569493965" role=""/>
  <member type="way" ref="314356553" role=""/>
  <member type="way" ref="11986321" role=""/>
  <member type="way" ref="1189079826" role=""/>
  <member type="way" ref="1023395811" role=""/>
  <member type="way" ref="1023046255" role=""/>
  <member type="way" ref="892945206" role=""/>
  <member type="way" ref="892945205" role=""/>
  <member type="way" ref="1148659495" role=""/>
  <member type="way" ref="1148659494" role=""/>
  <member type="way" ref="435555979" role=""/>
  <member type="way" ref="290085067" role=""/>
  <member type="way" ref="288578415" role=""/>
  <member type="way" ref="435204001" role=""/>
  <member type="way" ref="782827662" role=""/>
  <member type="way" ref="316995819" role=""/>
  <member type="way" ref="892827159" role=""/>
  <member type="way" ref="892827158" role=""/>
  <member type="way" ref="46227648" role=""/>
  <member type="way" ref="437395774" role=""/>
  <member type="way" ref="437395775" role=""/>
  <member type="way" ref="326231401" role=""/>
  <member type="way" ref="435546424" role=""/>
  <member type="way" ref="892750746" role=""/>
  <member type="way" ref="344084913" role=""/>
  <member type="way" ref="1336633514" role=""/>
  <member type="way" ref="1228095127" role=""/>
  <member type="way" ref="324601502" role=""/>
  <member type="way" ref="961143480" role=""/>
  <member type="way" ref="892417536" role=""/>
  <member type="way" ref="892417537" role=""/>
  <member type="way" ref="1183597823" role=""/>
  <member type="way" ref="409655415" role=""/>
  <member type="way" ref="324606622" role=""/>
  <member type="way" ref="1366731398" role=""/>
  <member type="way" ref="1364656389" role=""/>
  <member type="way" ref="1366731389" role=""/>
  <member type="way" ref="1386320290" role=""/>
  <member type="way" ref="1366731390" role=""/>
  <member type="way" ref="331402537" role=""/>
  <member type="way" ref="1386316471" role=""/>
  <member type="way" ref="1183888930" role=""/>
  <member type="way" ref="28815024" role=""/>
  <member type="way" ref="1433615294" role=""/>
  <member type="way" ref="675314801" role=""/>
  <member type="way" ref="1433615295" role=""/>
  <member type="way" ref="1430758967" role=""/>
  <member type="way" ref="1430758968" role=""/>
  <member type="way" ref="42312595" role=""/>
  <member type="way" ref="1149920894" role=""/>
  <member type="way" ref="1149920895" role=""/>
  <member type="way" ref="338761663" role=""/>
  <member type="way" ref="409655433" role=""/>
  <member type="way" ref="279627971" role=""/>
  <member type="way" ref="24307433" role=""/>
  <member type="way" ref="331465936" role=""/>
  <member type="way" ref="338017832" role=""/>
  <member type="way" ref="338017833" role=""/>
  <member type="way" ref="331465992" role=""/>
  <member type="way" ref="763980989" role=""/>
  <member type="way" ref="334517542" role=""/>
  <member type="way" ref="319508368" role=""/>
  <member type="way" ref="1445729586" role=""/>
  <member type="way" ref="321393962" role=""/>
  <member type="way" ref="1150206122" role=""/>
  <member type="way" ref="1150206121" role=""/>
  <member type="way" ref="28815142" role=""/>
  <member type="way" ref="1190103231" role=""/>
  <member type="way" ref="1149974864" role=""/>
  <member type="way" ref="1149974861" role=""/>
  <member type="way" ref="326821639" role=""/>
  <member type="way" ref="1018156626" role=""/>
  <member type="way" ref="1336893095" role=""/>
  <member type="way" ref="1336893094" role=""/>
  <member type="way" ref="1018156622" role=""/>
  <member type="way" ref="320249071" role=""/>
  <member type="way" ref="1367411590" role=""/>
  <member type="way" ref="1367411589" role=""/>
  <member type="way" ref="435827517" role=""/>
  <member type="way" ref="1470387418" role=""/>
  <member type="way" ref="1363206572" role=""/>
  <member type="way" ref="1470387419" role=""/>
  <member type="way" ref="320249074" role=""/>
  <member type="way" ref="1363206571" role=""/>
  <member type="way" ref="892588927" role=""/>
  <member type="way" ref="331401810" role=""/>
  <member type="way" ref="1343516218" role=""/>
  <member type="way" ref="1182611690" role=""/>
  <member type="way" ref="1364656380" role=""/>
  <member type="way" ref="295445098" role=""/>
  <member type="way" ref="435326244" role=""/>
  <member type="way" ref="1364656378" role=""/>
  <member type="way" ref="1364656377" role=""/>
  <member type="way" ref="1333249971" role=""/>
  <member type="way" ref="1364656376" role=""/>
  <member type="way" ref="321564142" role=""/>
  <member type="way" ref="1364656379" role=""/>
  <member type="way" ref="948875438" role=""/>
  <member type="way" ref="408906848" role=""/>
  <member type="way" ref="44111793" role=""/>
  <member type="way" ref="1365663082" role=""/>
  <member type="way" ref="1365663083" role=""/>
  <member type="way" ref="295449942" role=""/>
  <member type="way" ref="327297727" role=""/>
  <member type="way" ref="357534961" role=""/>
  <member type="way" ref="1005606908" role=""/>
  <member type="way" ref="1365663084" role=""/>
  <member type="way" ref="1365663085" role=""/>
  <member type="way" ref="1365663086" role=""/>
  <member type="way" ref="1469818660" role=""/>
  <member type="way" ref="1469818657" role=""/>
  <member type="way" ref="324545261" role=""/>
  <member type="way" ref="4832984" role=""/>
  <member type="way" ref="660254542" role=""/>
  <member type="way" ref="1013544309" role=""/>
  <member type="way" ref="1427573354" role=""/>
  <member type="way" ref="1427564267" role=""/>
  <member type="way" ref="1427564268" role=""/>
  <member type="way" ref="1427573353" role=""/>
  <member type="way" ref="529387801" role=""/>
  <member type="way" ref="660254538" role=""/>
  <member type="way" ref="397012816" role=""/>
  <member type="way" ref="321401262" role=""/>
  <member type="way" ref="324542711" role=""/>
  <member type="way" ref="1154546062" role=""/>
  <member type="way" ref="326594996" role=""/>
  <member type="way" ref="314363405" role=""/>
  <member type="way" ref="1468972683" role=""/>
  <member type="way" ref="320284406" role=""/>
  <member type="way" ref="320249044" role=""/>
  <member type="way" ref="363109204" role=""/>
  <member type="way" ref="363109210" role=""/>
  <member type="way" ref="1344491110" role=""/>
  <member type="way" ref="1344491109" role=""/>
  <member type="way" ref="320249054" role=""/>
  <member type="way" ref="1155858094" role=""/>
  <member type="way" ref="1470120099" role=""/>
  <member type="way" ref="1469332697" role=""/>
  <member type="way" ref="1469332695" role=""/>
  <member type="way" ref="1469332696" role=""/>
  <member type="way" ref="1469332698" role=""/>
  <member type="way" ref="1054310224" role=""/>
  <member type="way" ref="229815308" role=""/>
  <member type="way" ref="285028827" role=""/>
  <member type="way" ref="1026460797" role=""/>
  <member type="way" ref="1026460796" role=""/>
  <member type="way" ref="123834297" role=""/>
  <member type="way" ref="285028837" role=""/>
  <member type="way" ref="1468972686" role=""/>
  <member type="way" ref="1476350221" role=""/>
  <member type="way" ref="1026563755" role=""/>
  <member type="way" ref="1468972687" role=""/>
  <member type="way" ref="1468972688" role=""/>
  <member type="way" ref="1469332701" role=""/>
  <member type="way" ref="1468972685" role=""/>
  <member type="way" ref="1469332700" role=""/>
  <member type="way" ref="123834276" role=""/>
  <member type="way" ref="279652529" role=""/>
  <member type="way" ref="285023861" role=""/>
  <member type="way" ref="331560045" role=""/>
  <member type="way" ref="285023855" role=""/>
  <member type="way" ref="324552238" role=""/>
  <member type="way" ref="285023866" role=""/>
  <member type="way" ref="1001845809" role=""/>
  <member type="way" ref="1001845804" role=""/>
  <member type="way" ref="1199628362" role=""/>
  <member type="way" ref="326556574" role=""/>
  <member type="way" ref="337426082" role=""/>
  <member type="way" ref="330541533" role=""/>
  <member type="way" ref="321058376" role=""/>
  <member type="way" ref="449776615" role=""/>
  <member type="way" ref="176513333" role=""/>
  <member type="way" ref="331466360" role=""/>
  <member type="way" ref="439818606" role=""/>
  <member type="way" ref="239202085" role=""/>
  <member type="way" ref="435215695" role=""/>
  <member type="way" ref="437900892" role=""/>
  <member type="way" ref="435216271" role=""/>
  <member type="way" ref="758559052" role=""/>
  <member type="way" ref="279115821" role=""/>
  <member type="way" ref="758562495" role=""/>
  <member type="way" ref="111912391" role=""/>
  <member type="way" ref="337222939" role=""/>
  <member type="way" ref="435214770" role=""/>
  <member type="way" ref="602224284" role=""/>
  <member type="way" ref="331465186" role=""/>
  <tag k="name" v="X-NM29_I"/>
  <tag k="ref" v="X-NM29_I"/>
  <tag k="route" v="bus"/>
  <tag k="type" v="route"/>
 </relation>
 <relation id="4734570" visible="true" version="208" changeset="183141511" timestamp="2026-05-25T07:51:04Z" user="RahadRiver" uid="23310597">
  <member type="way" ref="278964751" role=""/>
  <member type="way" ref="326622312" role=""/>
  <member type="way" ref="892778592" role=""/>
  <member type="way" ref="342631751" role=""/>
  <member type="way" ref="334912453" role=""/>
  <member type="way" ref="1343553749" role=""/>
  <member type="way" ref="1227660636" role=""/>
  <member type="way" ref="279876652" role=""/>
  <member type="way" ref="1026259623" role=""/>
  <member type="way" ref="115610950" role=""/>
  <member type="way" ref="1433662764" role=""/>
  <member type="way" ref="1441546156" role=""/>
  <member type="way" ref="1359726838" role=""/>
  <member type="way" ref="267865103" role=""/>
  <member type="way" ref="1359726839" role=""/>
  <member type="way" ref="1026558986" role=""/>
  <member type="way" ref="1359726837" role=""/>
  <member type="way" ref="333866211" role=""/>
  <member type="way" ref="267839897" role=""/>
  <member type="way" ref="1227668243" role=""/>
  <member type="way" ref="331575213" role=""/>
  <member type="way" ref="331575265" role=""/>
  <member type="way" ref="327595605" role=""/>
  <member type="way" ref="327595504" role=""/>
  <member type="way" ref="25114001" role=""/>
  <member type="way" ref="756339315" role=""/>
  <member type="way" ref="322026663" role=""/>
  <member type="way" ref="284908046" role=""/>
  <member type="way" ref="1341663037" role=""/>
  <member type="way" ref="327596054" role=""/>
  <member type="way" ref="1341663032" role=""/>
  <member type="way" ref="279895895" role=""/>
  <member type="way" ref="1183565147" role=""/>
  <member type="way" ref="325292464" role=""/>
  <member type="way" ref="279893861" role=""/>
  <member type="way" ref="280209102" role=""/>
  <member type="way" ref="280209106" role=""/>
  <member type="way" ref="279904189" role=""/>
  <member type="way" ref="1388067315" role=""/>
  <member type="way" ref="327596803" role=""/>
  <member type="way" ref="1388067316" role=""/>
  <member type="way" ref="1341972537" role=""/>
  <member type="way" ref="164105524" role=""/>
  <member type="way" ref="1341972536" role=""/>
  <member type="way" ref="279970558" role=""/>
  <member type="way" ref="338912984" role=""/>
  <member type="way" ref="1341971606" role=""/>
  <member type="way" ref="1341971605" role=""/>
  <member type="way" ref="324921984" role=""/>
  <member type="way" ref="1378824386" role=""/>
  <member type="way" ref="326547041" role=""/>
  <member type="way" ref="1378824383" role=""/>
  <member type="way" ref="295447295" role=""/>
  <member type="way" ref="368703725" role=""/>
  <member type="way" ref="368703724" role=""/>
  <member type="way" ref="4831397" role=""/>
  <member type="way" ref="322055996" role=""/>
  <member type="way" ref="1148352956" role=""/>
  <member type="way" ref="1148352952" role=""/>
  <member type="way" ref="1148352951" role=""/>
  <member type="way" ref="1148355629" role=""/>
  <member type="way" ref="314324602" role=""/>
  <member type="way" ref="336833677" role=""/>
  <member type="way" ref="1148355622" role=""/>
  <member type="way" ref="326258575" role=""/>
  <member type="way" ref="76560269" role=""/>
  <member type="way" ref="441100750" role=""/>
  <member type="way" ref="76554364" role=""/>
  <member type="way" ref="338408640" role=""/>
  <member type="way" ref="321054815" role=""/>
  <member type="way" ref="338936092" role=""/>
  <member type="way" ref="356684155" role=""/>
  <member type="way" ref="279652520" role=""/>
  <member type="way" ref="370644968" role=""/>
  <member type="way" ref="1333542272" role=""/>
  <member type="way" ref="1333542273" role=""/>
  <member type="way" ref="326259354" role=""/>
  <member type="way" ref="321054813" role=""/>
  <member type="way" ref="1343417565" role=""/>
  <member type="way" ref="1343417566" role=""/>
  <member type="way" ref="1343417571" role=""/>
  <member type="way" ref="1343417570" role=""/>
  <member type="way" ref="1483672742" role=""/>
  <member type="way" ref="28816187" role=""/>
  <member type="way" ref="1376018282" role=""/>
  <member type="way" ref="324602462" role=""/>
  <member type="way" ref="1376392732" role=""/>
  <member type="way" ref="1336510850" role=""/>
  <member type="way" ref="1174697439" role=""/>
  <member type="way" ref="1152250228" role=""/>
  <member type="way" ref="321054791" role=""/>
  <member type="way" ref="324626707" role=""/>
  <member type="way" ref="326609461" role=""/>
  <member type="way" ref="284909713" role=""/>
  <member type="way" ref="1337726831" role=""/>
  <member type="way" ref="54830141" role=""/>
  <member type="way" ref="1337726832" role=""/>
  <member type="way" ref="1153022291" role=""/>
  <member type="way" ref="313496034" role=""/>
  <member type="way" ref="1013422306" role=""/>
  <member type="way" ref="280225553" role=""/>
  <member type="way" ref="1521214162" role=""/>
  <member type="way" ref="335066197" role=""/>
  <member type="way" ref="1521214161" role=""/>
  <member type="way" ref="1155859547" role=""/>
  <member type="way" ref="1521214168" role=""/>
  <member type="way" ref="1521214167" role=""/>
  <member type="way" ref="324626795" role=""/>
  <member type="way" ref="1521214174" role=""/>
  <member type="way" ref="1341594076" role=""/>
  <member type="way" ref="1521214173" role=""/>
  <member type="way" ref="1155859545" role=""/>
  <member type="way" ref="1433615297" role=""/>
  <member type="way" ref="1021325945" role=""/>
  <member type="way" ref="1430758966" role=""/>
  <member type="way" ref="1433615296" role=""/>
  <member type="way" ref="1430758965" role=""/>
  <member type="way" ref="28815022" role=""/>
  <member type="way" ref="1149920900" role=""/>
  <member type="way" ref="1149920899" role=""/>
  <member type="way" ref="1011577692" role=""/>
  <member type="way" ref="1433615294" role=""/>
  <member type="way" ref="675314801" role=""/>
  <member type="way" ref="1433615295" role=""/>
  <member type="way" ref="1430758967" role=""/>
  <member type="way" ref="1430758968" role=""/>
  <member type="way" ref="39412871" role=""/>
  <member type="way" ref="1366731399" role=""/>
  <member type="way" ref="676415438" role=""/>
  <member type="way" ref="409655395" role=""/>
  <member type="way" ref="1185173775" role=""/>
  <member type="way" ref="1386320292" role=""/>
  <member type="way" ref="1386320291" role=""/>
  <member type="way" ref="391991198" role=""/>
  <member type="way" ref="360771086" role=""/>
  <member type="way" ref="1336633511" role=""/>
  <member type="way" ref="1188792101" role=""/>
  <member type="way" ref="1014180604" role=""/>
  <member type="way" ref="892750747" role=""/>
  <member type="way" ref="1336633513" role=""/>
  <member type="way" ref="435546426" role=""/>
  <member type="way" ref="639815395" role=""/>
  <member type="way" ref="335063076" role=""/>
  <member type="way" ref="11979547" role=""/>
  <member type="way" ref="1095034779" role=""/>
  <member type="way" ref="636417832" role=""/>
  <member type="way" ref="639816476" role=""/>
  <member type="way" ref="636417833" role=""/>
  <member type="way" ref="301585353" role=""/>
  <member type="way" ref="111915221" role=""/>
  <member type="way" ref="320759103" role=""/>
  <member type="way" ref="892825912" role=""/>
  <member type="way" ref="892827160" role=""/>
  <member type="way" ref="782827663" role=""/>
  <member type="way" ref="1148673032" role=""/>
  <member type="way" ref="1183838108" role=""/>
  <member type="way" ref="435842132" role=""/>
  <member type="way" ref="1335089369" role=""/>
  <member type="way" ref="1129480984" role=""/>
  <member type="way" ref="1148678981" role=""/>
  <member type="way" ref="1322433119" role=""/>
  <member type="way" ref="344078901" role=""/>
  <member type="way" ref="1148678979" role=""/>
  <member type="way" ref="1148678977" role=""/>
  <member type="way" ref="335749109" role=""/>
  <member type="way" ref="1148678976" role=""/>
  <member type="way" ref="784296857" role=""/>
  <member type="way" ref="784296858" role=""/>
  <member type="way" ref="406043111" role=""/>
  <member type="way" ref="1152311682" role=""/>
  <member type="way" ref="1152311680" role=""/>
  <member type="way" ref="1023395810" role=""/>
  <member type="way" ref="511802061" role=""/>
  <member type="way" ref="406007416" role=""/>
  <member type="way" ref="653820833" role=""/>
  <member type="way" ref="406007411" role=""/>
  <member type="way" ref="406007422" role=""/>
  <member type="way" ref="406008845" role=""/>
  <member type="way" ref="1310962224" role=""/>
  <member type="way" ref="670521714" role=""/>
  <member type="way" ref="39441948" role=""/>
  <member type="way" ref="437191067" role=""/>
  <member type="way" ref="437191070" role=""/>
  <member type="way" ref="1312216914" role=""/>
  <member type="way" ref="1312216913" role=""/>
  <member type="way" ref="24315836" role=""/>
  <member type="way" ref="1305172758" role=""/>
  <member type="way" ref="1152777183" role=""/>
  <member type="way" ref="1189323941" role=""/>
  <member type="way" ref="1321519945" role=""/>
  <member type="way" ref="285061727" role=""/>
  <member type="way" ref="893031440" role=""/>
  <member type="way" ref="893031439" role=""/>
  <member type="way" ref="314356553" role=""/>
  <member type="way" ref="11986778" role=""/>
  <member type="way" ref="1230462975" role=""/>
  <member type="way" ref="511800020" role=""/>
  <member type="way" ref="11987159" role=""/>
  <member type="way" ref="326312165" role=""/>
  <member type="way" ref="315743452" role=""/>
  <member type="way" ref="33818372" role=""/>
  <member type="way" ref="279893868" role=""/>
  <member type="way" ref="1185672786" role=""/>
  <member type="way" ref="1343543514" role=""/>
  <member type="way" ref="326165110" role=""/>
  <member type="way" ref="1301140119" role=""/>
  <member type="way" ref="437346933" role=""/>
  <member type="way" ref="1151017528" role=""/>
  <member type="way" ref="1151017529" role=""/>
  <member type="way" ref="1189050030" role=""/>
  <member type="way" ref="315557549" role=""/>
  <member type="way" ref="1480009555" role=""/>
  <member type="way" ref="438697172" role=""/>
  <member type="way" ref="335971773" role=""/>
  <member type="way" ref="37749493" role=""/>
  <member type="way" ref="335757629" role=""/>
  <member type="way" ref="314748809" role=""/>
  <member type="way" ref="1475486395" role=""/>
  <member type="way" ref="319786284" role=""/>
  <member type="way" ref="319650837" role=""/>
  <member type="way" ref="321054801" role=""/>
  <member type="way" ref="34997048" role=""/>
  <member type="way" ref="1150730327" role=""/>
  <member type="way" ref="34997049" role=""/>
  <member type="way" ref="439910368" role=""/>
  <member type="way" ref="439916743" role=""/>
  <member type="way" ref="893180534" role=""/>
  <member type="way" ref="893180533" role=""/>
  <member type="way" ref="944292791" role=""/>
  <member type="way" ref="439916744" role=""/>
  <member type="way" ref="944292792" role=""/>
  <member type="way" ref="512395034" role=""/>
  <member type="way" ref="512395035" role=""/>
  <member type="way" ref="550172846" role=""/>
  <member type="way" ref="512393550" role=""/>
  <member type="way" ref="512393549" role=""/>
  <member type="way" ref="512391487" role=""/>
  <member type="way" ref="1115884914" role=""/>
  <member type="way" ref="512391486" role=""/>
  <member type="way" ref="1210880061" role=""/>
  <member type="way" ref="1210880060" role=""/>
  <member type="way" ref="1115884918" role=""/>
  <member type="way" ref="1115884917" role=""/>
  <member type="way" ref="780409083" role=""/>
  <member type="way" ref="512386165" role=""/>
  <member type="way" ref="327608956" role=""/>
  <member type="way" ref="893180532" role=""/>
  <member type="way" ref="127704301" role=""/>
  <member type="way" ref="111902593" role=""/>
  <member type="way" ref="1152017727" role=""/>
  <member type="way" ref="111885469" role=""/>
  <member type="way" ref="1152017726" role=""/>
  <member type="way" ref="1343179595" role=""/>
  <member type="way" ref="1390579717" role=""/>
  <member type="way" ref="143762682" role=""/>
  <member type="way" ref="314785051" role=""/>
  <member type="way" ref="1341199555" role=""/>
  <member type="way" ref="822863626" role=""/>
  <member type="way" ref="28866499" role=""/>
  <member type="way" ref="436966762" role=""/>
  <member type="way" ref="364212425" role=""/>
  <member type="way" ref="1210880062" role=""/>
  <member type="way" ref="337250988" role=""/>
  <member type="way" ref="437848286" role=""/>
  <member type="way" ref="437848148" role=""/>
  <member type="way" ref="437508549" role=""/>
  <member type="way" ref="1101861015" role=""/>
  <member type="way" ref="126860250" role=""/>
  <member type="way" ref="1116387108" role=""/>
  <member type="way" ref="512680610" role=""/>
  <member type="way" ref="1116387105" role=""/>
  <member type="way" ref="153672641" role=""/>
  <member type="way" ref="1208938317" role=""/>
  <member type="way" ref="1208938313" role=""/>
  <member type="way" ref="1101861027" role=""/>
  <member type="way" ref="1459697328" role=""/>
  <member type="way" ref="699991183" role=""/>
  <member type="way" ref="1459697327" role=""/>
  <member type="way" ref="1116348908" role=""/>
  <member type="way" ref="1393428571" role=""/>
  <member type="way" ref="326273055" role=""/>
  <member type="way" ref="335766596" role=""/>
  <member type="way" ref="892110496" role=""/>
  <member type="way" ref="429899693" role=""/>
  <member type="way" ref="1188006285" role=""/>
  <member type="way" ref="1151987313" role=""/>
  <tag k="name" v="X-OM21-I"/>
  <tag k="ref" v="X-OM21-I"/>
  <tag k="route" v="bus"/>
  <tag k="type" v="route"/>
 </relation>
 <relation id="4749934" visible="true" version="174" changeset="178715311" timestamp="2026-02-18T09:14:00Z" user="LakeSimcoe" uid="22220381">
  <member type="way" ref="1419427998" role=""/>
  <member type="way" ref="1419044647" role=""/>
  <member type="way" ref="1419044646" role=""/>
  <member type="way" ref="1419427999" role=""/>
  <member type="way" ref="312323032" role=""/>
  <member type="way" ref="312323032" role=""/>
  <member type="way" ref="1419427999" role=""/>
  <member type="way" ref="1419044646" role=""/>
  <member type="way" ref="1419044647" role=""/>
  <member type="way" ref="1419427998" role=""/>
  <member type="way" ref="43476929" role=""/>
  <member type="way" ref="1254971805" role=""/>
  <member type="way" ref="279549526" role=""/>
  <member type="way" ref="1419044649" role=""/>
  <member type="way" ref="1419427996" role=""/>
  <member type="way" ref="1419044648" role=""/>
  <member type="way" ref="1419427997" role=""/>
  <member type="way" ref="1080860326" role=""/>
  <member type="way" ref="101600571" role=""/>
  <member type="way" ref="1080860324" role=""/>
  <member type="way" ref="1336866942" role=""/>
  <member type="way" ref="321073362" role=""/>
  <member type="way" ref="1092723693" role=""/>
  <member type="way" ref="436780522" role=""/>
  <member type="way" ref="1338081620" role=""/>
  <member type="way" ref="1092723695" role=""/>
  <member type="way" ref="328675133" role=""/>
  <member type="way" ref="180067379" role=""/>
  <member type="way" ref="49449963" role=""/>
  <member type="way" ref="49449945" role=""/>
  <member type="way" ref="180067382" role=""/>
  <member type="way" ref="893123858" role=""/>
  <member type="way" ref="893123859" role=""/>
  <member type="way" ref="1080631168" role=""/>
  <member type="way" ref="279649492" role=""/>
  <member type="way" ref="24306424" role=""/>
  <member type="way" ref="401783246" role=""/>
  <member type="way" ref="280348404" role=""/>
  <member type="way" ref="435853782" role=""/>
  <member type="way" ref="893163001" role=""/>
  <member type="way" ref="893163002" role=""/>
  <member type="way" ref="1341422422" role=""/>
  <member type="way" ref="49426555" role=""/>
  <member type="way" ref="435846332" role=""/>
  <member type="way" ref="314122425" role=""/>
  <member type="way" ref="331313285" role=""/>
  <member type="way" ref="282552676" role=""/>
  <member type="way" ref="436930108" role=""/>
  <member type="way" ref="1363366410" role=""/>
  <member type="way" ref="279876639" role=""/>
  <member type="way" ref="282552665" role=""/>
  <member type="way" ref="493510599" role=""/>
  <member type="way" ref="1340425713" role=""/>
  <member type="way" ref="1148052917" role=""/>
  <member type="way" ref="1340425708" role=""/>
  <member type="way" ref="338241852" role=""/>
  <member type="way" ref="493510593" role=""/>
  <member type="way" ref="1364656386" role=""/>
  <member type="way" ref="493510595" role=""/>
  <member type="way" ref="493510591" role=""/>
  <member type="way" ref="1343472940" role=""/>
  <member type="way" ref="401780811" role=""/>
  <member type="way" ref="1343472939" role=""/>
  <member type="way" ref="401780810" role=""/>
  <member type="way" ref="493510581" role=""/>
  <member type="way" ref="323136850" role=""/>
  <member type="way" ref="1343485283" role=""/>
  <member type="way" ref="285017679" role=""/>
  <member type="way" ref="325446447" role=""/>
  <member type="way" ref="1343485281" role=""/>
  <member type="way" ref="327261898" role=""/>
  <member type="way" ref="892431510" role=""/>
  <member type="way" ref="892431508" role=""/>
  <member type="way" ref="327261960" role=""/>
  <member type="way" ref="1343520818" role=""/>
  <member type="way" ref="891957175" role=""/>
  <member type="way" ref="892910464" role=""/>
  <member type="way" ref="279893884" role=""/>
  <member type="way" ref="1368198540" role=""/>
  <member type="way" ref="1343480334" role=""/>
  <member type="way" ref="339372364" role=""/>
  <member type="way" ref="1343480331" role=""/>
  <member type="way" ref="284901703" role=""/>
  <member type="way" ref="621602406" role=""/>
  <member type="way" ref="328815822" role=""/>
  <member type="way" ref="454600546" role=""/>
  <member type="way" ref="496801885" role=""/>
  <member type="way" ref="1189325483" role=""/>
  <member type="way" ref="1189325482" role=""/>
  <member type="way" ref="46227650" role=""/>
  <member type="way" ref="1343544512" role=""/>
  <member type="way" ref="1150010102" role=""/>
  <member type="way" ref="1343544511" role=""/>
  <member type="way" ref="324365881" role=""/>
  <member type="way" ref="1150783764" role=""/>
  <member type="way" ref="1343402198" role=""/>
  <member type="way" ref="1343402197" role=""/>
  <member type="way" ref="1343402200" role=""/>
  <member type="way" ref="1343402199" role=""/>
  <member type="way" ref="279876622" role=""/>
  <member type="way" ref="760256465" role=""/>
  <member type="way" ref="496801887" role=""/>
  <member type="way" ref="413041816" role=""/>
  <member type="way" ref="809321423" role=""/>
  <member type="way" ref="760256462" role=""/>
  <member type="way" ref="892464147" role=""/>
  <member type="way" ref="1449698449" role=""/>
  <member type="way" ref="1339934560" role=""/>
  <member type="way" ref="1339934561" role=""/>
  <member type="way" ref="892464146" role=""/>
  <member type="way" ref="129377286" role=""/>
  <member type="way" ref="1333560655" role=""/>
  <member type="way" ref="892590630" role=""/>
  <member type="way" ref="892590629" role=""/>
  <member type="way" ref="301585351" role=""/>
  <member type="way" ref="315240514" role=""/>
  <member type="way" ref="315218166" role=""/>
  <member type="way" ref="118976212" role=""/>
  <member type="way" ref="1365587155" role=""/>
  <member type="way" ref="430221379" role=""/>
  <member type="way" ref="436599644" role=""/>
  <member type="way" ref="1365860781" role=""/>
  <member type="way" ref="1365860782" role=""/>
  <member type="way" ref="436433428" role=""/>
  <member type="way" ref="636417835" role=""/>
  <member type="way" ref="435703295" role=""/>
  <member type="way" ref="315557586" role=""/>
  <member type="way" ref="1442549210" role=""/>
  <member type="way" ref="1455273170" role=""/>
  <member type="way" ref="1380185338" role=""/>
  <member type="way" ref="315218165" role=""/>
  <member type="way" ref="47028454" role=""/>
  <member type="way" ref="1444100758" role=""/>
  <member type="way" ref="1444100759" role=""/>
  <member type="way" ref="14342452" role=""/>
  <member type="way" ref="1365860785" role=""/>
  <member type="way" ref="337605612" role=""/>
  <member type="way" ref="337605613" role=""/>
  <member type="way" ref="330154010" role=""/>
  <member type="way" ref="1365860788" role=""/>
  <member type="way" ref="1365860787" role=""/>
  <member type="way" ref="1230462979" role=""/>
  <member type="way" ref="1230462978" role=""/>
  <member type="way" ref="315218164" role=""/>
  <member type="way" ref="654086787" role=""/>
  <member type="way" ref="314356553" role=""/>
  <member type="way" ref="11986778" role=""/>
  <member type="way" ref="511802061" role=""/>
  <member type="way" ref="1230462975" role=""/>
  <member type="way" ref="511800020" role=""/>
  <member type="way" ref="11987159" role=""/>
  <member type="way" ref="406007416" role=""/>
  <member type="way" ref="653820833" role=""/>
  <member type="way" ref="406007411" role=""/>
  <member type="way" ref="406007422" role=""/>
  <member type="way" ref="406008845" role=""/>
  <member type="way" ref="1310962224" role=""/>
  <member type="way" ref="670521714" role=""/>
  <member type="way" ref="39441948" role=""/>
  <member type="way" ref="437191067" role=""/>
  <member type="way" ref="437191070" role=""/>
  <member type="way" ref="1312216914" role=""/>
  <member type="way" ref="1312216913" role=""/>
  <member type="way" ref="24315836" role=""/>
  <member type="way" ref="1305172758" role=""/>
  <member type="way" ref="1152777183" role=""/>
  <member type="way" ref="1189323941" role=""/>
  <member type="way" ref="1321519945" role=""/>
  <member type="way" ref="285061727" role=""/>
  <member type="way" ref="893031440" role=""/>
  <member type="way" ref="893031439" role=""/>
  <member type="way" ref="326312165" role=""/>
  <member type="way" ref="315743452" role=""/>
  <member type="way" ref="33818372" role=""/>
  <member type="way" ref="279893868" role=""/>
  <member type="way" ref="1185672786" role=""/>
  <member type="way" ref="1343543514" role=""/>
  <member type="way" ref="326165110" role=""/>
  <member type="way" ref="1301140119" role=""/>
  <member type="way" ref="437346933" role=""/>
  <member type="way" ref="1151017528" role=""/>
  <member type="way" ref="1151017529" role=""/>
  <member type="way" ref="1189050030" role=""/>
  <member type="way" ref="315557549" role=""/>
  <member type="way" ref="1480009555" role=""/>
  <member type="way" ref="438697172" role=""/>
  <member type="way" ref="335971773" role=""/>
  <member type="way" ref="37749493" role=""/>
  <member type="way" ref="335757629" role=""/>
  <member type="way" ref="314748809" role=""/>
  <member type="way" ref="1475486395" role=""/>
  <member type="way" ref="319786284" role=""/>
  <member type="way" ref="319650837" role=""/>
  <member type="way" ref="321054801" role=""/>
  <member type="way" ref="34997048" role=""/>
  <member type="way" ref="1150730327" role=""/>
  <member type="way" ref="34997049" role=""/>
  <member type="way" ref="439910368" role=""/>
  <member type="way" ref="439916743" role=""/>
  <member type="way" ref="893180534" role=""/>
  <member type="way" ref="893180533" role=""/>
  <member type="way" ref="944292791" role=""/>
  <member type="way" ref="439916744" role=""/>
  <member type="way" ref="944292792" role=""/>
  <member type="way" ref="512395034" role=""/>
  <member type="way" ref="512395035" role=""/>
  <member type="way" ref="550172846" role=""/>
  <member type="way" ref="512393550" role=""/>
  <member type="way" ref="512393549" role=""/>
  <member type="way" ref="512391487" role=""/>
  <member type="way" ref="1115884914" role=""/>
  <member type="way" ref="512391486" role=""/>
  <member type="way" ref="1210880061" role=""/>
  <member type="way" ref="1210880060" role=""/>
  <member type="way" ref="1115884918" role=""/>
  <member type="way" ref="1115884917" role=""/>
  <member type="way" ref="780409083" role=""/>
  <member type="way" ref="512386165" role=""/>
  <member type="way" ref="327608956" role=""/>
  <member type="way" ref="893180532" role=""/>
  <member type="way" ref="127704301" role=""/>
  <member type="way" ref="111902593" role=""/>
  <member type="way" ref="1152017727" role=""/>
  <member type="way" ref="111885469" role=""/>
  <member type="way" ref="1152017726" role=""/>
  <member type="way" ref="1343179595" role=""/>
  <member type="way" ref="1390579717" role=""/>
  <member type="way" ref="143762682" role=""/>
  <member type="way" ref="314785051" role=""/>
  <member type="way" ref="1341199555" role=""/>
  <member type="way" ref="822863626" role=""/>
  <member type="way" ref="28866499" role=""/>
  <member type="way" ref="436966762" role=""/>
  <member type="way" ref="364212425" role=""/>
  <member type="way" ref="1210880062" role=""/>
  <member type="way" ref="337250988" role=""/>
  <member type="way" ref="437848286" role=""/>
  <member type="way" ref="437848148" role=""/>
  <member type="way" ref="437508549" role=""/>
  <member type="way" ref="1101861015" role=""/>
  <member type="way" ref="126860250" role=""/>
  <member type="way" ref="1116387108" role=""/>
  <member type="way" ref="512680610" role=""/>
  <member type="way" ref="1116387105" role=""/>
  <member type="way" ref="338232555" role=""/>
  <member type="way" ref="111892928" role=""/>
  <member type="way" ref="892110496" role=""/>
  <member type="way" ref="429899693" role=""/>
  <member type="way" ref="1188006285" role=""/>
  <member type="way" ref="1151987313" role=""/>
  <tag k="name" v="X-OM36-I"/>
  <tag k="ref" v="X-OM36-I"/>
  <tag k="route" v="bus"/>
  <tag k="type" v="route"/>
 </relation>
 <relation id="4750010" visible="true" version="195" changeset="178715311" timestamp="2026-02-18T09:14:00Z" user="LakeSimcoe" uid="22220381">
  <member type="way" ref="1419044649" role=""/>
  <member type="way" ref="279549526" role=""/>
  <member type="way" ref="1419427997" role=""/>
  <member type="way" ref="1419044648" role=""/>
  <member type="way" ref="1419427996" role=""/>
  <member type="way" ref="1080860326" role=""/>
  <member type="way" ref="101600571" role=""/>
  <member type="way" ref="1080860324" role=""/>
  <member type="way" ref="1336866942" role=""/>
  <member type="way" ref="321073362" role=""/>
  <member type="way" ref="1092723693" role=""/>
  <member type="way" ref="436780522" role=""/>
  <member type="way" ref="1338081620" role=""/>
  <member type="way" ref="1092723695" role=""/>
  <member type="way" ref="328675133" role=""/>
  <member type="way" ref="180067379" role=""/>
  <member type="way" ref="49449963" role=""/>
  <member type="way" ref="49449945" role=""/>
  <member type="way" ref="180067382" role=""/>
  <member type="way" ref="893123858" role=""/>
  <member type="way" ref="893123859" role=""/>
  <member type="way" ref="1080631168" role=""/>
  <member type="way" ref="279649492" role=""/>
  <member type="way" ref="24306424" role=""/>
  <member type="way" ref="401783246" role=""/>
  <member type="way" ref="280348404" role=""/>
  <member type="way" ref="435853782" role=""/>
  <member type="way" ref="893163001" role=""/>
  <member type="way" ref="893163002" role=""/>
  <member type="way" ref="1341422422" role=""/>
  <member type="way" ref="49426555" role=""/>
  <member type="way" ref="435846332" role=""/>
  <member type="way" ref="314122425" role=""/>
  <member type="way" ref="331313285" role=""/>
  <member type="way" ref="282552676" role=""/>
  <member type="way" ref="436930108" role=""/>
  <member type="way" ref="1363366410" role=""/>
  <member type="way" ref="279876639" role=""/>
  <member type="way" ref="282552665" role=""/>
  <member type="way" ref="493510599" role=""/>
  <member type="way" ref="1340425713" role=""/>
  <member type="way" ref="1148052917" role=""/>
  <member type="way" ref="1340425708" role=""/>
  <member type="way" ref="338241852" role=""/>
  <member type="way" ref="493510593" role=""/>
  <member type="way" ref="1364656386" role=""/>
  <member type="way" ref="493510595" role=""/>
  <member type="way" ref="493510591" role=""/>
  <member type="way" ref="1343472940" role=""/>
  <member type="way" ref="401780811" role=""/>
  <member type="way" ref="1343472939" role=""/>
  <member type="way" ref="401780810" role=""/>
  <member type="way" ref="493510581" role=""/>
  <member type="way" ref="323136850" role=""/>
  <member type="way" ref="1343485283" role=""/>
  <member type="way" ref="285017679" role=""/>
  <member type="way" ref="325446447" role=""/>
  <member type="way" ref="1343485281" role=""/>
  <member type="way" ref="327261898" role=""/>
  <member type="way" ref="892431510" role=""/>
  <member type="way" ref="892431508" role=""/>
  <member type="way" ref="327261960" role=""/>
  <member type="way" ref="1343520818" role=""/>
  <member type="way" ref="891957175" role=""/>
  <member type="way" ref="892910464" role=""/>
  <member type="way" ref="279893884" role=""/>
  <member type="way" ref="1368198540" role=""/>
  <member type="way" ref="1343480334" role=""/>
  <member type="way" ref="339372364" role=""/>
  <member type="way" ref="1343480331" role=""/>
  <member type="way" ref="284901703" role=""/>
  <member type="way" ref="621602406" role=""/>
  <member type="way" ref="328815822" role=""/>
  <member type="way" ref="454600546" role=""/>
  <member type="way" ref="496801885" role=""/>
  <member type="way" ref="1189325483" role=""/>
  <member type="way" ref="1189325482" role=""/>
  <member type="way" ref="46227650" role=""/>
  <member type="way" ref="1343544512" role=""/>
  <member type="way" ref="1150010102" role=""/>
  <member type="way" ref="1343544511" role=""/>
  <member type="way" ref="324365881" role=""/>
  <member type="way" ref="1150783764" role=""/>
  <member type="way" ref="1343402198" role=""/>
  <member type="way" ref="1343402197" role=""/>
  <member type="way" ref="1343402200" role=""/>
  <member type="way" ref="1343402199" role=""/>
  <member type="way" ref="279876622" role=""/>
  <member type="way" ref="760256465" role=""/>
  <member type="way" ref="496801887" role=""/>
  <member type="way" ref="413041816" role=""/>
  <member type="way" ref="809321423" role=""/>
  <member type="way" ref="760256462" role=""/>
  <member type="way" ref="892464147" role=""/>
  <member type="way" ref="1449698449" role=""/>
  <member type="way" ref="1339934560" role=""/>
  <member type="way" ref="1339934561" role=""/>
  <member type="way" ref="892464146" role=""/>
  <member type="way" ref="129377286" role=""/>
  <member type="way" ref="1333560655" role=""/>
  <member type="way" ref="892590630" role=""/>
  <member type="way" ref="892590629" role=""/>
  <member type="way" ref="301585351" role=""/>
  <member type="way" ref="315240514" role=""/>
  <member type="way" ref="315218166" role=""/>
  <member type="way" ref="118976212" role=""/>
  <member type="way" ref="1365587155" role=""/>
  <member type="way" ref="430221379" role=""/>
  <member type="way" ref="436599644" role=""/>
  <member type="way" ref="1365860781" role=""/>
  <member type="way" ref="1365860782" role=""/>
  <member type="way" ref="436433428" role=""/>
  <member type="way" ref="636417835" role=""/>
  <member type="way" ref="435703295" role=""/>
  <member type="way" ref="315557586" role=""/>
  <member type="way" ref="1442549210" role=""/>
  <member type="way" ref="1455273170" role=""/>
  <member type="way" ref="1380185338" role=""/>
  <member type="way" ref="315218165" role=""/>
  <member type="way" ref="47028454" role=""/>
  <member type="way" ref="1444100758" role=""/>
  <member type="way" ref="1444100759" role=""/>
  <member type="way" ref="14342452" role=""/>
  <member type="way" ref="1365860785" role=""/>
  <member type="way" ref="337605612" role=""/>
  <member type="way" ref="337605613" role=""/>
  <member type="way" ref="330154010" role=""/>
  <member type="way" ref="1365860788" role=""/>
  <member type="way" ref="1365860787" role=""/>
  <member type="way" ref="1230462979" role=""/>
  <member type="way" ref="1230462978" role=""/>
  <member type="way" ref="315218164" role=""/>
  <member type="way" ref="654086787" role=""/>
  <member type="way" ref="314356553" role=""/>
  <member type="way" ref="11986778" role=""/>
  <member type="way" ref="511802061" role=""/>
  <member type="way" ref="1230462975" role=""/>
  <member type="way" ref="511800020" role=""/>
  <member type="way" ref="11987159" role=""/>
  <member type="way" ref="406007416" role=""/>
  <member type="way" ref="653820833" role=""/>
  <member type="way" ref="406007411" role=""/>
  <member type="way" ref="406007422" role=""/>
  <member type="way" ref="406008845" role=""/>
  <member type="way" ref="1310962224" role=""/>
  <member type="way" ref="670521714" role=""/>
  <member type="way" ref="39441948" role=""/>
  <member type="way" ref="437191067" role=""/>
  <member type="way" ref="437191070" role=""/>
  <member type="way" ref="1312216914" role=""/>
  <member type="way" ref="1312216913" role=""/>
  <member type="way" ref="24315836" role=""/>
  <member type="way" ref="1305172758" role=""/>
  <member type="way" ref="1152777183" role=""/>
  <member type="way" ref="1189323941" role=""/>
  <member type="way" ref="1321519945" role=""/>
  <member type="way" ref="285061727" role=""/>
  <member type="way" ref="893031440" role=""/>
  <member type="way" ref="893031439" role=""/>
  <member type="way" ref="326312165" role=""/>
  <member type="way" ref="315743452" role=""/>
  <member type="way" ref="33818372" role=""/>
  <member type="way" ref="279893868" role=""/>
  <member type="way" ref="1185672786" role=""/>
  <member type="way" ref="1343543514" role=""/>
  <member type="way" ref="326165110" role=""/>
  <member type="way" ref="1301140119" role=""/>
  <member type="way" ref="437346933" role=""/>
  <member type="way" ref="1151017528" role=""/>
  <member type="way" ref="1151017529" role=""/>
  <member type="way" ref="1189050030" role=""/>
  <member type="way" ref="315557549" role=""/>
  <member type="way" ref="1480009555" role=""/>
  <member type="way" ref="438697172" role=""/>
  <member type="way" ref="335971773" role=""/>
  <member type="way" ref="37749493" role=""/>
  <member type="way" ref="335757629" role=""/>
  <member type="way" ref="314748809" role=""/>
  <member type="way" ref="1475486395" role=""/>
  <member type="way" ref="319786284" role=""/>
  <member type="way" ref="319650837" role=""/>
  <member type="way" ref="321054801" role=""/>
  <member type="way" ref="34997048" role=""/>
  <member type="way" ref="1150730327" role=""/>
  <member type="way" ref="34997049" role=""/>
  <member type="way" ref="439910368" role=""/>
  <member type="way" ref="439916743" role=""/>
  <member type="way" ref="893180534" role=""/>
  <member type="way" ref="893180533" role=""/>
  <member type="way" ref="944292791" role=""/>
  <member type="way" ref="439916744" role=""/>
  <member type="way" ref="944292792" role=""/>
  <member type="way" ref="512395034" role=""/>
  <member type="way" ref="512395035" role=""/>
  <member type="way" ref="550172846" role=""/>
  <member type="way" ref="512393550" role=""/>
  <member type="way" ref="512393549" role=""/>
  <member type="way" ref="512391487" role=""/>
  <member type="way" ref="1115884914" role=""/>
  <member type="way" ref="512391486" role=""/>
  <member type="way" ref="1210880061" role=""/>
  <member type="way" ref="1210880060" role=""/>
  <member type="way" ref="1115884918" role=""/>
  <member type="way" ref="1115884917" role=""/>
  <member type="way" ref="780409083" role=""/>
  <member type="way" ref="512386165" role=""/>
  <member type="way" ref="327608956" role=""/>
  <member type="way" ref="893180532" role=""/>
  <member type="way" ref="127704301" role=""/>
  <member type="way" ref="111902593" role=""/>
  <member type="way" ref="1152017727" role=""/>
  <member type="way" ref="111885469" role=""/>
  <member type="way" ref="1152017726" role=""/>
  <member type="way" ref="1343179595" role=""/>
  <member type="way" ref="1390579717" role=""/>
  <member type="way" ref="143762682" role=""/>
  <member type="way" ref="314785051" role=""/>
  <member type="way" ref="1341199555" role=""/>
  <member type="way" ref="822863626" role=""/>
  <member type="way" ref="28866499" role=""/>
  <member type="way" ref="436966762" role=""/>
  <member type="way" ref="364212425" role=""/>
  <member type="way" ref="1210880062" role=""/>
  <member type="way" ref="337250988" role=""/>
  <member type="way" ref="437848286" role=""/>
  <member type="way" ref="437848148" role=""/>
  <member type="way" ref="437508549" role=""/>
  <member type="way" ref="1101861015" role=""/>
  <member type="way" ref="126860250" role=""/>
  <member type="way" ref="1116387108" role=""/>
  <member type="way" ref="512680610" role=""/>
  <member type="way" ref="1116387105" role=""/>
  <member type="way" ref="338232555" role=""/>
  <member type="way" ref="1116387101" role=""/>
  <member type="way" ref="1116387099" role=""/>
  <member type="way" ref="435500529" role=""/>
  <member type="way" ref="1116390011" role=""/>
  <member type="way" ref="1183868914" role=""/>
  <member type="way" ref="1459697328" role=""/>
  <member type="way" ref="699991183" role=""/>
  <member type="way" ref="1459697327" role=""/>
  <member type="way" ref="1116348908" role=""/>
  <member type="way" ref="1393428571" role=""/>
  <member type="way" ref="326273055" role=""/>
  <member type="way" ref="315743441" role=""/>
  <member type="way" ref="1116348905" role=""/>
  <member type="way" ref="436270727" role=""/>
  <member type="way" ref="1357628826" role=""/>
  <member type="way" ref="1357628825" role=""/>
  <member type="way" ref="436270728" role=""/>
  <member type="way" ref="1357628824" role=""/>
  <member type="way" ref="1101861020" role=""/>
  <member type="way" ref="1393475373" role=""/>
  <member type="way" ref="375937782" role=""/>
  <member type="way" ref="335766596" role=""/>
  <member type="way" ref="153672641" role=""/>
  <member type="way" ref="1208938317" role=""/>
  <member type="way" ref="1208938313" role=""/>
  <member type="way" ref="1101861027" role=""/>
  <member type="way" ref="892110496" role=""/>
  <member type="way" ref="429899693" role=""/>
  <member type="way" ref="1188006285" role=""/>
  <member type="way" ref="1151987313" role=""/>
  <tag k="name" v="X-OM37-I"/>
  <tag k="ref" v="X-OM37-I"/>
  <tag k="route" v="bus"/>
  <tag k="type" v="route"/>
 </relation>
 <relation id="4764568" visible="true" version="198" changeset="182857064" timestamp="2026-05-19T01:25:15Z" user="RahadRiver" uid="23310597">
  <member type="way" ref="336945371" role=""/>
  <member type="way" ref="420109506" role=""/>
  <member type="way" ref="892764250" role=""/>
  <member type="way" ref="1203400000" role=""/>
  <member type="way" ref="1203399998" role=""/>
  <member type="way" ref="892764249" role=""/>
  <member type="way" ref="280222795" role=""/>
  <member type="way" ref="435407206" role=""/>
  <member type="way" ref="1316162481" role=""/>
  <member type="way" ref="1227442312" role=""/>
  <member type="way" ref="892076146" role=""/>
  <member type="way" ref="892076145" role=""/>
  <member type="way" ref="148627902" role=""/>
  <member type="way" ref="435406619" role=""/>
  <member type="way" ref="321520553" role=""/>
  <member type="way" ref="1155066059" role=""/>
  <member type="way" ref="1225792959" role=""/>
  <member type="way" ref="329967316" role=""/>
  <member type="way" ref="329965021" role=""/>
  <member type="way" ref="25112947" role=""/>
  <member type="way" ref="279972854" role=""/>
  <member type="way" ref="279972856" role=""/>
  <member type="way" ref="326159289" role=""/>
  <member type="way" ref="326159289" role=""/>
  <member type="way" ref="336945372" role=""/>
  <member type="way" ref="283271077" role=""/>
  <member type="way" ref="348721288" role=""/>
  <member type="way" ref="279876634" role=""/>
  <member type="way" ref="100607711" role=""/>
  <member type="way" ref="328979848" role=""/>
  <member type="way" ref="321404230" role=""/>
  <member type="way" ref="1469947836" role=""/>
  <member type="way" ref="1341681635" role=""/>
  <member type="way" ref="279968413" role=""/>
  <member type="way" ref="1341681636" role=""/>
  <member type="way" ref="321389056" role=""/>
  <member type="way" ref="756339315" role=""/>
  <member type="way" ref="322026663" role=""/>
  <member type="way" ref="284908046" role=""/>
  <member type="way" ref="1341663037" role=""/>
  <member type="way" ref="327596054" role=""/>
  <member type="way" ref="1341663032" role=""/>
  <member type="way" ref="279895895" role=""/>
  <member type="way" ref="1183565147" role=""/>
  <member type="way" ref="325292464" role=""/>
  <member type="way" ref="279893861" role=""/>
  <member type="way" ref="280209102" role=""/>
  <member type="way" ref="321853550" role=""/>
  <member type="way" ref="314142887" role=""/>
  <member type="way" ref="312666781" role=""/>
  <member type="way" ref="324822371" role=""/>
  <member type="way" ref="1230462992" role=""/>
  <member type="way" ref="1230462972" role=""/>
  <member type="way" ref="870878170" role=""/>
  <member type="way" ref="4831348" role=""/>
  <member type="way" ref="438017591" role=""/>
  <member type="way" ref="180525808" role=""/>
  <member type="way" ref="660055399" role=""/>
  <member type="way" ref="396819796" role=""/>
  <member type="way" ref="396820846" role=""/>
  <member type="way" ref="44111658" role=""/>
  <member type="way" ref="44111661" role=""/>
  <member type="way" ref="312333400" role=""/>
  <member type="way" ref="396819255" role=""/>
  <member type="way" ref="1419044644" role=""/>
  <member type="way" ref="1316729217" role=""/>
  <member type="way" ref="1463494449" role=""/>
  <member type="way" ref="613858315" role=""/>
  <member type="way" ref="1423498448" role=""/>
  <member type="way" ref="613858318" role=""/>
  <member type="way" ref="396817815" role=""/>
  <member type="way" ref="436576224" role=""/>
  <member type="way" ref="1339870548" role=""/>
  <member type="way" ref="378848987" role=""/>
  <member type="way" ref="990164115" role=""/>
  <member type="way" ref="378848989" role=""/>
  <member type="way" ref="493472235" role=""/>
  <member type="way" ref="14174735" role=""/>
  <member type="way" ref="1149231639" role=""/>
  <member type="way" ref="326819126" role=""/>
  <member type="way" ref="173525730" role=""/>
  <member type="way" ref="1340621332" role=""/>
  <member type="way" ref="1340621335" role=""/>
  <member type="way" ref="1339859966" role=""/>
  <member type="way" ref="1339859965" role=""/>
  <member type="way" ref="784068025" role=""/>
  <member type="way" ref="435195516" role=""/>
  <member type="way" ref="893020425" role=""/>
  <member type="way" ref="335945408" role=""/>
  <member type="way" ref="1365592022" role=""/>
  <member type="way" ref="1365592021" role=""/>
  <member type="way" ref="436251100" role=""/>
  <member type="way" ref="1365592023" role=""/>
  <member type="way" ref="1365592024" role=""/>
  <member type="way" ref="1365592025" role=""/>
  <member type="way" ref="1365592026" role=""/>
  <member type="way" ref="1365592027" role=""/>
  <member type="way" ref="1365592028" role=""/>
  <member type="way" ref="1483765724" role=""/>
  <member type="way" ref="436259992" role=""/>
  <member type="way" ref="47835017" role=""/>
  <member type="way" ref="279857266" role=""/>
  <member type="way" ref="1023690557" role=""/>
  <member type="way" ref="757067078" role=""/>
  <member type="way" ref="1363366410" role=""/>
  <member type="way" ref="279876639" role=""/>
  <member type="way" ref="282552665" role=""/>
  <member type="way" ref="493510599" role=""/>
  <member type="way" ref="1340425713" role=""/>
  <member type="way" ref="1148052917" role=""/>
  <member type="way" ref="1340425708" role=""/>
  <member type="way" ref="338241852" role=""/>
  <member type="way" ref="493510593" role=""/>
  <member type="way" ref="1364656386" role=""/>
  <member type="way" ref="493510595" role=""/>
  <member type="way" ref="493510591" role=""/>
  <member type="way" ref="1343472940" role=""/>
  <member type="way" ref="401780811" role=""/>
  <member type="way" ref="1343472939" role=""/>
  <member type="way" ref="401780810" role=""/>
  <member type="way" ref="493510581" role=""/>
  <member type="way" ref="323136850" role=""/>
  <member type="way" ref="1343485283" role=""/>
  <member type="way" ref="285017679" role=""/>
  <member type="way" ref="325446447" role=""/>
  <member type="way" ref="1343485281" role=""/>
  <member type="way" ref="327261898" role=""/>
  <member type="way" ref="892431510" role=""/>
  <member type="way" ref="892431508" role=""/>
  <member type="way" ref="327261960" role=""/>
  <member type="way" ref="1343520818" role=""/>
  <member type="way" ref="891957175" role=""/>
  <member type="way" ref="892910464" role=""/>
  <member type="way" ref="279893884" role=""/>
  <member type="way" ref="1368198540" role=""/>
  <member type="way" ref="1343480334" role=""/>
  <member type="way" ref="339372364" role=""/>
  <member type="way" ref="1343480331" role=""/>
  <member type="way" ref="284901703" role=""/>
  <member type="way" ref="621602406" role=""/>
  <member type="way" ref="328815822" role=""/>
  <member type="way" ref="454600546" role=""/>
  <member type="way" ref="496801885" role=""/>
  <member type="way" ref="1189325483" role=""/>
  <member type="way" ref="1189325482" role=""/>
  <member type="way" ref="46227650" role=""/>
  <member type="way" ref="1343544512" role=""/>
  <member type="way" ref="1150010102" role=""/>
  <member type="way" ref="1343544511" role=""/>
  <member type="way" ref="324365881" role=""/>
  <member type="way" ref="1150783764" role=""/>
  <member type="way" ref="1343402198" role=""/>
  <member type="way" ref="1343402197" role=""/>
  <member type="way" ref="892976044" role=""/>
  <member type="way" ref="1343402205" role=""/>
  <member type="way" ref="284905870" role=""/>
  <member type="way" ref="1391879858" role=""/>
  <member type="way" ref="331430035" role=""/>
  <member type="way" ref="1469334603" role=""/>
  <member type="way" ref="1150534534" role=""/>
  <member type="way" ref="338024836" role=""/>
  <member type="way" ref="1130700202" role=""/>
  <member type="way" ref="284908041" role=""/>
  <member type="way" ref="279895896" role=""/>
  <member type="way" ref="1315441498" role=""/>
  <member type="way" ref="1339650992" role=""/>
  <member type="way" ref="1315441502" role=""/>
  <member type="way" ref="892996334" role=""/>
  <member type="way" ref="317137452" role=""/>
  <member type="way" ref="1469334604" role=""/>
  <member type="way" ref="1321775932" role=""/>
  <member type="way" ref="1321775931" role=""/>
  <member type="way" ref="432963078" role=""/>
  <member type="way" ref="435198091" role=""/>
  <member type="way" ref="870885654" role=""/>
  <member type="way" ref="809855298" role=""/>
  <member type="way" ref="1333044333" role=""/>
  <member type="way" ref="315095696" role=""/>
  <member type="way" ref="279253640" role=""/>
  <member type="way" ref="1335999607" role=""/>
  <member type="way" ref="1336612995" role=""/>
  <member type="way" ref="1336263337" role=""/>
  <member type="way" ref="1335999611" role=""/>
  <member type="way" ref="1336296915" role=""/>
  <member type="way" ref="1184602766" role=""/>
  <member type="way" ref="11989455" role=""/>
  <member type="way" ref="19071516" role=""/>
  <member type="way" ref="330172461" role=""/>
  <member type="way" ref="14342450" role=""/>
  <member type="way" ref="1230462979" role=""/>
  <member type="way" ref="1230462978" role=""/>
  <member type="way" ref="315218164" role=""/>
  <member type="way" ref="654086787" role=""/>
  <member type="way" ref="314356553" role=""/>
  <member type="way" ref="11986778" role=""/>
  <member type="way" ref="511802061" role=""/>
  <member type="way" ref="1230462975" role=""/>
  <member type="way" ref="511800020" role=""/>
  <member type="way" ref="11987159" role=""/>
  <member type="way" ref="406007416" role=""/>
  <member type="way" ref="653820833" role=""/>
  <member type="way" ref="406007411" role=""/>
  <member type="way" ref="406007422" role=""/>
  <member type="way" ref="406008845" role=""/>
  <member type="way" ref="1310962224" role=""/>
  <member type="way" ref="670521714" role=""/>
  <member type="way" ref="39441948" role=""/>
  <member type="way" ref="437191067" role=""/>
  <member type="way" ref="437191070" role=""/>
  <member type="way" ref="1312216914" role=""/>
  <member type="way" ref="1312216913" role=""/>
  <member type="way" ref="24315836" role=""/>
  <member type="way" ref="1305172758" role=""/>
  <member type="way" ref="1152777183" role=""/>
  <member type="way" ref="1189323941" role=""/>
  <member type="way" ref="1321519945" role=""/>
  <member type="way" ref="285061727" role=""/>
  <member type="way" ref="893031440" role=""/>
  <member type="way" ref="893031439" role=""/>
  <member type="way" ref="326312165" role=""/>
  <member type="way" ref="315743452" role=""/>
  <member type="way" ref="33818372" role=""/>
  <member type="way" ref="279893868" role=""/>
  <member type="way" ref="1185672786" role=""/>
  <member type="way" ref="1343543514" role=""/>
  <member type="way" ref="326165110" role=""/>
  <member type="way" ref="1301140119" role=""/>
  <member type="way" ref="437346933" role=""/>
  <member type="way" ref="1151017528" role=""/>
  <member type="way" ref="1151017529" role=""/>
  <member type="way" ref="892442184" role=""/>
  <member type="way" ref="315557555" role=""/>
  <member type="way" ref="1516697392" role=""/>
  <member type="way" ref="1516697391" role=""/>
  <member type="way" ref="479364429" role=""/>
  <member type="way" ref="404262414" role=""/>
  <member type="way" ref="38946018" role=""/>
  <member type="way" ref="479359774" role=""/>
  <member type="way" ref="479366257" role=""/>
  <member type="way" ref="329983009" role=""/>
  <member type="way" ref="279893840" role=""/>
  <member type="way" ref="315218161" role=""/>
  <member type="way" ref="392014795" role=""/>
  <member type="way" ref="392014796" role=""/>
  <member type="way" ref="392015774" role=""/>
  <member type="way" ref="583806623" role=""/>
  <member type="way" ref="409854618" role=""/>
  <member type="way" ref="279893876" role=""/>
  <member type="way" ref="439053507" role=""/>
  <member type="way" ref="892788961" role=""/>
  <member type="way" ref="279893847" role=""/>
  <member type="way" ref="892789370" role=""/>
  <member type="way" ref="892789369" role=""/>
  <member type="way" ref="1363489619" role=""/>
  <member type="way" ref="654331316" role=""/>
  <member type="way" ref="654331320" role=""/>
  <member type="way" ref="1423598285" role=""/>
  <member type="way" ref="439813451" role=""/>
  <member type="way" ref="1309070372" role=""/>
  <member type="way" ref="280228322" role=""/>
  <member type="way" ref="1423598277" role=""/>
  <member type="way" ref="439037971" role=""/>
  <member type="way" ref="439073386" role=""/>
  <member type="way" ref="439073384" role=""/>
  <member type="way" ref="439073388" role=""/>
  <member type="way" ref="1343552990" role=""/>
  <member type="way" ref="1343552992" role=""/>
  <member type="way" ref="280228317" role=""/>
  <member type="way" ref="1183566214" role=""/>
  <member type="way" ref="1363489630" role=""/>
  <member type="way" ref="1363489631" role=""/>
  <member type="way" ref="439190607" role=""/>
  <member type="way" ref="281962927" role=""/>
  <member type="way" ref="1363489633" role=""/>
  <member type="way" ref="1363489634" role=""/>
  <member type="way" ref="465977763" role=""/>
  <member type="way" ref="151307867" role=""/>
  <member type="way" ref="312666776" role=""/>
  <member type="way" ref="1023690563" role=""/>
  <member type="way" ref="1025976736" role=""/>
  <member type="way" ref="1023690562" role=""/>
  <member type="way" ref="1025935723" role=""/>
  <member type="way" ref="28707150" role=""/>
  <member type="way" ref="1148264335" role=""/>
  <member type="way" ref="621791089" role=""/>
  <member type="way" ref="621791093" role=""/>
  <member type="way" ref="1290849748" role=""/>
  <member type="way" ref="1183810724" role=""/>
  <member type="way" ref="282567279" role=""/>
  <member type="way" ref="334367792" role=""/>
  <member type="way" ref="279900358" role=""/>
  <member type="way" ref="1025935722" role=""/>
  <member type="way" ref="321728924" role=""/>
  <member type="way" ref="1343273254" role=""/>
  <member type="way" ref="1343616976" role=""/>
  <member type="way" ref="320757331" role=""/>
  <member type="way" ref="1343273256" role=""/>
  <member type="way" ref="893575759" role=""/>
  <member type="way" ref="1343616973" role=""/>
  <member type="way" ref="893575758" role=""/>
  <member type="way" ref="284905869" role=""/>
  <member type="way" ref="279893853" role=""/>
  <member type="way" ref="1148319650" role=""/>
  <member type="way" ref="482801082" role=""/>
  <member type="way" ref="482801081" role=""/>
  <member type="way" ref="1148319647" role=""/>
  <member type="way" ref="482801079" role=""/>
  <member type="way" ref="892110496" role=""/>
  <member type="way" ref="429899693" role=""/>
  <member type="way" ref="1188006285" role=""/>
  <member type="way" ref="1151987313" role=""/>
  <tag k="name" v="X-OM18-1-I"/>
  <tag k="ref" v="X-OM18-1-I"/>
  <tag k="route" v="bus"/>
  <tag k="type" v="route"/>
 </relation>
 <relation id="4764569" visible="true" version="186" changeset="179370556" timestamp="2026-03-04T21:50:22Z" user="El Surquillano" uid="21360226">
  <member type="way" ref="282069343" role=""/>
  <member type="way" ref="756339316" role=""/>
  <member type="way" ref="279968429" role=""/>
  <member type="way" ref="1341681644" role=""/>
  <member type="way" ref="282069340" role=""/>
  <member type="way" ref="1341681640" role=""/>
  <member type="way" ref="1469947835" role=""/>
  <member type="way" ref="278961185" role=""/>
  <member type="way" ref="279968408" role=""/>
  <member type="way" ref="336945373" role=""/>
  <member type="way" ref="1068904237" role=""/>
  <member type="way" ref="279968426" role=""/>
  <member type="way" ref="284897766" role=""/>
  <member type="way" ref="409362521" role=""/>
  <member type="way" ref="1225792958" role=""/>
  <member type="way" ref="37609836" role=""/>
  <member type="way" ref="279970572" role=""/>
  <member type="way" ref="1316163660" role=""/>
  <member type="way" ref="1316163661" role=""/>
  <member type="way" ref="892076148" role=""/>
  <member type="way" ref="892076147" role=""/>
  <member type="way" ref="1227442310" role=""/>
  <member type="way" ref="1316162480" role=""/>
  <member type="way" ref="148627909" role=""/>
  <member type="way" ref="324538813" role=""/>
  <member type="way" ref="280222783" role=""/>
  <member type="way" ref="1203399999" role=""/>
  <member type="way" ref="1203400001" role=""/>
  <member type="way" ref="892764252" role=""/>
  <member type="way" ref="1316169737" role=""/>
  <member type="way" ref="892764251" role=""/>
  <member type="way" ref="321544180" role=""/>
  <member type="way" ref="336945372" role=""/>
  <member type="way" ref="283271077" role=""/>
  <member type="way" ref="396819793" role=""/>
  <member type="way" ref="327337523" role=""/>
  <member type="way" ref="809223214" role=""/>
  <member type="way" ref="279970545" role=""/>
  <member type="way" ref="396819794" role=""/>
  <member type="way" ref="321054797" role=""/>
  <member type="way" ref="280209098" role=""/>
  <member type="way" ref="279876617" role=""/>
  <member type="way" ref="324539685" role=""/>
  <member type="way" ref="329191668" role=""/>
  <member type="way" ref="1341663033" role=""/>
  <member type="way" ref="1341663036" role=""/>
  <member type="way" ref="279895891" role=""/>
  <member type="way" ref="282328369" role=""/>
  <member type="way" ref="323910018" role=""/>
  <member type="way" ref="660055406" role=""/>
  <member type="way" ref="870857470" role=""/>
  <member type="way" ref="613858316" role=""/>
  <member type="way" ref="1473587990" role=""/>
  <member type="way" ref="279649428" role=""/>
  <member type="way" ref="1423498445" role=""/>
  <member type="way" ref="378852513" role=""/>
  <member type="way" ref="378852515" role=""/>
  <member type="way" ref="180523614" role=""/>
  <member type="way" ref="326819128" role=""/>
  <member type="way" ref="279843605" role=""/>
  <member type="way" ref="1337795483" role=""/>
  <member type="way" ref="892757177" role=""/>
  <member type="way" ref="435866944" role=""/>
  <member type="way" ref="1471598883" role=""/>
  <member type="way" ref="342137541" role=""/>
  <member type="way" ref="1025935730" role=""/>
  <member type="way" ref="47835015" role=""/>
  <member type="way" ref="1483765725" role=""/>
  <member type="way" ref="30102310" role=""/>
  <member type="way" ref="892907071" role=""/>
  <member type="way" ref="1340425712" role=""/>
  <member type="way" ref="892907072" role=""/>
  <member type="way" ref="1340425709" role=""/>
  <member type="way" ref="321074645" role=""/>
  <member type="way" ref="1230462973" role=""/>
  <member type="way" ref="493510582" role=""/>
  <member type="way" ref="493510587" role=""/>
  <member type="way" ref="328772905" role=""/>
  <member type="way" ref="962780272" role=""/>
  <member type="way" ref="975724475" role=""/>
  <member type="way" ref="285017675" role=""/>
  <member type="way" ref="1183634276" role=""/>
  <member type="way" ref="284892475" role=""/>
  <member type="way" ref="326821213" role=""/>
  <member type="way" ref="1368199481" role=""/>
  <member type="way" ref="1368199482" role=""/>
  <member type="way" ref="892910462" role=""/>
  <member type="way" ref="279893837" role=""/>
  <member type="way" ref="1343520819" role=""/>
  <member type="way" ref="339372366" role=""/>
  <member type="way" ref="1343480335" role=""/>
  <member type="way" ref="339372362" role=""/>
  <member type="way" ref="1343480330" role=""/>
  <member type="way" ref="621602404" role=""/>
  <member type="way" ref="284919928" role=""/>
  <member type="way" ref="454600545" role=""/>
  <member type="way" ref="496801886" role=""/>
  <member type="way" ref="46227653" role=""/>
  <member type="way" ref="1189325484" role=""/>
  <member type="way" ref="1189325481" role=""/>
  <member type="way" ref="279876638" role=""/>
  <member type="way" ref="1343544513" role=""/>
  <member type="way" ref="892532470" role=""/>
  <member type="way" ref="1343544514" role=""/>
  <member type="way" ref="339388905" role=""/>
  <member type="way" ref="1343402202" role=""/>
  <member type="way" ref="1343402203" role=""/>
  <member type="way" ref="892976043" role=""/>
  <member type="way" ref="279968423" role=""/>
  <member type="way" ref="1343402195" role=""/>
  <member type="way" ref="1343402196" role=""/>
  <member type="way" ref="317137456" role=""/>
  <member type="way" ref="1391879857" role=""/>
  <member type="way" ref="1338097859" role=""/>
  <member type="way" ref="1430394962" role=""/>
  <member type="way" ref="284908053" role=""/>
  <member type="way" ref="393077372" role=""/>
  <member type="way" ref="321564318" role=""/>
  <member type="way" ref="1339859967" role=""/>
  <member type="way" ref="1339859964" role=""/>
  <member type="way" ref="784068021" role=""/>
  <member type="way" ref="784068020" role=""/>
  <member type="way" ref="784068024" role=""/>
  <member type="way" ref="1339862213" role=""/>
  <member type="way" ref="1333228160" role=""/>
  <member type="way" ref="784068017" role=""/>
  <member type="way" ref="1333228159" role=""/>
  <member type="way" ref="173525737" role=""/>
  <member type="way" ref="326819127" role=""/>
  <member type="way" ref="1149231638" role=""/>
  <member type="way" ref="11989455" role=""/>
  <member type="way" ref="24252846" role=""/>
  <member type="way" ref="892827956" role=""/>
  <member type="way" ref="892827955" role=""/>
  <member type="way" ref="1336300806" role=""/>
  <member type="way" ref="892905715" role=""/>
  <member type="way" ref="892905714" role=""/>
  <member type="way" ref="1336612996" role=""/>
  <member type="way" ref="24266499" role=""/>
  <member type="way" ref="1335999608" role=""/>
  <member type="way" ref="892983908" role=""/>
  <member type="way" ref="892983907" role=""/>
  <member type="way" ref="338419484" role=""/>
  <member type="way" ref="279259670" role=""/>
  <member type="way" ref="279259666" role=""/>
  <member type="way" ref="1333044334" role=""/>
  <member type="way" ref="1336913796" role=""/>
  <member type="way" ref="1333044332" role=""/>
  <member type="way" ref="24266599" role=""/>
  <member type="way" ref="333865560" role=""/>
  <member type="way" ref="435198400" role=""/>
  <member type="way" ref="1315441499" role=""/>
  <member type="way" ref="1315441500" role=""/>
  <member type="way" ref="279895894" role=""/>
  <member type="way" ref="760256466" role=""/>
  <member type="way" ref="285017674" role=""/>
  <member type="way" ref="24252817" role=""/>
  <member type="way" ref="319655874" role=""/>
  <member type="way" ref="1343402201" role=""/>
  <member type="way" ref="314356553" role=""/>
  <member type="way" ref="569493965" role=""/>
  <member type="way" ref="279893875" role=""/>
  <member type="way" ref="344159559" role=""/>
  <member type="way" ref="24315832" role=""/>
  <member type="way" ref="1310962221" role=""/>
  <member type="way" ref="437191068" role=""/>
  <member type="way" ref="437191069" role=""/>
  <member type="way" ref="39441965" role=""/>
  <member type="way" ref="1305172761" role=""/>
  <member type="way" ref="1305172760" role=""/>
  <member type="way" ref="344256563" role=""/>
  <member type="way" ref="1312216916" role=""/>
  <member type="way" ref="1312216915" role=""/>
  <member type="way" ref="1152777182" role=""/>
  <member type="way" ref="1321519946" role=""/>
  <member type="way" ref="1189323939" role=""/>
  <member type="way" ref="892836719" role=""/>
  <member type="way" ref="436743321" role=""/>
  <member type="way" ref="326296419" role=""/>
  <member type="way" ref="24315819" role=""/>
  <member type="way" ref="315743452" role=""/>
  <member type="way" ref="1485523261" role=""/>
  <member type="way" ref="326296450" role=""/>
  <member type="way" ref="439199244" role=""/>
  <member type="way" ref="439093038" role=""/>
  <member type="way" ref="1314282290" role=""/>
  <member type="way" ref="1314282289" role=""/>
  <member type="way" ref="312666776" role=""/>
  <member type="way" ref="1023690563" role=""/>
  <member type="way" ref="1025976736" role=""/>
  <member type="way" ref="1023690562" role=""/>
  <member type="way" ref="1025935723" role=""/>
  <member type="way" ref="893575760" role=""/>
  <member type="way" ref="1183589857" role=""/>
  <member type="way" ref="1183586156" role=""/>
  <member type="way" ref="1183585079" role=""/>
  <member type="way" ref="1343273255" role=""/>
  <member type="way" ref="279893833" role=""/>
  <member type="way" ref="279893873" role=""/>
  <member type="way" ref="331007841" role=""/>
  <member type="way" ref="279893869" role=""/>
  <member type="way" ref="892537751" role=""/>
  <member type="way" ref="1290849747" role=""/>
  <member type="way" ref="1290849746" role=""/>
  <member type="way" ref="282567281" role=""/>
  <member type="way" ref="621791091" role=""/>
  <member type="way" ref="621791092" role=""/>
  <member type="way" ref="893575756" role=""/>
  <member type="way" ref="1148632789" role=""/>
  <member type="way" ref="279893874" role=""/>
  <member type="way" ref="279893834" role=""/>
  <member type="way" ref="34334593" role=""/>
  <member type="way" ref="1316710157" role=""/>
  <member type="way" ref="437506604" role=""/>
  <member type="way" ref="437506605" role=""/>
  <member type="way" ref="427843093" role=""/>
  <member type="way" ref="437500801" role=""/>
  <member type="way" ref="1423598278" role=""/>
  <member type="way" ref="1423598284" role=""/>
  <member type="way" ref="280228330" role=""/>
  <member type="way" ref="654331312" role=""/>
  <member type="way" ref="439809580" role=""/>
  <member type="way" ref="892789374" role=""/>
  <member type="way" ref="1363489620" role=""/>
  <member type="way" ref="892789373" role=""/>
  <member type="way" ref="1301093801" role=""/>
  <member type="way" ref="279893845" role=""/>
  <member type="way" ref="583792788" role=""/>
  <member type="way" ref="28747031" role=""/>
  <member type="way" ref="279893870" role=""/>
  <member type="way" ref="416297062" role=""/>
  <member type="way" ref="416297061" role=""/>
  <member type="way" ref="392014797" role=""/>
  <member type="way" ref="392014794" role=""/>
  <member type="way" ref="28746956" role=""/>
  <member type="way" ref="24315816" role=""/>
  <member type="way" ref="279893885" role=""/>
  <member type="way" ref="892442182" role=""/>
  <member type="way" ref="320601927" role=""/>
  <member type="way" ref="1301140116" role=""/>
  <member type="way" ref="405572367" role=""/>
  <member type="way" ref="1343543515" role=""/>
  <member type="way" ref="1185672784" role=""/>
  <member type="way" ref="1151987312" role=""/>
  <member type="way" ref="1188006283" role=""/>
  <member type="way" ref="327624907" role=""/>
  <member type="way" ref="892110495" role=""/>
  <member type="way" ref="330172461" role=""/>
  <member type="way" ref="429899694" role=""/>
  <tag k="name" v="X-OM18-2-I"/>
  <tag k="ref" v="X-OM18-2-I"/>
  <tag k="route" v="bus"/>
  <tag k="type" v="route"/>
 </relation>
 <relation id="4771213" visible="true" version="193" changeset="182087299" timestamp="2026-05-01T18:05:20Z" user="JuanMelo" uid="12906384">
  <member type="way" ref="638290361" role=""/>
  <member type="way" ref="892760983" role=""/>
  <member type="way" ref="331468422" role=""/>
  <member type="way" ref="1148659700" role=""/>
  <member type="way" ref="1148659696" role=""/>
  <member type="way" ref="343428773" role=""/>
  <member type="way" ref="153690735" role=""/>
  <member type="way" ref="1335898586" role=""/>
  <member type="way" ref="1050739174" role=""/>
  <member type="way" ref="699984396" role=""/>
  <member type="way" ref="1335898585" role=""/>
  <member type="way" ref="279068386" role=""/>
  <member type="way" ref="1335898583" role=""/>
  <member type="way" ref="1050739176" role=""/>
  <member type="way" ref="319798533" role=""/>
  <member type="way" ref="893173205" role=""/>
  <member type="way" ref="337257699" role=""/>
  <member type="way" ref="1149006397" role=""/>
  <member type="way" ref="1149006399" role=""/>
  <member type="way" ref="153689070" role=""/>
  <member type="way" ref="893098413" role=""/>
  <member type="way" ref="1149006400" role=""/>
  <member type="way" ref="316943977" role=""/>
  <member type="way" ref="512172836" role=""/>
  <member type="way" ref="512172834" role=""/>
  <member type="way" ref="1483301839" role=""/>
  <member type="way" ref="153681371" role=""/>
  <member type="way" ref="699984399" role=""/>
  <member type="way" ref="279066174" role=""/>
  <member type="way" ref="699984398" role=""/>
  <member type="way" ref="27877499" role=""/>
  <member type="way" ref="1507516432" role=""/>
  <member type="way" ref="1066622384" role=""/>
  <member type="way" ref="512074589" role=""/>
  <member type="way" ref="512074590" role=""/>
  <member type="way" ref="512074587" role=""/>
  <member type="way" ref="512074588" role=""/>
  <member type="way" ref="279060378" role=""/>
  <member type="way" ref="1148304563" role=""/>
  <member type="way" ref="279060377" role=""/>
  <member type="way" ref="330976597" role=""/>
  <member type="way" ref="285112745" role=""/>
  <member type="way" ref="759036940" role=""/>
  <member type="way" ref="285070762" role=""/>
  <member type="way" ref="892759001" role=""/>
  <member type="way" ref="363076965" role=""/>
  <member type="way" ref="892961071" role=""/>
  <member type="way" ref="892961074" role=""/>
  <member type="way" ref="892961073" role=""/>
  <member type="way" ref="892900971" role=""/>
  <member type="way" ref="892900972" role=""/>
  <member type="way" ref="285070761" role=""/>
  <member type="way" ref="342664186" role=""/>
  <member type="way" ref="346087290" role=""/>
  <member type="way" ref="32969274" role=""/>
  <member type="way" ref="370644971" role=""/>
  <member type="way" ref="436567419" role=""/>
  <member type="way" ref="440419245" role=""/>
  <member type="way" ref="1069299989" role=""/>
  <member type="way" ref="149076906" role=""/>
  <member type="way" ref="149076909" role=""/>
  <member type="way" ref="149076900" role=""/>
  <member type="way" ref="149076883" role=""/>
  <member type="way" ref="149077754" role=""/>
  <member type="way" ref="149077752" role=""/>
  <member type="way" ref="149077755" role=""/>
  <member type="way" ref="1330094439" role=""/>
  <member type="way" ref="149077753" role=""/>
  <member type="way" ref="149076886" role=""/>
  <member type="way" ref="149076894" role=""/>
  <member type="way" ref="1014180611" role=""/>
  <member type="way" ref="1152444690" role=""/>
  <member type="way" ref="1230462983" role=""/>
  <member type="way" ref="1152555556" role=""/>
  <member type="way" ref="1338315113" role=""/>
  <member type="way" ref="149076912" role=""/>
  <member type="way" ref="24316073" role=""/>
  <member type="way" ref="588176002" role=""/>
  <member type="way" ref="342112931" role=""/>
  <member type="way" ref="1014180609" role=""/>
  <member type="way" ref="243364007" role=""/>
  <member type="way" ref="653650078" role=""/>
  <member type="way" ref="1014180610" role=""/>
  <member type="way" ref="38748577" role=""/>
  <member type="way" ref="14386828" role=""/>
  <member type="way" ref="893110836" role=""/>
  <member type="way" ref="305615729" role=""/>
  <member type="way" ref="1338100238" role=""/>
  <member type="way" ref="435371888" role=""/>
  <member type="way" ref="435371892" role=""/>
  <member type="way" ref="435371894" role=""/>
  <member type="way" ref="642946063" role=""/>
  <member type="way" ref="11981788" role=""/>
  <member type="way" ref="435380107" role=""/>
  <member type="way" ref="1152284565" role=""/>
  <member type="way" ref="435380100" role=""/>
  <member type="way" ref="435380105" role=""/>
  <member type="way" ref="129466113" role=""/>
  <member type="way" ref="406008844" role=""/>
  <member type="way" ref="279893875" role=""/>
  <member type="way" ref="569493965" role=""/>
  <member type="way" ref="314356553" role=""/>
  <member type="way" ref="11986321" role=""/>
  <member type="way" ref="1189079826" role=""/>
  <member type="way" ref="1023395811" role=""/>
  <member type="way" ref="1023046255" role=""/>
  <member type="way" ref="892945206" role=""/>
  <member type="way" ref="892945205" role=""/>
  <member type="way" ref="435555979" role=""/>
  <member type="way" ref="290085067" role=""/>
  <member type="way" ref="288578415" role=""/>
  <member type="way" ref="435204001" role=""/>
  <member type="way" ref="782827662" role=""/>
  <member type="way" ref="316995819" role=""/>
  <member type="way" ref="892827159" role=""/>
  <member type="way" ref="892827158" role=""/>
  <member type="way" ref="46227648" role=""/>
  <member type="way" ref="437395774" role=""/>
  <member type="way" ref="437395775" role=""/>
  <member type="way" ref="326231401" role=""/>
  <member type="way" ref="435546424" role=""/>
  <member type="way" ref="892750746" role=""/>
  <member type="way" ref="344084913" role=""/>
  <member type="way" ref="1336633514" role=""/>
  <member type="way" ref="961143480" role=""/>
  <member type="way" ref="324601502" role=""/>
  <member type="way" ref="1228095127" role=""/>
  <member type="way" ref="1366731389" role=""/>
  <member type="way" ref="1386320290" role=""/>
  <member type="way" ref="1366731390" role=""/>
  <member type="way" ref="331402537" role=""/>
  <member type="way" ref="1386316471" role=""/>
  <member type="way" ref="1183888930" role=""/>
  <member type="way" ref="892417536" role=""/>
  <member type="way" ref="892417537" role=""/>
  <member type="way" ref="1183597823" role=""/>
  <member type="way" ref="409655415" role=""/>
  <member type="way" ref="409655433" role=""/>
  <member type="way" ref="279627971" role=""/>
  <member type="way" ref="324606622" role=""/>
  <member type="way" ref="1366731398" role=""/>
  <member type="way" ref="1364656389" role=""/>
  <member type="way" ref="42312595" role=""/>
  <member type="way" ref="1149920894" role=""/>
  <member type="way" ref="1149920895" role=""/>
  <member type="way" ref="338761663" role=""/>
  <member type="way" ref="324583170" role=""/>
  <member type="way" ref="324583172" role=""/>
  <member type="way" ref="1149920908" role=""/>
  <member type="way" ref="1149920907" role=""/>
  <member type="way" ref="1149920904" role=""/>
  <member type="way" ref="1149920903" role=""/>
  <member type="way" ref="337413854" role=""/>
  <member type="way" ref="1149925407" role=""/>
  <member type="way" ref="1149925408" role=""/>
  <member type="way" ref="319508368" role=""/>
  <member type="way" ref="1445729586" role=""/>
  <member type="way" ref="321393962" role=""/>
  <member type="way" ref="1150206122" role=""/>
  <member type="way" ref="1150206121" role=""/>
  <member type="way" ref="28815142" role=""/>
  <member type="way" ref="1190103231" role=""/>
  <member type="way" ref="1149974864" role=""/>
  <member type="way" ref="1149974861" role=""/>
  <member type="way" ref="326821639" role=""/>
  <member type="way" ref="1018156626" role=""/>
  <member type="way" ref="1336893095" role=""/>
  <member type="way" ref="1336893094" role=""/>
  <member type="way" ref="1018156622" role=""/>
  <member type="way" ref="320249071" role=""/>
  <member type="way" ref="1367411590" role=""/>
  <member type="way" ref="1367411589" role=""/>
  <member type="way" ref="435827517" role=""/>
  <member type="way" ref="1470387418" role=""/>
  <member type="way" ref="1363206572" role=""/>
  <member type="way" ref="1470387419" role=""/>
  <member type="way" ref="320249074" role=""/>
  <member type="way" ref="1363206571" role=""/>
  <member type="way" ref="892588927" role=""/>
  <member type="way" ref="331401810" role=""/>
  <member type="way" ref="1343516218" role=""/>
  <member type="way" ref="1182611690" role=""/>
  <member type="way" ref="1364656380" role=""/>
  <member type="way" ref="295445098" role=""/>
  <member type="way" ref="435326244" role=""/>
  <member type="way" ref="1364656378" role=""/>
  <member type="way" ref="1364656377" role=""/>
  <member type="way" ref="1333249971" role=""/>
  <member type="way" ref="1364656376" role=""/>
  <member type="way" ref="321564142" role=""/>
  <member type="way" ref="1364656379" role=""/>
  <member type="way" ref="948875438" role=""/>
  <member type="way" ref="408906848" role=""/>
  <member type="way" ref="44111793" role=""/>
  <member type="way" ref="1365663082" role=""/>
  <member type="way" ref="1365663083" role=""/>
  <member type="way" ref="295449942" role=""/>
  <member type="way" ref="327297727" role=""/>
  <member type="way" ref="357534961" role=""/>
  <member type="way" ref="1005606908" role=""/>
  <member type="way" ref="1365663084" role=""/>
  <member type="way" ref="1365663085" role=""/>
  <member type="way" ref="1365663086" role=""/>
  <member type="way" ref="1469818660" role=""/>
  <member type="way" ref="1469818657" role=""/>
  <member type="way" ref="324545261" role=""/>
  <member type="way" ref="4832984" role=""/>
  <member type="way" ref="660254542" role=""/>
  <member type="way" ref="1013544309" role=""/>
  <member type="way" ref="1427573354" role=""/>
  <member type="way" ref="1427564267" role=""/>
  <member type="way" ref="1427564268" role=""/>
  <member type="way" ref="1427573353" role=""/>
  <member type="way" ref="660254538" role=""/>
  <member type="way" ref="397012816" role=""/>
  <member type="way" ref="321401262" role=""/>
  <member type="way" ref="324542711" role=""/>
  <member type="way" ref="1154546062" role=""/>
  <member type="way" ref="326594996" role=""/>
  <member type="way" ref="1013544309" role=""/>
  <member type="way" ref="1427573354" role=""/>
  <member type="way" ref="1427564267" role=""/>
  <member type="way" ref="1427564268" role=""/>
  <member type="way" ref="1427573353" role=""/>
  <member type="way" ref="529387801" role=""/>
  <member type="way" ref="314363405" role=""/>
  <member type="way" ref="1468972683" role=""/>
  <member type="way" ref="320284406" role=""/>
  <member type="way" ref="320249065" role=""/>
  <member type="way" ref="327616622" role=""/>
  <member type="way" ref="326565329" role=""/>
  <member type="way" ref="326565255" role=""/>
  <member type="way" ref="320236658" role=""/>
  <member type="way" ref="330271462" role=""/>
  <member type="way" ref="278992180" role=""/>
  <member type="way" ref="1341464590" role=""/>
  <member type="way" ref="278992183" role=""/>
  <member type="way" ref="278990869" role=""/>
  <member type="way" ref="279528792" role=""/>
  <member type="way" ref="1459180467" role=""/>
  <member type="way" ref="320607491" role=""/>
  <member type="way" ref="1227656932" role=""/>
  <member type="way" ref="344184067" role=""/>
  <member type="way" ref="324544470" role=""/>
  <member type="way" ref="320236657" role=""/>
  <member type="way" ref="330083241" role=""/>
  <member type="way" ref="699950468" role=""/>
  <member type="way" ref="1457937190" role=""/>
  <member type="way" ref="699950469" role=""/>
  <member type="way" ref="324540055" role=""/>
  <member type="way" ref="1458167893" role=""/>
  <member type="way" ref="357556685" role=""/>
  <member type="way" ref="285017676" role=""/>
  <member type="way" ref="274832062" role=""/>
  <member type="way" ref="1343344674" role=""/>
  <member type="way" ref="1231942781" role=""/>
  <member type="way" ref="1343344676" role=""/>
  <member type="way" ref="1231942774" role=""/>
  <member type="way" ref="1156996022" role=""/>
  <member type="way" ref="1343632152" role=""/>
  <member type="way" ref="1343632152" role=""/>
  <member type="way" ref="1156996022" role=""/>
  <member type="way" ref="1231942774" role=""/>
  <member type="way" ref="1343344676" role=""/>
  <member type="way" ref="1231942781" role=""/>
  <member type="way" ref="1343344674" role=""/>
  <member type="way" ref="274832062" role=""/>
  <member type="way" ref="295316062" role=""/>
  <member type="way" ref="1343632155" role=""/>
  <member type="way" ref="1156996020" role=""/>
  <member type="way" ref="295316065" role=""/>
  <member type="way" ref="1342441817" role=""/>
  <member type="way" ref="333850315" role=""/>
  <member type="way" ref="1342441815" role=""/>
  <member type="way" ref="1232081824" role=""/>
  <member type="way" ref="1343465848" role=""/>
  <member type="way" ref="339364870" role=""/>
  <member type="way" ref="1232081832" role=""/>
  <member type="way" ref="1232081836" role=""/>
  <member type="way" ref="1232081835" role=""/>
  <member type="way" ref="1232081847" role=""/>
  <member type="way" ref="1232081846" role=""/>
  <member type="way" ref="110061965" role=""/>
  <member type="way" ref="617838882" role=""/>
  <member type="way" ref="333849956" role=""/>
  <member type="way" ref="274832025" role=""/>
  <member type="way" ref="608202691" role=""/>
  <member type="way" ref="170247300" role=""/>
  <member type="way" ref="1155908452" role=""/>
  <member type="way" ref="333849711" role=""/>
  <member type="way" ref="1469023744" role=""/>
  <member type="way" ref="46960415" role=""/>
  <member type="way" ref="333849427" role=""/>
  <member type="way" ref="320462416" role=""/>
  <member type="way" ref="1334866892" role=""/>
  <member type="way" ref="46960771" role=""/>
  <member type="way" ref="1156774755" role=""/>
  <member type="way" ref="330257648" role=""/>
  <member type="way" ref="1190518391" role=""/>
  <member type="way" ref="330270701" role=""/>
  <member type="way" ref="278952730" role=""/>
  <member type="way" ref="1470387416" role=""/>
  <member type="way" ref="142275537" role=""/>
  <member type="way" ref="1433615294" role=""/>
  <member type="way" ref="675314801" role=""/>
  <member type="way" ref="1433615295" role=""/>
  <member type="way" ref="1430758967" role=""/>
  <member type="way" ref="1430758968" role=""/>
  <tag k="name" v="X-SM18-I"/>
  <tag k="ref" v="X-SM18-I"/>
  <tag k="route" v="bus"/>
  <tag k="type" v="route"/>
 </relation>
 <relation id="4784767" visible="true" version="193" changeset="178715311" timestamp="2026-02-18T09:14:00Z" user="LakeSimcoe" uid="22220381">
  <member type="way" ref="314062733" role=""/>
  <member type="way" ref="1360771173" role=""/>
  <member type="way" ref="1360771174" role=""/>
  <member type="way" ref="1360771175" role=""/>
  <member type="way" ref="1360771176" role=""/>
  <member type="way" ref="1360771177" role=""/>
  <member type="way" ref="1360771178" role=""/>
  <member type="way" ref="1360771179" role=""/>
  <member type="way" ref="434949759" role=""/>
  <member type="way" ref="436272742" role=""/>
  <member type="way" ref="436256840" role=""/>
  <member type="way" ref="1419427999" role=""/>
  <member type="way" ref="312323032" role=""/>
  <member type="way" ref="1419427998" role=""/>
  <member type="way" ref="1419044647" role=""/>
  <member type="way" ref="1419044646" role=""/>
  <member type="way" ref="43476929" role=""/>
  <member type="way" ref="1254971805" role=""/>
  <member type="way" ref="279549526" role=""/>
  <member type="way" ref="1419044649" role=""/>
  <member type="way" ref="1419427996" role=""/>
  <member type="way" ref="1419044648" role=""/>
  <member type="way" ref="1419427997" role=""/>
  <member type="way" ref="1080860326" role=""/>
  <member type="way" ref="101600571" role=""/>
  <member type="way" ref="1080860324" role=""/>
  <member type="way" ref="1336866942" role=""/>
  <member type="way" ref="321073362" role=""/>
  <member type="way" ref="1092723693" role=""/>
  <member type="way" ref="436780522" role=""/>
  <member type="way" ref="1338081620" role=""/>
  <member type="way" ref="1092723695" role=""/>
  <member type="way" ref="328675133" role=""/>
  <member type="way" ref="180067379" role=""/>
  <member type="way" ref="49449963" role=""/>
  <member type="way" ref="49449945" role=""/>
  <member type="way" ref="180067382" role=""/>
  <member type="way" ref="893123858" role=""/>
  <member type="way" ref="893123859" role=""/>
  <member type="way" ref="1080631168" role=""/>
  <member type="way" ref="279649492" role=""/>
  <member type="way" ref="24306424" role=""/>
  <member type="way" ref="401783246" role=""/>
  <member type="way" ref="280348404" role=""/>
  <member type="way" ref="435853782" role=""/>
  <member type="way" ref="893163001" role=""/>
  <member type="way" ref="893163002" role=""/>
  <member type="way" ref="1341422422" role=""/>
  <member type="way" ref="49426555" role=""/>
  <member type="way" ref="435846332" role=""/>
  <member type="way" ref="314122425" role=""/>
  <member type="way" ref="331313285" role=""/>
  <member type="way" ref="282552676" role=""/>
  <member type="way" ref="436930108" role=""/>
  <member type="way" ref="1363366410" role=""/>
  <member type="way" ref="279876639" role=""/>
  <member type="way" ref="282552665" role=""/>
  <member type="way" ref="493510599" role=""/>
  <member type="way" ref="1340425713" role=""/>
  <member type="way" ref="1148052917" role=""/>
  <member type="way" ref="1340425708" role=""/>
  <member type="way" ref="338241852" role=""/>
  <member type="way" ref="493510593" role=""/>
  <member type="way" ref="1364656386" role=""/>
  <member type="way" ref="493510595" role=""/>
  <member type="way" ref="493510591" role=""/>
  <member type="way" ref="1343472940" role=""/>
  <member type="way" ref="401780811" role=""/>
  <member type="way" ref="1343472939" role=""/>
  <member type="way" ref="401780810" role=""/>
  <member type="way" ref="493510581" role=""/>
  <member type="way" ref="323136850" role=""/>
  <member type="way" ref="1343485283" role=""/>
  <member type="way" ref="285017679" role=""/>
  <member type="way" ref="325446447" role=""/>
  <member type="way" ref="1343485281" role=""/>
  <member type="way" ref="327261898" role=""/>
  <member type="way" ref="892431510" role=""/>
  <member type="way" ref="892431508" role=""/>
  <member type="way" ref="327261960" role=""/>
  <member type="way" ref="1343520818" role=""/>
  <member type="way" ref="891957175" role=""/>
  <member type="way" ref="892910464" role=""/>
  <member type="way" ref="279893884" role=""/>
  <member type="way" ref="1368198540" role=""/>
  <member type="way" ref="1343480334" role=""/>
  <member type="way" ref="339372364" role=""/>
  <member type="way" ref="1343480331" role=""/>
  <member type="way" ref="284901703" role=""/>
  <member type="way" ref="621602406" role=""/>
  <member type="way" ref="328815822" role=""/>
  <member type="way" ref="454600546" role=""/>
  <member type="way" ref="496801885" role=""/>
  <member type="way" ref="1189325483" role=""/>
  <member type="way" ref="1189325482" role=""/>
  <member type="way" ref="46227650" role=""/>
  <member type="way" ref="1343544512" role=""/>
  <member type="way" ref="1150010102" role=""/>
  <member type="way" ref="1343544511" role=""/>
  <member type="way" ref="324365881" role=""/>
  <member type="way" ref="1150783764" role=""/>
  <member type="way" ref="1343402198" role=""/>
  <member type="way" ref="1343402197" role=""/>
  <member type="way" ref="1343402200" role=""/>
  <member type="way" ref="1343402199" role=""/>
  <member type="way" ref="279876622" role=""/>
  <member type="way" ref="760256465" role=""/>
  <member type="way" ref="496801887" role=""/>
  <member type="way" ref="413041816" role=""/>
  <member type="way" ref="809321423" role=""/>
  <member type="way" ref="760256462" role=""/>
  <member type="way" ref="892464147" role=""/>
  <member type="way" ref="1449698449" role=""/>
  <member type="way" ref="1339934560" role=""/>
  <member type="way" ref="1339934561" role=""/>
  <member type="way" ref="892464146" role=""/>
  <member type="way" ref="129377286" role=""/>
  <member type="way" ref="1333560655" role=""/>
  <member type="way" ref="892590630" role=""/>
  <member type="way" ref="892590629" role=""/>
  <member type="way" ref="301585351" role=""/>
  <member type="way" ref="315240514" role=""/>
  <member type="way" ref="315218166" role=""/>
  <member type="way" ref="118976212" role=""/>
  <member type="way" ref="1365587155" role=""/>
  <member type="way" ref="430221379" role=""/>
  <member type="way" ref="436599644" role=""/>
  <member type="way" ref="1365860781" role=""/>
  <member type="way" ref="1365860782" role=""/>
  <member type="way" ref="436433428" role=""/>
  <member type="way" ref="636417835" role=""/>
  <member type="way" ref="435703295" role=""/>
  <member type="way" ref="315557586" role=""/>
  <member type="way" ref="1442549210" role=""/>
  <member type="way" ref="1455273170" role=""/>
  <member type="way" ref="1380185338" role=""/>
  <member type="way" ref="315218165" role=""/>
  <member type="way" ref="47028454" role=""/>
  <member type="way" ref="1444100758" role=""/>
  <member type="way" ref="1444100759" role=""/>
  <member type="way" ref="14342452" role=""/>
  <member type="way" ref="1365860785" role=""/>
  <member type="way" ref="337605612" role=""/>
  <member type="way" ref="337605613" role=""/>
  <member type="way" ref="330154010" role=""/>
  <member type="way" ref="1365860788" role=""/>
  <member type="way" ref="1365860787" role=""/>
  <member type="way" ref="1230462979" role=""/>
  <member type="way" ref="1230462978" role=""/>
  <member type="way" ref="315218164" role=""/>
  <member type="way" ref="654086787" role=""/>
  <member type="way" ref="314356553" role=""/>
  <member type="way" ref="11986778" role=""/>
  <member type="way" ref="511802061" role=""/>
  <member type="way" ref="1230462975" role=""/>
  <member type="way" ref="511800020" role=""/>
  <member type="way" ref="11987159" role=""/>
  <member type="way" ref="406007416" role=""/>
  <member type="way" ref="653820833" role=""/>
  <member type="way" ref="406007411" role=""/>
  <member type="way" ref="406007422" role=""/>
  <member type="way" ref="406008845" role=""/>
  <member type="way" ref="1310962224" role=""/>
  <member type="way" ref="670521714" role=""/>
  <member type="way" ref="39441948" role=""/>
  <member type="way" ref="437191067" role=""/>
  <member type="way" ref="437191070" role=""/>
  <member type="way" ref="1312216914" role=""/>
  <member type="way" ref="1312216913" role=""/>
  <member type="way" ref="24315836" role=""/>
  <member type="way" ref="1305172758" role=""/>
  <member type="way" ref="1152777183" role=""/>
  <member type="way" ref="1189323941" role=""/>
  <member type="way" ref="1321519945" role=""/>
  <member type="way" ref="285061727" role=""/>
  <member type="way" ref="893031440" role=""/>
  <member type="way" ref="893031439" role=""/>
  <member type="way" ref="326312165" role=""/>
  <member type="way" ref="315743452" role=""/>
  <member type="way" ref="33818372" role=""/>
  <member type="way" ref="279893868" role=""/>
  <member type="way" ref="1185672786" role=""/>
  <member type="way" ref="1343543514" role=""/>
  <member type="way" ref="326165110" role=""/>
  <member type="way" ref="1301140119" role=""/>
  <member type="way" ref="437346933" role=""/>
  <member type="way" ref="1151017528" role=""/>
  <member type="way" ref="1151017529" role=""/>
  <member type="way" ref="1189050030" role=""/>
  <member type="way" ref="315557549" role=""/>
  <member type="way" ref="1480009555" role=""/>
  <member type="way" ref="438697172" role=""/>
  <member type="way" ref="335971773" role=""/>
  <member type="way" ref="37749493" role=""/>
  <member type="way" ref="1201510587" role=""/>
  <member type="way" ref="335757628" role=""/>
  <member type="way" ref="319650837" role=""/>
  <member type="way" ref="321054801" role=""/>
  <member type="way" ref="34997048" role=""/>
  <member type="way" ref="1150730327" role=""/>
  <member type="way" ref="34997049" role=""/>
  <member type="way" ref="439910368" role=""/>
  <member type="way" ref="439916743" role=""/>
  <member type="way" ref="893180534" role=""/>
  <member type="way" ref="893180533" role=""/>
  <member type="way" ref="944292791" role=""/>
  <member type="way" ref="439916744" role=""/>
  <member type="way" ref="944292792" role=""/>
  <member type="way" ref="512395034" role=""/>
  <member type="way" ref="512395035" role=""/>
  <member type="way" ref="550172846" role=""/>
  <member type="way" ref="512393550" role=""/>
  <member type="way" ref="512393549" role=""/>
  <member type="way" ref="512391487" role=""/>
  <member type="way" ref="1115884914" role=""/>
  <member type="way" ref="512391486" role=""/>
  <member type="way" ref="1210880061" role=""/>
  <member type="way" ref="1210880060" role=""/>
  <member type="way" ref="1115884918" role=""/>
  <member type="way" ref="1115884917" role=""/>
  <member type="way" ref="780409083" role=""/>
  <member type="way" ref="512386165" role=""/>
  <member type="way" ref="327608956" role=""/>
  <member type="way" ref="893180532" role=""/>
  <member type="way" ref="127704301" role=""/>
  <member type="way" ref="111902593" role=""/>
  <member type="way" ref="1152017727" role=""/>
  <member type="way" ref="111885469" role=""/>
  <member type="way" ref="1152017726" role=""/>
  <member type="way" ref="1343179595" role=""/>
  <member type="way" ref="1390579717" role=""/>
  <member type="way" ref="143762682" role=""/>
  <member type="way" ref="314785051" role=""/>
  <member type="way" ref="1341199555" role=""/>
  <member type="way" ref="822863626" role=""/>
  <member type="way" ref="1341199555" role=""/>
  <member type="way" ref="822863626" role=""/>
  <member type="way" ref="314785051" role=""/>
  <member type="way" ref="28866499" role=""/>
  <member type="way" ref="436966762" role=""/>
  <member type="way" ref="364212425" role=""/>
  <member type="way" ref="1210880062" role=""/>
  <member type="way" ref="337250988" role=""/>
  <member type="way" ref="437848286" role=""/>
  <member type="way" ref="437848148" role=""/>
  <member type="way" ref="437508549" role=""/>
  <member type="way" ref="1101861015" role=""/>
  <member type="way" ref="126860250" role=""/>
  <member type="way" ref="1116387108" role=""/>
  <member type="way" ref="512680610" role=""/>
  <member type="way" ref="1116387105" role=""/>
  <member type="way" ref="1459697328" role=""/>
  <member type="way" ref="699991183" role=""/>
  <member type="way" ref="1459697327" role=""/>
  <member type="way" ref="1116348908" role=""/>
  <member type="way" ref="1393428571" role=""/>
  <member type="way" ref="326273055" role=""/>
  <member type="way" ref="315743441" role=""/>
  <member type="way" ref="1116348905" role=""/>
  <member type="way" ref="338225814" role=""/>
  <member type="way" ref="153672641" role=""/>
  <member type="way" ref="1208938317" role=""/>
  <member type="way" ref="1208938313" role=""/>
  <member type="way" ref="1101861027" role=""/>
  <member type="way" ref="892110496" role=""/>
  <member type="way" ref="429899693" role=""/>
  <member type="way" ref="1188006285" role=""/>
  <member type="way" ref="1151987313" role=""/>
  <tag k="name" v="X-OM19-I"/>
  <tag k="ref" v="X-OM19-I"/>
  <tag k="route" v="bus"/>
  <tag k="type" v="route"/>
 </relation>
 <relation id="4854044" visible="true" version="159" changeset="182087299" timestamp="2026-05-01T18:05:20Z" user="JuanMelo" uid="12906384">
  <member type="way" ref="1148659696" role=""/>
  <member type="way" ref="343428773" role=""/>
  <member type="way" ref="153690735" role=""/>
  <member type="way" ref="1335898586" role=""/>
  <member type="way" ref="1335898583" role=""/>
  <member type="way" ref="279068386" role=""/>
  <member type="way" ref="1050739176" role=""/>
  <member type="way" ref="319798533" role=""/>
  <member type="way" ref="893173205" role=""/>
  <member type="way" ref="337257699" role=""/>
  <member type="way" ref="1149006397" role=""/>
  <member type="way" ref="1149006399" role=""/>
  <member type="way" ref="153689070" role=""/>
  <member type="way" ref="893098413" role=""/>
  <member type="way" ref="1149006400" role=""/>
  <member type="way" ref="316943977" role=""/>
  <member type="way" ref="512172836" role=""/>
  <member type="way" ref="512172834" role=""/>
  <member type="way" ref="153681371" role=""/>
  <member type="way" ref="1483301839" role=""/>
  <member type="way" ref="279066174" role=""/>
  <member type="way" ref="1507516432" role=""/>
  <member type="way" ref="27877499" role=""/>
  <member type="way" ref="1066622384" role=""/>
  <member type="way" ref="512074589" role=""/>
  <member type="way" ref="512074590" role=""/>
  <member type="way" ref="512074587" role=""/>
  <member type="way" ref="512074588" role=""/>
  <member type="way" ref="279060378" role=""/>
  <member type="way" ref="1148304563" role=""/>
  <member type="way" ref="279060377" role=""/>
  <member type="way" ref="330976597" role=""/>
  <member type="way" ref="285112745" role=""/>
  <member type="way" ref="759036940" role=""/>
  <member type="way" ref="285070762" role=""/>
  <member type="way" ref="892759001" role=""/>
  <member type="way" ref="363076965" role=""/>
  <member type="way" ref="892961071" role=""/>
  <member type="way" ref="892961074" role=""/>
  <member type="way" ref="892961073" role=""/>
  <member type="way" ref="892900971" role=""/>
  <member type="way" ref="892900972" role=""/>
  <member type="way" ref="285070761" role=""/>
  <member type="way" ref="342664186" role=""/>
  <member type="way" ref="346087290" role=""/>
  <member type="way" ref="32969274" role=""/>
  <member type="way" ref="370644971" role=""/>
  <member type="way" ref="436567419" role=""/>
  <member type="way" ref="440419245" role=""/>
  <member type="way" ref="1069299989" role=""/>
  <member type="way" ref="149076906" role=""/>
  <member type="way" ref="149076909" role=""/>
  <member type="way" ref="149076900" role=""/>
  <member type="way" ref="149076883" role=""/>
  <member type="way" ref="149077754" role=""/>
  <member type="way" ref="149077752" role=""/>
  <member type="way" ref="149077755" role=""/>
  <member type="way" ref="1330094439" role=""/>
  <member type="way" ref="149077753" role=""/>
  <member type="way" ref="149076886" role=""/>
  <member type="way" ref="149076894" role=""/>
  <member type="way" ref="1014180611" role=""/>
  <member type="way" ref="1152444690" role=""/>
  <member type="way" ref="1230462983" role=""/>
  <member type="way" ref="1152555556" role=""/>
  <member type="way" ref="1338315113" role=""/>
  <member type="way" ref="149076912" role=""/>
  <member type="way" ref="24316073" role=""/>
  <member type="way" ref="588176002" role=""/>
  <member type="way" ref="342112931" role=""/>
  <member type="way" ref="1014180609" role=""/>
  <member type="way" ref="243364007" role=""/>
  <member type="way" ref="653650078" role=""/>
  <member type="way" ref="1014180610" role=""/>
  <member type="way" ref="38748577" role=""/>
  <member type="way" ref="14386828" role=""/>
  <member type="way" ref="893110836" role=""/>
  <member type="way" ref="305615729" role=""/>
  <member type="way" ref="1338100238" role=""/>
  <member type="way" ref="435371888" role=""/>
  <member type="way" ref="435371892" role=""/>
  <member type="way" ref="435371894" role=""/>
  <member type="way" ref="642946063" role=""/>
  <member type="way" ref="11981788" role=""/>
  <member type="way" ref="435380107" role=""/>
  <member type="way" ref="1152284565" role=""/>
  <member type="way" ref="435380100" role=""/>
  <member type="way" ref="435380105" role=""/>
  <member type="way" ref="129466113" role=""/>
  <member type="way" ref="406008844" role=""/>
  <member type="way" ref="279893875" role=""/>
  <member type="way" ref="569493965" role=""/>
  <member type="way" ref="314356553" role=""/>
  <member type="way" ref="1228095127" role=""/>
  <member type="way" ref="324601502" role=""/>
  <member type="way" ref="961143480" role=""/>
  <member type="way" ref="1336633514" role=""/>
  <member type="way" ref="344084913" role=""/>
  <member type="way" ref="435546424" role=""/>
  <member type="way" ref="437395774" role=""/>
  <member type="way" ref="46227648" role=""/>
  <member type="way" ref="892827158" role=""/>
  <member type="way" ref="892827159" role=""/>
  <member type="way" ref="316995819" role=""/>
  <member type="way" ref="435204001" role=""/>
  <member type="way" ref="288578415" role=""/>
  <member type="way" ref="435555979" role=""/>
  <member type="way" ref="892750746" role=""/>
  <member type="way" ref="892945206" role=""/>
  <member type="way" ref="1023046255" role=""/>
  <member type="way" ref="437395775" role=""/>
  <member type="way" ref="326231401" role=""/>
  <member type="way" ref="290085067" role=""/>
  <member type="way" ref="1343489463" role=""/>
  <member type="way" ref="321564009" role=""/>
  <member type="way" ref="892945205" role=""/>
  <member type="way" ref="1336561794" role=""/>
  <member type="way" ref="24307561" role=""/>
  <member type="way" ref="1366731394" role=""/>
  <member type="way" ref="319508371" role=""/>
  <member type="way" ref="1366731393" role=""/>
  <member type="way" ref="435511313" role=""/>
  <member type="way" ref="782827662" role=""/>
  <member type="way" ref="450261082" role=""/>
  <member type="way" ref="1066621223" role=""/>
  <member type="way" ref="1336561796" role=""/>
  <member type="way" ref="1336561799" role=""/>
  <member type="way" ref="1023395811" role=""/>
  <member type="way" ref="1189079826" role=""/>
  <member type="way" ref="11986321" role=""/>
  <member type="way" ref="24307193" role=""/>
  <member type="way" ref="24307162" role=""/>
  <member type="way" ref="321573568" role=""/>
  <member type="way" ref="321573566" role=""/>
  <member type="way" ref="1423560660" role=""/>
  <member type="way" ref="1423646018" role=""/>
  <member type="way" ref="336172248" role=""/>
  <member type="way" ref="757059006" role=""/>
  <member type="way" ref="1445729586" role=""/>
  <member type="way" ref="321393962" role=""/>
  <member type="way" ref="1150206122" role=""/>
  <member type="way" ref="1150206121" role=""/>
  <member type="way" ref="28815142" role=""/>
  <member type="way" ref="1190103231" role=""/>
  <member type="way" ref="1149974864" role=""/>
  <member type="way" ref="1149974861" role=""/>
  <member type="way" ref="326821639" role=""/>
  <member type="way" ref="1018156626" role=""/>
  <member type="way" ref="1336893095" role=""/>
  <member type="way" ref="1336893094" role=""/>
  <member type="way" ref="1018156622" role=""/>
  <member type="way" ref="320249071" role=""/>
  <member type="way" ref="1367411590" role=""/>
  <member type="way" ref="1367411589" role=""/>
  <member type="way" ref="435827517" role=""/>
  <member type="way" ref="1470387418" role=""/>
  <member type="way" ref="1363206572" role=""/>
  <member type="way" ref="1470387419" role=""/>
  <member type="way" ref="320249074" role=""/>
  <member type="way" ref="1363206571" role=""/>
  <member type="way" ref="892588927" role=""/>
  <member type="way" ref="331401810" role=""/>
  <member type="way" ref="1343516218" role=""/>
  <member type="way" ref="1182611690" role=""/>
  <member type="way" ref="1364656380" role=""/>
  <member type="way" ref="295445098" role=""/>
  <member type="way" ref="435326244" role=""/>
  <member type="way" ref="1364656378" role=""/>
  <member type="way" ref="1364656377" role=""/>
  <member type="way" ref="1333249971" role=""/>
  <member type="way" ref="1364656376" role=""/>
  <member type="way" ref="321564142" role=""/>
  <member type="way" ref="1364656379" role=""/>
  <member type="way" ref="948875438" role=""/>
  <member type="way" ref="408906848" role=""/>
  <member type="way" ref="44111793" role=""/>
  <member type="way" ref="1365663082" role=""/>
  <member type="way" ref="1365663083" role=""/>
  <member type="way" ref="295449942" role=""/>
  <member type="way" ref="327297727" role=""/>
  <member type="way" ref="357534961" role=""/>
  <member type="way" ref="1005606908" role=""/>
  <member type="way" ref="1365663084" role=""/>
  <member type="way" ref="1365663085" role=""/>
  <member type="way" ref="1365663086" role=""/>
  <member type="way" ref="1469818660" role=""/>
  <member type="way" ref="1469818657" role=""/>
  <member type="way" ref="324545261" role=""/>
  <member type="way" ref="4832984" role=""/>
  <member type="way" ref="660254542" role=""/>
  <member type="way" ref="1013544309" role=""/>
  <member type="way" ref="1427573354" role=""/>
  <member type="way" ref="1427564267" role=""/>
  <member type="way" ref="1427564268" role=""/>
  <member type="way" ref="1427573353" role=""/>
  <member type="way" ref="660254538" role=""/>
  <member type="way" ref="397012816" role=""/>
  <member type="way" ref="321401262" role=""/>
  <member type="way" ref="324542711" role=""/>
  <member type="way" ref="1154546062" role=""/>
  <member type="way" ref="326594996" role=""/>
  <member type="way" ref="1013544309" role=""/>
  <member type="way" ref="1427573354" role=""/>
  <member type="way" ref="1427564267" role=""/>
  <member type="way" ref="1427564268" role=""/>
  <member type="way" ref="1427573353" role=""/>
  <member type="way" ref="529387801" role=""/>
  <member type="way" ref="320284406" role=""/>
  <member type="way" ref="320249044" role=""/>
  <member type="way" ref="363109204" role=""/>
  <member type="way" ref="363109210" role=""/>
  <member type="way" ref="1344491110" role=""/>
  <tag k="name" v="X-SO26-I"/>
  <tag k="ref" v="X-SO26-I"/>
  <tag k="route" v="bus"/>
  <tag k="type" v="route"/>
 </relation>
 <relation id="5121851" visible="true" version="197" changeset="182321794" timestamp="2026-05-07T05:40:29Z" user="RahadRiver" uid="23310597">
  <member type="way" ref="126856036" role=""/>
  <member type="way" ref="519696110" role=""/>
  <member type="way" ref="436270729" role=""/>
  <member type="way" ref="1393475372" role=""/>
  <member type="way" ref="1158720905" role=""/>
  <member type="way" ref="1357628826" role=""/>
  <member type="way" ref="1357628825" role=""/>
  <member type="way" ref="436270728" role=""/>
  <member type="way" ref="1357628824" role=""/>
  <member type="way" ref="1116348906" role=""/>
  <member type="way" ref="521312680" role=""/>
  <member type="way" ref="326273151" role=""/>
  <member type="way" ref="1116348907" role=""/>
  <member type="way" ref="1459697328" role=""/>
  <member type="way" ref="699991183" role=""/>
  <member type="way" ref="1459697327" role=""/>
  <member type="way" ref="153672641" role=""/>
  <member type="way" ref="1208938317" role=""/>
  <member type="way" ref="1208938313" role=""/>
  <member type="way" ref="1101861027" role=""/>
  <member type="way" ref="1027465413" role=""/>
  <member type="way" ref="329890711" role=""/>
  <member type="way" ref="1393425653" role=""/>
  <member type="way" ref="1393425652" role=""/>
  <member type="way" ref="325252046" role=""/>
  <member type="way" ref="1183912582" role=""/>
  <member type="way" ref="1183912584" role=""/>
  <member type="way" ref="1343524016" role=""/>
  <member type="way" ref="1343524015" role=""/>
  <member type="way" ref="435551903" role=""/>
  <member type="way" ref="1148895540" role=""/>
  <member type="way" ref="1148895538" role=""/>
  <member type="way" ref="326252881" role=""/>
  <member type="way" ref="1148895536" role=""/>
  <member type="way" ref="1148895537" role=""/>
  <member type="way" ref="1188593000" role=""/>
  <member type="way" ref="1051993807" role=""/>
  <member type="way" ref="1148895533" role=""/>
  <member type="way" ref="761070555" role=""/>
  <member type="way" ref="1026563758" role=""/>
  <member type="way" ref="126733455" role=""/>
  <member type="way" ref="325247877" role=""/>
  <member type="way" ref="111941155" role=""/>
  <member type="way" ref="111930071" role=""/>
  <member type="way" ref="344176038" role=""/>
  <member type="way" ref="315743446" role=""/>
  <member type="way" ref="111895568" role=""/>
  <member type="way" ref="436966762" role=""/>
  <member type="way" ref="28866499" role=""/>
  <member type="way" ref="28317146" role=""/>
  <member type="way" ref="1341199556" role=""/>
  <member type="way" ref="822863623" role=""/>
  <member type="way" ref="143762691" role=""/>
  <member type="way" ref="333695216" role=""/>
  <member type="way" ref="1210880058" role=""/>
  <member type="way" ref="1210880059" role=""/>
  <member type="way" ref="512391489" role=""/>
  <member type="way" ref="512391488" role=""/>
  <member type="way" ref="512393552" role=""/>
  <member type="way" ref="512393551" role=""/>
  <member type="way" ref="512395032" role=""/>
  <member type="way" ref="512395033" role=""/>
  <member type="way" ref="549619452" role=""/>
  <member type="way" ref="549619451" role=""/>
  <member type="way" ref="439910363" role=""/>
  <member type="way" ref="1150730328" role=""/>
  <member type="way" ref="34997047" role=""/>
  <member type="way" ref="34997044" role=""/>
  <member type="way" ref="326249725" role=""/>
  <member type="way" ref="463986134" role=""/>
  <member type="way" ref="1475486400" role=""/>
  <member type="way" ref="583816734" role=""/>
  <member type="way" ref="1201510588" role=""/>
  <member type="way" ref="1475486401" role=""/>
  <member type="way" ref="314787096" role=""/>
  <member type="way" ref="326249633" role=""/>
  <member type="way" ref="319786288" role=""/>
  <member type="way" ref="331465756" role=""/>
  <member type="way" ref="892989344" role=""/>
  <member type="way" ref="892989343" role=""/>
  <member type="way" ref="319641231" role=""/>
  <member type="way" ref="435488442" role=""/>
  <member type="way" ref="315743452" role=""/>
  <member type="way" ref="24315819" role=""/>
  <member type="way" ref="326296419" role=""/>
  <member type="way" ref="436743321" role=""/>
  <member type="way" ref="892836719" role=""/>
  <member type="way" ref="1189323939" role=""/>
  <member type="way" ref="1321519946" role=""/>
  <member type="way" ref="1152777182" role=""/>
  <member type="way" ref="1305172761" role=""/>
  <member type="way" ref="1305172760" role=""/>
  <member type="way" ref="344256563" role=""/>
  <member type="way" ref="1312216916" role=""/>
  <member type="way" ref="1312216915" role=""/>
  <member type="way" ref="39441965" role=""/>
  <member type="way" ref="437191069" role=""/>
  <member type="way" ref="437191068" role=""/>
  <member type="way" ref="24315832" role=""/>
  <member type="way" ref="1310962221" role=""/>
  <member type="way" ref="344159559" role=""/>
  <member type="way" ref="279893875" role=""/>
  <member type="way" ref="569493965" role=""/>
  <member type="way" ref="314356553" role=""/>
  <member type="way" ref="319655874" role=""/>
  <member type="way" ref="24252817" role=""/>
  <member type="way" ref="330172461" role=""/>
  <member type="way" ref="24252846" role=""/>
  <member type="way" ref="11989455" role=""/>
  <member type="way" ref="892827956" role=""/>
  <member type="way" ref="892827955" role=""/>
  <member type="way" ref="1336300806" role=""/>
  <member type="way" ref="892905715" role=""/>
  <member type="way" ref="892905714" role=""/>
  <member type="way" ref="1336612996" role=""/>
  <member type="way" ref="24266499" role=""/>
  <member type="way" ref="1335999608" role=""/>
  <member type="way" ref="892983908" role=""/>
  <member type="way" ref="892983907" role=""/>
  <member type="way" ref="338419484" role=""/>
  <member type="way" ref="279259670" role=""/>
  <member type="way" ref="1333044334" role=""/>
  <member type="way" ref="1336913796" role=""/>
  <member type="way" ref="1333044332" role=""/>
  <member type="way" ref="279259666" role=""/>
  <member type="way" ref="24266599" role=""/>
  <member type="way" ref="333865560" role=""/>
  <member type="way" ref="435198400" role=""/>
  <member type="way" ref="1315441499" role=""/>
  <member type="way" ref="1315441500" role=""/>
  <member type="way" ref="574876816" role=""/>
  <member type="way" ref="1338344280" role=""/>
  <member type="way" ref="1181905791" role=""/>
  <member type="way" ref="279895887" role=""/>
  <member type="way" ref="1150556744" role=""/>
  <member type="way" ref="1150556745" role=""/>
  <member type="way" ref="28815017" role=""/>
  <member type="way" ref="890894422" role=""/>
  <member type="way" ref="1333746355" role=""/>
  <member type="way" ref="435499354" role=""/>
  <member type="way" ref="1149943974" role=""/>
  <member type="way" ref="890894421" role=""/>
  <member type="way" ref="345140571" role=""/>
  <member type="way" ref="314358355" role=""/>
  <member type="way" ref="315553415" role=""/>
  <member type="way" ref="1436358825" role=""/>
  <member type="way" ref="284919939" role=""/>
  <member type="way" ref="1510185167" role=""/>
  <member type="way" ref="284919932" role=""/>
  <member type="way" ref="413030081" role=""/>
  <member type="way" ref="1333235925" role=""/>
  <member type="way" ref="1447723779" role=""/>
  <member type="way" ref="396439310" role=""/>
  <member type="way" ref="1333235923" role=""/>
  <member type="way" ref="396439313" role=""/>
  <member type="way" ref="342118033" role=""/>
  <member type="way" ref="1445729588" role=""/>
  <member type="way" ref="1445729587" role=""/>
  <member type="way" ref="316049115" role=""/>
  <member type="way" ref="1149925405" role=""/>
  <member type="way" ref="1149925406" role=""/>
  <member type="way" ref="1149920906" role=""/>
  <member type="way" ref="1149920905" role=""/>
  <member type="way" ref="316049120" role=""/>
  <member type="way" ref="1021326658" role=""/>
  <member type="way" ref="1021325948" role=""/>
  <member type="way" ref="338761665" role=""/>
  <member type="way" ref="1021325945" role=""/>
  <member type="way" ref="1433615297" role=""/>
  <member type="way" ref="1430758965" role=""/>
  <member type="way" ref="1433615296" role=""/>
  <member type="way" ref="1430758966" role=""/>
  <member type="way" ref="320046588" role=""/>
  <member type="way" ref="1168373459" role=""/>
  <member type="way" ref="315233322" role=""/>
  <member type="way" ref="1376181762" role=""/>
  <member type="way" ref="1168373458" role=""/>
  <member type="way" ref="1363237538" role=""/>
  <member type="way" ref="331401212" role=""/>
  <member type="way" ref="1013422281" role=""/>
  <member type="way" ref="298433505" role=""/>
  <member type="way" ref="315233337" role=""/>
  <member type="way" ref="1013422288" role=""/>
  <member type="way" ref="1013422290" role=""/>
  <member type="way" ref="1013422292" role=""/>
  <member type="way" ref="4827828" role=""/>
  <member type="way" ref="111888318" role=""/>
  <member type="way" ref="1423476758" role=""/>
  <member type="way" ref="4827829" role=""/>
  <member type="way" ref="1443076138" role=""/>
  <member type="way" ref="1476350228" role=""/>
  <member type="way" ref="378149439" role=""/>
  <member type="way" ref="1476350229" role=""/>
  <member type="way" ref="1443076139" role=""/>
  <member type="way" ref="1441548689" role=""/>
  <member type="way" ref="1476350231" role=""/>
  <member type="way" ref="1476350230" role=""/>
  <member type="way" ref="4827821" role=""/>
  <member type="way" ref="330072006" role=""/>
  <member type="way" ref="1363366403" role=""/>
  <member type="way" ref="1423476750" role=""/>
  <member type="way" ref="1476350226" role=""/>
  <member type="way" ref="1476350225" role=""/>
  <member type="way" ref="1024007215" role=""/>
  <member type="way" ref="1476350227" role=""/>
  <member type="way" ref="1476350224" role=""/>
  <member type="way" ref="24252777" role=""/>
  <member type="way" ref="1395879762" role=""/>
  <member type="way" ref="1014474913" role=""/>
  <member type="way" ref="1014474911" role=""/>
  <member type="way" ref="1395866159" role=""/>
  <member type="way" ref="344149307" role=""/>
  <member type="way" ref="1395866158" role=""/>
  <member type="way" ref="1144931966" role=""/>
  <member type="way" ref="45763328" role=""/>
  <member type="way" ref="1144931967" role=""/>
  <member type="way" ref="400425685" role=""/>
  <member type="way" ref="75037359" role=""/>
  <member type="way" ref="75037363" role=""/>
  <member type="way" ref="618616561" role=""/>
  <member type="way" ref="618616563" role=""/>
  <member type="way" ref="279864829" role=""/>
  <member type="way" ref="312662581" role=""/>
  <member type="way" ref="75037358" role=""/>
  <member type="way" ref="1379022415" role=""/>
  <member type="way" ref="284929210" role=""/>
  <member type="way" ref="44366479" role=""/>
  <member type="way" ref="334764059" role=""/>
  <member type="way" ref="44366481" role=""/>
  <member type="way" ref="326466775" role=""/>
  <member type="way" ref="999215378" role=""/>
  <member type="way" ref="325460413" role=""/>
  <member type="way" ref="326466873" role=""/>
  <member type="way" ref="1013819308" role=""/>
  <member type="way" ref="321571011" role=""/>
  <member type="way" ref="117598350" role=""/>
  <member type="way" ref="1102261358" role=""/>
  <member type="way" ref="117598311" role=""/>
  <member type="way" ref="1366051840" role=""/>
  <member type="way" ref="344174131" role=""/>
  <member type="way" ref="320898735" role=""/>
  <member type="way" ref="134766366" role=""/>
  <member type="way" ref="134766362" role=""/>
  <member type="way" ref="338522555" role=""/>
  <member type="way" ref="1470446322" role=""/>
  <member type="way" ref="1366051839" role=""/>
  <member type="way" ref="134766361" role=""/>
  <member type="way" ref="75036032" role=""/>
  <member type="way" ref="619019401" role=""/>
  <member type="way" ref="619019400" role=""/>
  <member type="way" ref="618054429" role=""/>
  <member type="way" ref="618054428" role=""/>
  <member type="way" ref="279864789" role=""/>
  <member type="way" ref="279864811" role=""/>
  <member type="way" ref="320898739" role=""/>
  <member type="way" ref="254945500" role=""/>
  <member type="way" ref="111884853" role=""/>
  <member type="way" ref="122541942" role=""/>
  <member type="way" ref="315202076" role=""/>
  <member type="way" ref="893138556" role=""/>
  <member type="way" ref="893138555" role=""/>
  <member type="way" ref="122541908" role=""/>
  <member type="way" ref="1030830960" role=""/>
  <member type="way" ref="1030830964" role=""/>
  <member type="way" ref="1030830966" role=""/>
  <member type="way" ref="1358892433" role=""/>
  <member type="way" ref="1030830969" role=""/>
  <member type="way" ref="1030830965" role=""/>
  <member type="way" ref="1030830968" role=""/>
  <member type="way" ref="1030830971" role=""/>
  <member type="way" ref="670372971" role=""/>
  <member type="way" ref="344149562" role=""/>
  <member type="way" ref="1408914684" role=""/>
  <member type="way" ref="628831992" role=""/>
  <member type="way" ref="344149561" role=""/>
  <member type="way" ref="111924588" role=""/>
  <member type="way" ref="1211465366" role=""/>
  <tag k="name" v="X-SO31-I"/>
  <tag k="ref" v="X-SO31-I"/>
  <tag k="route" v="bus"/>
  <tag k="type" v="route"/>
 </relation>
 <relation id="5122602" visible="true" version="161" changeset="178298966" timestamp="2026-02-09T08:15:20Z" user="LakeSimcoe" uid="22220381">
  <member type="way" ref="126733455" role=""/>
  <member type="way" ref="344176038" role=""/>
  <member type="way" ref="344172537" role=""/>
  <member type="way" ref="1150498926" role=""/>
  <member type="way" ref="759034124" role=""/>
  <member type="way" ref="337690752" role=""/>
  <member type="way" ref="553630264" role=""/>
  <member type="way" ref="1150556683" role=""/>
  <member type="way" ref="1182162396" role=""/>
  <member type="way" ref="1450416971" role=""/>
  <member type="way" ref="1450416968" role=""/>
  <member type="way" ref="553630265" role=""/>
  <member type="way" ref="1150542283" role=""/>
  <member type="way" ref="428504994" role=""/>
  <member type="way" ref="1182162394" role=""/>
  <member type="way" ref="1182162392" role=""/>
  <member type="way" ref="157905304" role=""/>
  <member type="way" ref="337685852" role=""/>
  <member type="way" ref="111939467" role=""/>
  <member type="way" ref="419812694" role=""/>
  <member type="way" ref="279125638" role=""/>
  <member type="way" ref="111964434" role=""/>
  <member type="way" ref="111888063" role=""/>
  <member type="way" ref="172879626" role=""/>
  <member type="way" ref="437378477" role=""/>
  <member type="way" ref="1343487098" role=""/>
  <member type="way" ref="338240656" role=""/>
  <member type="way" ref="437381006" role=""/>
  <member type="way" ref="892630126" role=""/>
  <member type="way" ref="338421623" role=""/>
  <member type="way" ref="279125635" role=""/>
  <member type="way" ref="512348862" role=""/>
  <member type="way" ref="1459697330" role=""/>
  <member type="way" ref="1459697331" role=""/>
  <member type="way" ref="279125628" role=""/>
  <member type="way" ref="1051988841" role=""/>
  <member type="way" ref="37749374" role=""/>
  <member type="way" ref="1475486394" role=""/>
  <member type="way" ref="319786287" role=""/>
  <member type="way" ref="439924958" role=""/>
  <member type="way" ref="314787096" role=""/>
  <member type="way" ref="1475486401" role=""/>
  <member type="way" ref="1201510588" role=""/>
  <member type="way" ref="33784606" role=""/>
  <member type="way" ref="326249633" role=""/>
  <member type="way" ref="319786288" role=""/>
  <member type="way" ref="331465756" role=""/>
  <member type="way" ref="892989344" role=""/>
  <member type="way" ref="892989343" role=""/>
  <member type="way" ref="319641231" role=""/>
  <member type="way" ref="435488442" role=""/>
  <member type="way" ref="324821986" role=""/>
  <member type="way" ref="1204060176" role=""/>
  <member type="way" ref="438898111" role=""/>
  <member type="way" ref="438661167" role=""/>
  <member type="way" ref="315743452" role=""/>
  <member type="way" ref="24315819" role=""/>
  <member type="way" ref="326296419" role=""/>
  <member type="way" ref="436743321" role=""/>
  <member type="way" ref="892836719" role=""/>
  <member type="way" ref="1189323939" role=""/>
  <member type="way" ref="1321519946" role=""/>
  <member type="way" ref="1152777182" role=""/>
  <member type="way" ref="1305172761" role=""/>
  <member type="way" ref="1305172760" role=""/>
  <member type="way" ref="344256563" role=""/>
  <member type="way" ref="1312216916" role=""/>
  <member type="way" ref="1312216915" role=""/>
  <member type="way" ref="39441965" role=""/>
  <member type="way" ref="437191069" role=""/>
  <member type="way" ref="437191068" role=""/>
  <member type="way" ref="24315832" role=""/>
  <member type="way" ref="1310962221" role=""/>
  <member type="way" ref="344159559" role=""/>
  <member type="way" ref="279893875" role=""/>
  <member type="way" ref="569493965" role=""/>
  <member type="way" ref="314356553" role=""/>
  <member type="way" ref="319655874" role=""/>
  <member type="way" ref="319655871" role=""/>
  <member type="way" ref="338413096" role=""/>
  <member type="way" ref="1380185340" role=""/>
  <member type="way" ref="1384751169" role=""/>
  <member type="way" ref="320601933" role=""/>
  <member type="way" ref="1444100757" role=""/>
  <member type="way" ref="1444100756" role=""/>
  <member type="way" ref="435338679" role=""/>
  <member type="way" ref="435327840" role=""/>
  <member type="way" ref="315218165" role=""/>
  <member type="way" ref="1095300067" role=""/>
  <member type="way" ref="14096352" role=""/>
  <member type="way" ref="1469334611" role=""/>
  <member type="way" ref="430221378" role=""/>
  <member type="way" ref="636392341" role=""/>
  <member type="way" ref="1385984698" role=""/>
  <member type="way" ref="129822379" role=""/>
  <member type="way" ref="1098029907" role=""/>
  <member type="way" ref="435352376" role=""/>
  <member type="way" ref="24281798" role=""/>
  <member type="way" ref="330181055" role=""/>
  <member type="way" ref="459598900" role=""/>
  <member type="way" ref="118976210" role=""/>
  <member type="way" ref="301585353" role=""/>
  <member type="way" ref="154081154" role=""/>
  <member type="way" ref="154081155" role=""/>
  <member type="way" ref="1151036497" role=""/>
  <member type="way" ref="762936269" role=""/>
  <member type="way" ref="998192778" role=""/>
  <member type="way" ref="1013826677" role=""/>
  <member type="way" ref="1013826679" role=""/>
  <member type="way" ref="401494444" role=""/>
  <member type="way" ref="893125482" role=""/>
  <member type="way" ref="1013826678" role=""/>
  <member type="way" ref="893125483" role=""/>
  <member type="way" ref="1374899020" role=""/>
  <member type="way" ref="892552888" role=""/>
  <member type="way" ref="1386323073" role=""/>
  <member type="way" ref="892552887" role=""/>
  <member type="way" ref="1183563027" role=""/>
  <member type="way" ref="1183563028" role=""/>
  <member type="way" ref="1374899019" role=""/>
  <member type="way" ref="676415439" role=""/>
  <member type="way" ref="626515409" role=""/>
  <member type="way" ref="279627971" role=""/>
  <member type="way" ref="1301402025" role=""/>
  <member type="way" ref="892942130" role=""/>
  <member type="way" ref="892942129" role=""/>
  <member type="way" ref="892942128" role=""/>
  <member type="way" ref="330154503" role=""/>
  <member type="way" ref="998192776" role=""/>
  <member type="way" ref="762942771" role=""/>
  <member type="way" ref="892082571" role=""/>
  <member type="way" ref="761576529" role=""/>
  <member type="way" ref="892082570" role=""/>
  <member type="way" ref="761576528" role=""/>
  <member type="way" ref="1386655200" role=""/>
  <member type="way" ref="568375225" role=""/>
  <member type="way" ref="1386655199" role=""/>
  <member type="way" ref="1011577698" role=""/>
  <member type="way" ref="327668724" role=""/>
  <member type="way" ref="998577339" role=""/>
  <member type="way" ref="998577340" role=""/>
  <member type="way" ref="393289577" role=""/>
  <member type="way" ref="393289580" role=""/>
  <member type="way" ref="1024289638" role=""/>
  <member type="way" ref="298392890" role=""/>
  <member type="way" ref="172099442" role=""/>
  <member type="way" ref="998577342" role=""/>
  <member type="way" ref="1024287708" role=""/>
  <member type="way" ref="998577341" role=""/>
  <member type="way" ref="298367718" role=""/>
  <member type="way" ref="1024287696" role=""/>
  <member type="way" ref="1022441261" role=""/>
  <member type="way" ref="998555742" role=""/>
  <member type="way" ref="998577343" role=""/>
  <member type="way" ref="998217848" role=""/>
  <member type="way" ref="1395879760" role=""/>
  <member type="way" ref="1395866159" role=""/>
  <member type="way" ref="344149307" role=""/>
  <member type="way" ref="1395866158" role=""/>
  <member type="way" ref="1144931966" role=""/>
  <member type="way" ref="45763328" role=""/>
  <member type="way" ref="1144931967" role=""/>
  <member type="way" ref="400425685" role=""/>
  <member type="way" ref="75037359" role=""/>
  <member type="way" ref="75037363" role=""/>
  <member type="way" ref="618616561" role=""/>
  <member type="way" ref="618616563" role=""/>
  <member type="way" ref="279864829" role=""/>
  <member type="way" ref="312662581" role=""/>
  <member type="way" ref="75037358" role=""/>
  <member type="way" ref="1379022415" role=""/>
  <member type="way" ref="284929210" role=""/>
  <member type="way" ref="44366479" role=""/>
  <member type="way" ref="334764059" role=""/>
  <member type="way" ref="44366481" role=""/>
  <member type="way" ref="326466873" role=""/>
  <member type="way" ref="326466775" role=""/>
  <member type="way" ref="999215378" role=""/>
  <member type="way" ref="117598350" role=""/>
  <member type="way" ref="1102261358" role=""/>
  <member type="way" ref="325460413" role=""/>
  <member type="way" ref="321571011" role=""/>
  <member type="way" ref="1013819308" role=""/>
  <member type="way" ref="117598311" role=""/>
  <member type="way" ref="117598440" role=""/>
  <member type="way" ref="344174130" role=""/>
  <member type="way" ref="1366058287" role=""/>
  <member type="way" ref="320757339" role=""/>
  <member type="way" ref="314360444" role=""/>
  <member type="way" ref="1366058288" role=""/>
  <member type="way" ref="391960580" role=""/>
  <member type="way" ref="391960581" role=""/>
  <member type="way" ref="4832777" role=""/>
  <member type="way" ref="1013544305" role=""/>
  <member type="way" ref="1117936677" role=""/>
  <member type="way" ref="1366058289" role=""/>
  <member type="way" ref="1366058290" role=""/>
  <member type="way" ref="4827949" role=""/>
  <member type="way" ref="1117936681" role=""/>
  <member type="way" ref="1117936680" role=""/>
  <member type="way" ref="122375973" role=""/>
  <member type="way" ref="125823895" role=""/>
  <member type="way" ref="282661654" role=""/>
  <member type="way" ref="320602248" role=""/>
  <member type="way" ref="282661653" role=""/>
  <member type="way" ref="320527147" role=""/>
  <member type="way" ref="326423706" role=""/>
  <member type="way" ref="100610358" role=""/>
  <member type="way" ref="1154620861" role=""/>
  <member type="way" ref="603516045" role=""/>
  <member type="way" ref="68170355" role=""/>
  <member type="way" ref="316943972" role=""/>
  <member type="way" ref="966420148" role=""/>
  <member type="way" ref="315560912" role=""/>
  <member type="way" ref="323236685" role=""/>
  <member type="way" ref="344163766" role=""/>
  <member type="way" ref="550257397" role=""/>
  <member type="way" ref="284929192" role=""/>
  <member type="way" ref="549550040" role=""/>
  <member type="way" ref="549550041" role=""/>
  <member type="way" ref="327232878" role=""/>
  <member type="way" ref="1342287360" role=""/>
  <member type="way" ref="1342287359" role=""/>
  <member type="way" ref="115838952" role=""/>
  <member type="way" ref="316471806" role=""/>
  <member type="way" ref="550166692" role=""/>
  <member type="way" ref="550166693" role=""/>
  <member type="way" ref="314794532" role=""/>
  <member type="way" ref="339429576" role=""/>
  <member type="way" ref="344175972" role=""/>
  <member type="way" ref="334697358" role=""/>
  <member type="way" ref="119442047" role=""/>
  <member type="way" ref="1343517401" role=""/>
  <member type="way" ref="1343517402" role=""/>
  <member type="way" ref="315561697" role=""/>
  <member type="way" ref="328619473" role=""/>
  <member type="way" ref="314360438" role=""/>
  <member type="way" ref="328620027" role=""/>
  <member type="way" ref="319649654" role=""/>
  <member type="way" ref="344175968" role=""/>
  <member type="way" ref="315202474" role=""/>
  <member type="way" ref="315203783" role=""/>
  <member type="way" ref="315203784" role=""/>
  <member type="way" ref="314360439" role=""/>
  <member type="way" ref="1000083458" role=""/>
  <member type="way" ref="119877695" role=""/>
  <member type="way" ref="344175970" role=""/>
  <member type="way" ref="761051323" role=""/>
  <member type="way" ref="28866499" role=""/>
  <member type="way" ref="436966762" role=""/>
  <member type="way" ref="761051325" role=""/>
  <member type="way" ref="28317146" role=""/>
  <member type="way" ref="1341199556" role=""/>
  <member type="way" ref="822863623" role=""/>
  <member type="way" ref="279125634" role=""/>
  <member type="way" ref="1341199561" role=""/>
  <member type="way" ref="1343629135" role=""/>
  <member type="way" ref="822863629" role=""/>
  <member type="way" ref="279115113" role=""/>
  <member type="way" ref="892580686" role=""/>
  <member type="way" ref="892580685" role=""/>
  <member type="way" ref="438942695" role=""/>
  <tag k="name" v="X-SM24-I"/>
  <tag k="ref" v="X-SM24-I"/>
  <tag k="route" v="bus"/>
  <tag k="type" v="route"/>
 </relation>
 <relation id="6085098" visible="true" version="1" changeset="38101876" timestamp="2016-03-27T15:38:05Z" user="Diego Sanguinetti" uid="309382">
  <member type="way" ref="406007422" role="from"/>
  <member type="node" ref="108178119" role="via"/>
  <member type="way" ref="406008844" role="to"/>
  <tag k="restriction" v="no_left_turn"/>
  <tag k="type" v="restriction"/>
 </relation>
 <relation id="6454807" visible="true" version="2" changeset="133383033" timestamp="2023-03-06T23:32:58Z" user="OuterPace" uid="10028118">
  <member type="way" ref="435380105" role="from"/>
  <member type="node" ref="108183458" role="via"/>
  <member type="way" ref="1152284564" role="to"/>
  <tag k="implicit" v="yes"/>
  <tag k="restriction" v="no_left_turn"/>
  <tag k="type" v="restriction"/>
 </relation>
 <relation id="6454808" visible="true" version="3" changeset="163750036" timestamp="2025-03-17T20:48:32Z" user="Fer25" uid="14345373">
  <member type="way" ref="435380105" role="from"/>
  <member type="node" ref="108183458" role="via"/>
  <member type="way" ref="1368492049" role="to"/>
  <tag k="implicit" v="yes"/>
  <tag k="restriction" v="no_u_turn"/>
  <tag k="type" v="restriction"/>
 </relation>
 <relation id="9092099" visible="true" version="3" changeset="70170974" timestamp="2019-05-12T20:57:54Z" user="ovruni" uid="81735">
  <member type="way" ref="444507738" role="outer"/>
  <member type="way" ref="653820366" role="inner"/>
  <member type="way" ref="653820367" role="inner"/>
  <tag k="addr:city" v="Miraflores"/>
  <tag k="addr:housenumber" v="347"/>
  <tag k="addr:street" v="Avenida Alfredo Benavides"/>
  <tag k="building" v="yes"/>
  <tag k="contact:facebook" v="https://www.facebook.com/MIRAFLORESEXPOCENTRO/"/>
  <tag k="email" v="ccexpocentro@hotmail.com"/>
  <tag k="name" v="Expocentro"/>
  <tag k="name:en" v="Expocentro"/>
  <tag k="name:es" v="Expocentro"/>
  <tag k="opening_hours" v="Mo-Su 10:00-22:00"/>
  <tag k="shop" v="mall"/>
  <tag k="toilets:wheelchair" v="no"/>
  <tag k="type" v="multipolygon"/>
  <tag k="wheelchair" v="limited"/>
  <tag k="wheelchair:description" v="Entraas para cadapiso por difernte av. Dentro no hay elevador. Tienes que ir hasta el otro lado."/>
 </relation>
 <relation id="9092100" visible="true" version="1" changeset="65327074" timestamp="2018-12-09T22:46:07Z" user="Diego Sanguinetti" uid="309382">
  <member type="way" ref="436583027" role="outer"/>
  <member type="way" ref="460124299" role="inner"/>
  <tag k="addr:street" v="Calle Los Pinos"/>
  <tag k="building" v="retail"/>
  <tag k="height" v="10"/>
  <tag k="source" v="Reconocimiento cartográfico por KG 2016"/>
  <tag k="type" v="multipolygon"/>
 </relation>
 <relation id="11154170" visible="true" version="1" changeset="85958230" timestamp="2020-05-29T16:49:42Z" user="BikeRoad" uid="3189465">
  <member type="way" ref="245492484" role="outer"/>
  <member type="way" ref="809630877" role="inner"/>
  <tag k="addr:city" v="Miraflores"/>
  <tag k="addr:housenumber" v="400"/>
  <tag k="addr:postcode" v="15074"/>
  <tag k="addr:street" v="Avenida José Larco"/>
  <tag k="building" v="yes"/>
  <tag k="building:colour" v="#B59C74"/>
  <tag k="building:levels" v="3"/>
  <tag k="height" v="7"/>
  <tag k="type" v="multipolygon"/>
  <tag k="wheelchair" v="yes"/>
 </relation>
 <relation id="13690718" visible="true" version="37" changeset="167719233" timestamp="2025-06-17T03:13:26Z" user="MountBabia" uid="18236549">
  <member type="node" ref="9356722989" role="platform_entry_only"/>
  <member type="node" ref="9356722988" role="stop_entry_only"/>
  <member type="node" ref="4384632861" role="platform"/>
  <member type="node" ref="9356722986" role="stop"/>
  <member type="node" ref="4384632874" role="platform"/>
  <member type="node" ref="9356722987" role="stop"/>
  <member type="node" ref="9356722982" role="platform"/>
  <member type="node" ref="9356722981" role="stop"/>
  <member type="node" ref="4372058047" role="platform"/>
  <member type="node" ref="9356722978" role="stop"/>
  <member type="node" ref="7134505486" role="platform"/>
  <member type="node" ref="9356722975" role="stop"/>
  <member type="node" ref="9356722973" role="stop"/>
  <member type="node" ref="9356722974" role="platform"/>
  <member type="node" ref="9356722972" role="stop"/>
  <member type="node" ref="4619727089" role="platform"/>
  <member type="node" ref="7137828985" role="platform"/>
  <member type="node" ref="9356722968" role="stop"/>
  <member type="node" ref="4272459189" role="platform"/>
  <member type="node" ref="9356722966" role="stop"/>
  <member type="node" ref="9356722961" role="platform"/>
  <member type="node" ref="9356722962" role="stop"/>
  <member type="node" ref="5992164843" role="platform"/>
  <member type="node" ref="9356722960" role="stop"/>
  <member type="node" ref="5022637422" role="platform"/>
  <member type="node" ref="5481117469" role="stop"/>
  <member type="node" ref="5992164490" role="platform"/>
  <member type="node" ref="9356722957" role="stop"/>
  <member type="node" ref="5992164491" role="platform"/>
  <member type="node" ref="9356722955" role="stop"/>
  <member type="node" ref="9356722952" role="platform"/>
  <member type="node" ref="4186483063" role="stop"/>
  <member type="node" ref="5992162407" role="platform"/>
  <member type="node" ref="9356722950" role="stop"/>
  <member type="node" ref="5992162408" role="platform"/>
  <member type="node" ref="9356722947" role="stop"/>
  <member type="node" ref="5992162409" role="platform"/>
  <member type="node" ref="9356722942" role="stop"/>
  <member type="node" ref="5992162252" role="platform"/>
  <member type="node" ref="9356722939" role="stop"/>
  <member type="node" ref="5992164495" role="platform"/>
  <member type="node" ref="9356722936" role="stop"/>
  <member type="node" ref="9356722933" role="platform"/>
  <member type="node" ref="5992162253" role="platform"/>
  <member type="node" ref="9356722929" role="stop"/>
  <member type="node" ref="4792773621" role="platform"/>
  <member type="node" ref="9356722928" role="stop"/>
  <member type="node" ref="9356722925" role="platform"/>
  <member type="node" ref="9356722924" role="stop"/>
  <member type="node" ref="9356722922" role="platform"/>
  <member type="node" ref="9356722921" role="stop"/>
  <member type="node" ref="9353345470" role="platform"/>
  <member type="node" ref="9353345469" role="stop"/>
  <member type="node" ref="9353345467" role="platform"/>
  <member type="node" ref="1855176550" role="stop"/>
  <member type="node" ref="4334162892" role="platform"/>
  <member type="node" ref="9219857805" role="stop"/>
  <member type="node" ref="9219938960" role="platform"/>
  <member type="node" ref="1855176553" role="stop"/>
  <member type="node" ref="4404441356" role="platform"/>
  <member type="node" ref="9219857814" role="stop"/>
  <member type="node" ref="9224845603" role="platform"/>
  <member type="node" ref="9219885709" role="stop"/>
  <member type="node" ref="885811866" role="platform"/>
  <member type="node" ref="9219885712" role="stop"/>
  <member type="node" ref="9219938962" role="platform"/>
  <member type="node" ref="3023789504" role="stop"/>
  <member type="node" ref="9215136524" role="stop"/>
  <member type="node" ref="9224845598" role="platform"/>
  <member type="node" ref="9342141745" role="platform"/>
  <member type="node" ref="9429402675" role="stop"/>
  <member type="node" ref="885969341" role="platform"/>
  <member type="node" ref="9429402677" role="stop"/>
  <member type="node" ref="9356722934" role="stop"/>
  <member type="node" ref="885969320" role="platform_exit_only"/>
  <member type="node" ref="9429402678" role="stop_exit_only"/>
  <member type="way" ref="363086046" role=""/>
  <member type="way" ref="762108006" role=""/>
  <member type="way" ref="285063042" role=""/>
  <member type="way" ref="310643391" role=""/>
  <member type="way" ref="391996220" role=""/>
  <member type="way" ref="1152444690" role=""/>
  <member type="way" ref="1230462983" role=""/>
  <member type="way" ref="1152555556" role=""/>
  <member type="way" ref="1338315113" role=""/>
  <member type="way" ref="149076912" role=""/>
  <member type="way" ref="24316073" role=""/>
  <member type="way" ref="588176002" role=""/>
  <member type="way" ref="342112931" role=""/>
  <member type="way" ref="575282838" role=""/>
  <member type="way" ref="1014180610" role=""/>
  <member type="way" ref="38748577" role=""/>
  <member type="way" ref="14386828" role=""/>
  <member type="way" ref="893110836" role=""/>
  <member type="way" ref="305615729" role=""/>
  <member type="way" ref="1338100238" role=""/>
  <member type="way" ref="435371888" role=""/>
  <member type="way" ref="435371892" role=""/>
  <member type="way" ref="435371894" role=""/>
  <member type="way" ref="642946063" role=""/>
  <member type="way" ref="11981788" role=""/>
  <member type="way" ref="435380107" role=""/>
  <member type="way" ref="1152284565" role=""/>
  <member type="way" ref="435380100" role=""/>
  <member type="way" ref="435380105" role=""/>
  <member type="way" ref="129466113" role=""/>
  <member type="way" ref="406008844" role=""/>
  <member type="way" ref="279893875" role=""/>
  <member type="way" ref="569493965" role=""/>
  <member type="way" ref="314356553" role=""/>
  <member type="way" ref="11986321" role=""/>
  <member type="way" ref="1189079826" role=""/>
  <member type="way" ref="1023395811" role=""/>
  <member type="way" ref="1023046255" role=""/>
  <member type="way" ref="892945206" role=""/>
  <member type="way" ref="892945205" role=""/>
  <member type="way" ref="1148659495" role=""/>
  <member type="way" ref="1148659494" role=""/>
  <member type="way" ref="435555979" role=""/>
  <member type="way" ref="290085067" role=""/>
  <member type="way" ref="288578415" role=""/>
  <member type="way" ref="435204001" role=""/>
  <member type="way" ref="782827662" role=""/>
  <member type="way" ref="316995819" role=""/>
  <member type="way" ref="892827159" role=""/>
  <member type="way" ref="892827158" role=""/>
  <member type="way" ref="46227648" role=""/>
  <member type="way" ref="437395774" role=""/>
  <member type="way" ref="437395775" role=""/>
  <member type="way" ref="326231401" role=""/>
  <member type="way" ref="435546424" role=""/>
  <member type="way" ref="892750746" role=""/>
  <member type="way" ref="344084913" role=""/>
  <member type="way" ref="1336633514" role=""/>
  <member type="way" ref="961143480" role=""/>
  <member type="way" ref="324601502" role=""/>
  <member type="way" ref="1228095127" role=""/>
  <member type="way" ref="1366731389" role=""/>
  <member type="way" ref="1386320290" role=""/>
  <member type="way" ref="1366731390" role=""/>
  <member type="way" ref="331402537" role=""/>
  <member type="way" ref="1386316471" role=""/>
  <member type="way" ref="1183888930" role=""/>
  <member type="way" ref="892417536" role=""/>
  <member type="way" ref="892417537" role=""/>
  <member type="way" ref="1183597823" role=""/>
  <member type="way" ref="409655415" role=""/>
  <member type="way" ref="409655433" role=""/>
  <member type="way" ref="1366731400" role=""/>
  <member type="way" ref="409655387" role=""/>
  <member type="way" ref="892082571" role=""/>
  <member type="way" ref="761576529" role=""/>
  <member type="way" ref="892082570" role=""/>
  <member type="way" ref="761576528" role=""/>
  <member type="way" ref="1386655200" role=""/>
  <member type="way" ref="568375225" role=""/>
  <member type="way" ref="1386655199" role=""/>
  <member type="way" ref="1011577698" role=""/>
  <member type="way" ref="327668724" role=""/>
  <member type="way" ref="998577339" role=""/>
  <member type="way" ref="998577340" role=""/>
  <member type="way" ref="393289577" role=""/>
  <member type="way" ref="393289580" role=""/>
  <member type="way" ref="1024289638" role=""/>
  <member type="way" ref="298392890" role=""/>
  <member type="way" ref="172099442" role=""/>
  <member type="way" ref="998577342" role=""/>
  <member type="way" ref="1024287708" role=""/>
  <member type="way" ref="998577341" role=""/>
  <member type="way" ref="298367718" role=""/>
  <member type="way" ref="1024287696" role=""/>
  <member type="way" ref="1022441261" role=""/>
  <member type="way" ref="998555742" role=""/>
  <member type="way" ref="998577343" role=""/>
  <member type="way" ref="998217848" role=""/>
  <member type="way" ref="1395879760" role=""/>
  <member type="way" ref="1395866159" role=""/>
  <member type="way" ref="344149307" role=""/>
  <member type="way" ref="1395866158" role=""/>
  <member type="way" ref="1144931966" role=""/>
  <member type="way" ref="45763328" role=""/>
  <member type="way" ref="1144931967" role=""/>
  <member type="way" ref="400425685" role=""/>
  <member type="way" ref="75037364" role=""/>
  <member type="way" ref="382263174" role=""/>
  <member type="way" ref="1159248011" role=""/>
  <member type="way" ref="323906316" role=""/>
  <member type="way" ref="1159248014" role=""/>
  <member type="way" ref="1183571552" role=""/>
  <member type="way" ref="1159248013" role=""/>
  <member type="way" ref="1159248010" role=""/>
  <member type="way" ref="998027349" role=""/>
  <member type="way" ref="298465164" role=""/>
  <member type="way" ref="998027350" role=""/>
  <member type="way" ref="330074529" role=""/>
  <member type="way" ref="1183623435" role=""/>
  <member type="way" ref="1183623436" role=""/>
  <member type="way" ref="1183623432" role=""/>
  <member type="way" ref="331473365" role=""/>
  <member type="way" ref="326554516" role=""/>
  <tag k="charge" v="1.50 PEN"/>
  <tag k="colour" v="blue"/>
  <tag k="fee" v="yes"/>
  <tag k="from" v="El Sol (Barranco)"/>
  <tag k="name" v="Corredor Azul 301 → Amancaes"/>
  <tag k="network" v="SIT"/>
  <tag k="network:wikidata" v="Q64707076"/>
  <tag k="network:wikipedia" v="es:Sistema Integrado de Transporte de Lima y Callao"/>
  <tag k="public_transport:version" v="2"/>
  <tag k="ref" v="301"/>
  <tag k="route" v="bus"/>
  <tag k="to" v="Amancaes (Rimac)"/>
  <tag k="type" v="route"/>
  <tag k="wikidata" v="Q56452253"/>
  <tag k="wikipedia" v="es:Línea 301 (Lima)"/>
 </relation>
 <relation id="13690719" visible="true" version="1" changeset="116314511" timestamp="2022-01-18T20:09:19Z" user="Fer25" uid="14345373">
  <member type="relation" ref="13690718" role=""/>
  <member type="relation" ref="3968387" role=""/>
  <tag k="charge" v="1.50 PEN"/>
  <tag k="colour" v="blue"/>
  <tag k="fee" v="yes"/>
  <tag k="name" v="Corredor Azul Servicio 301"/>
  <tag k="network" v="SIT"/>
  <tag k="network:wikidata" v="Q64707076"/>
  <tag k="network:wikipedia" v="es:Sistema Integrado de Transporte de Lima y Callao"/>
  <tag k="official_name" v="Corredor Azul Servicio 301"/>
  <tag k="public_transport:version" v="2"/>
  <tag k="ref" v="301"/>
  <tag k="route_master" v="bus"/>
  <tag k="type" v="route_master"/>
 </relation>
 <relation id="15573600" visible="true" version="1" changeset="133383801" timestamp="2023-03-07T00:23:18Z" user="OuterPace" uid="10028118">
  <member type="way" ref="279893831" role="from"/>
  <member type="way" ref="14073942" role="via"/>
  <member type="way" ref="406007422" role="to"/>
  <tag k="restriction" v="no_u_turn"/>
  <tag k="type" v="restriction"/>
 </relation>
 <relation id="16812606" visible="true" version="29" changeset="179124384" timestamp="2026-02-27T10:27:13Z" user="RahilPasha" uid="22994073">
  <member type="node" ref="3918714840" role="stop_entry_only"/>
  <member type="node" ref="11004634137" role="platform_entry_only"/>
  <member type="node" ref="11411061809" role="stop"/>
  <member type="node" ref="6538470445" role="platform"/>
  <member type="node" ref="11411061810" role="stop"/>
  <member type="node" ref="11411061814" role="platform"/>
  <member type="node" ref="11411061811" role="stop"/>
  <member type="node" ref="11411061813" role="platform"/>
  <member type="node" ref="11411061812" role="stop"/>
  <member type="node" ref="6357992887" role="platform"/>
  <member type="node" ref="3918714840" role="stop_exit_only"/>
  <member type="node" ref="11004634137" role="platform_exit_only"/>
  <member type="way" ref="1230462993" role=""/>
  <member type="way" ref="1184755537" role=""/>
  <member type="way" ref="870878169" role=""/>
  <member type="way" ref="1230462992" role=""/>
  <member type="way" ref="1230462972" role=""/>
  <member type="way" ref="870878170" role=""/>
  <member type="way" ref="4831348" role=""/>
  <member type="way" ref="438017591" role=""/>
  <member type="way" ref="180525808" role=""/>
  <member type="way" ref="660055399" role=""/>
  <member type="way" ref="396819796" role=""/>
  <member type="way" ref="396820846" role=""/>
  <member type="way" ref="44111658" role=""/>
  <member type="way" ref="44111661" role=""/>
  <member type="way" ref="312333400" role=""/>
  <member type="way" ref="396819255" role=""/>
  <member type="way" ref="1419044644" role=""/>
  <member type="way" ref="1316729217" role=""/>
  <member type="way" ref="1463494449" role=""/>
  <member type="way" ref="613858315" role=""/>
  <member type="way" ref="1423498448" role=""/>
  <member type="way" ref="613858318" role=""/>
  <member type="way" ref="396817815" role=""/>
  <member type="way" ref="436576224" role=""/>
  <member type="way" ref="1339870548" role=""/>
  <member type="way" ref="1339870549" role=""/>
  <member type="way" ref="436576223" role=""/>
  <member type="way" ref="1230462991" role=""/>
  <member type="way" ref="28185164" role=""/>
  <member type="way" ref="324769589" role=""/>
  <member type="way" ref="1230462989" role=""/>
  <member type="way" ref="430420336" role=""/>
  <member type="way" ref="37762172" role=""/>
  <member type="way" ref="1375938826" role=""/>
  <member type="way" ref="1375938827" role=""/>
  <member type="way" ref="436306204" role=""/>
  <member type="way" ref="1375938830" role=""/>
  <member type="way" ref="1375938829" role=""/>
  <member type="way" ref="435890770" role=""/>
  <member type="way" ref="173382671" role=""/>
  <member type="way" ref="401810315" role=""/>
  <member type="way" ref="435876436" role=""/>
  <member type="way" ref="279649482" role=""/>
  <member type="way" ref="435846323" role=""/>
  <member type="way" ref="321074659" role=""/>
  <member type="way" ref="280875696" role=""/>
  <member type="way" ref="280875744" role=""/>
  <member type="way" ref="1230462988" role=""/>
  <member type="way" ref="1150574946" role=""/>
  <member type="way" ref="603480106" role=""/>
  <member type="way" ref="603480108" role=""/>
  <member type="way" ref="603480109" role=""/>
  <member type="way" ref="603480110" role=""/>
  <member type="way" ref="1230462971" role=""/>
  <member type="way" ref="1365660077" role=""/>
  <member type="way" ref="1110607740" role=""/>
  <member type="way" ref="1110607745" role=""/>
  <member type="way" ref="1033371636" role=""/>
  <member type="way" ref="1117045969" role=""/>
  <member type="way" ref="1117045968" role=""/>
  <member type="way" ref="834767727" role=""/>
  <member type="way" ref="1117046220" role=""/>
  <member type="way" ref="1117046219" role=""/>
  <member type="way" ref="1365660085" role=""/>
  <member type="way" ref="1060172890" role=""/>
  <member type="way" ref="583363648" role=""/>
  <member type="way" ref="1365660090" role=""/>
  <member type="way" ref="1365660091" role=""/>
  <member type="way" ref="295320225" role=""/>
  <member type="way" ref="890895753" role=""/>
  <member type="way" ref="890895754" role=""/>
  <member type="way" ref="621811694" role=""/>
  <member type="way" ref="1365660040" role=""/>
  <member type="way" ref="1365660041" role=""/>
  <member type="way" ref="1365660043" role=""/>
  <member type="way" ref="1365660044" role=""/>
  <member type="way" ref="1365660048" role=""/>
  <member type="way" ref="1365660049" role=""/>
  <member type="way" ref="1365660052" role=""/>
  <member type="way" ref="1365660053" role=""/>
  <member type="way" ref="1365660054" role=""/>
  <member type="way" ref="1365660055" role=""/>
  <member type="way" ref="1365660056" role=""/>
  <member type="way" ref="1365660057" role=""/>
  <member type="way" ref="621811695" role=""/>
  <member type="way" ref="70130680" role=""/>
  <member type="way" ref="1423505342" role=""/>
  <member type="way" ref="1423505341" role=""/>
  <member type="way" ref="1365660058" role=""/>
  <member type="way" ref="1365660059" role=""/>
  <member type="way" ref="1365660062" role=""/>
  <member type="way" ref="1365660063" role=""/>
  <member type="way" ref="515297291" role=""/>
  <member type="way" ref="440108430" role=""/>
  <member type="way" ref="1365660064" role=""/>
  <member type="way" ref="700145710" role=""/>
  <member type="way" ref="700145711" role=""/>
  <member type="way" ref="700145712" role=""/>
  <member type="way" ref="1152688848" role=""/>
  <member type="way" ref="391995571" role=""/>
  <member type="way" ref="1152444691" role=""/>
  <member type="way" ref="1152555557" role=""/>
  <member type="way" ref="1230462984" role=""/>
  <member type="way" ref="1152511609" role=""/>
  <member type="way" ref="1230462983" role=""/>
  <member type="way" ref="1152555556" role=""/>
  <member type="way" ref="1338315113" role=""/>
  <member type="way" ref="149076912" role=""/>
  <member type="way" ref="24316073" role=""/>
  <member type="way" ref="588176002" role=""/>
  <member type="way" ref="342112931" role=""/>
  <member type="way" ref="575282838" role=""/>
  <member type="way" ref="1014180610" role=""/>
  <member type="way" ref="38748577" role=""/>
  <member type="way" ref="14386828" role=""/>
  <member type="way" ref="893110836" role=""/>
  <member type="way" ref="305615729" role=""/>
  <member type="way" ref="1338100238" role=""/>
  <member type="way" ref="435371888" role=""/>
  <member type="way" ref="435371892" role=""/>
  <member type="way" ref="435371894" role=""/>
  <member type="way" ref="642946063" role=""/>
  <member type="way" ref="11981788" role=""/>
  <member type="way" ref="435380107" role=""/>
  <member type="way" ref="1152284565" role=""/>
  <member type="way" ref="435380100" role=""/>
  <member type="way" ref="435380105" role=""/>
  <member type="way" ref="129466113" role=""/>
  <member type="way" ref="406008844" role=""/>
  <member type="way" ref="279893831" role=""/>
  <member type="way" ref="1152291911" role=""/>
  <member type="way" ref="406007412" role=""/>
  <member type="way" ref="511800018" role=""/>
  <member type="way" ref="1364169025" role=""/>
  <member type="way" ref="24252819" role=""/>
  <member type="way" ref="892765650" role=""/>
  <member type="way" ref="24252820" role=""/>
  <member type="way" ref="426673053" role=""/>
  <member type="way" ref="1230462981" role=""/>
  <member type="way" ref="67701598" role=""/>
  <member type="way" ref="1365860789" role=""/>
  <member type="way" ref="1230462978" role=""/>
  <member type="way" ref="1230462977" role=""/>
  <member type="way" ref="1230462976" role=""/>
  <member type="way" ref="426670758" role=""/>
  <member type="way" ref="1230462975" role=""/>
  <member type="way" ref="406006955" role=""/>
  <member type="way" ref="443111786" role=""/>
  <member type="way" ref="670091132" role=""/>
  <member type="way" ref="443111787" role=""/>
  <member type="way" ref="406006954" role=""/>
  <member type="way" ref="396103953" role=""/>
  <member type="way" ref="1230462974" role=""/>
  <member type="way" ref="28185357" role=""/>
  <member type="way" ref="511802062" role=""/>
  <member type="way" ref="511802063" role=""/>
  <member type="way" ref="1365660051" role=""/>
  <member type="way" ref="1365660050" role=""/>
  <member type="way" ref="435231808" role=""/>
  <member type="way" ref="435231810" role=""/>
  <member type="way" ref="1365660045" role=""/>
  <member type="way" ref="393298020" role=""/>
  <member type="way" ref="393298019" role=""/>
  <member type="way" ref="1365660042" role=""/>
  <member type="way" ref="435231812" role=""/>
  <member type="way" ref="1423500238" role=""/>
  <member type="way" ref="435231814" role=""/>
  <member type="way" ref="435231815" role=""/>
  <member type="way" ref="1365660094" role=""/>
  <member type="way" ref="435237285" role=""/>
  <member type="way" ref="28815710" role=""/>
  <member type="way" ref="1365660093" role=""/>
  <member type="way" ref="1365660092" role=""/>
  <member type="way" ref="890895755" role=""/>
  <member type="way" ref="890895756" role=""/>
  <member type="way" ref="435174064" role=""/>
  <member type="way" ref="48070971" role=""/>
  <member type="way" ref="312316747" role=""/>
  <member type="way" ref="337311833" role=""/>
  <member type="way" ref="1150275510" role=""/>
  <member type="way" ref="1183351973" role=""/>
  <member type="way" ref="1183351972" role=""/>
  <member type="way" ref="46480623" role=""/>
  <member type="way" ref="46480624" role=""/>
  <member type="way" ref="1183629909" role=""/>
  <member type="way" ref="413045254" role=""/>
  <member type="way" ref="1343472938" role=""/>
  <member type="way" ref="757066048" role=""/>
  <member type="way" ref="1230462973" role=""/>
  <member type="way" ref="321074645" role=""/>
  <member type="way" ref="1340425709" role=""/>
  <member type="way" ref="892907072" role=""/>
  <member type="way" ref="1340425712" role=""/>
  <member type="way" ref="892907071" role=""/>
  <member type="way" ref="30102310" role=""/>
  <member type="way" ref="1025935730" role=""/>
  <member type="way" ref="47835015" role=""/>
  <member type="way" ref="1483765725" role=""/>
  <member type="way" ref="342137541" role=""/>
  <member type="way" ref="435866944" role=""/>
  <member type="way" ref="1471598883" role=""/>
  <member type="way" ref="393077372" role=""/>
  <member type="way" ref="321564318" role=""/>
  <member type="way" ref="1339859967" role=""/>
  <member type="way" ref="784068021" role=""/>
  <member type="way" ref="1339859964" role=""/>
  <member type="way" ref="1336259738" role=""/>
  <member type="way" ref="1339862214" role=""/>
  <member type="way" ref="784068020" role=""/>
  <member type="way" ref="784068024" role=""/>
  <member type="way" ref="1339862213" role=""/>
  <member type="way" ref="1333228160" role=""/>
  <member type="way" ref="784068017" role=""/>
  <member type="way" ref="1333228159" role=""/>
  <member type="way" ref="173525737" role=""/>
  <member type="way" ref="326819127" role=""/>
  <member type="way" ref="1149231638" role=""/>
  <member type="way" ref="326819128" role=""/>
  <member type="way" ref="279843605" role=""/>
  <member type="way" ref="1337795483" role=""/>
  <member type="way" ref="892757177" role=""/>
  <member type="way" ref="378852515" role=""/>
  <member type="way" ref="378852513" role=""/>
  <member type="way" ref="1423498445" role=""/>
  <member type="way" ref="279649428" role=""/>
  <member type="way" ref="1473587990" role=""/>
  <member type="way" ref="1316729216" role=""/>
  <member type="way" ref="1463494450" role=""/>
  <member type="way" ref="613858316" role=""/>
  <member type="way" ref="870857470" role=""/>
  <member type="way" ref="660055406" role=""/>
  <member type="way" ref="323910018" role=""/>
  <member type="way" ref="180523614" role=""/>
  <member type="way" ref="396819793" role=""/>
  <member type="way" ref="396819794" role=""/>
  <member type="way" ref="279970545" role=""/>
  <member type="way" ref="1419428001" role=""/>
  <member type="way" ref="314253371" role=""/>
  <member type="way" ref="1419044643" role=""/>
  <member type="way" ref="314142887" role=""/>
  <member type="way" ref="312666781" role=""/>
  <member type="way" ref="324822371" role=""/>
  <member type="way" ref="1230462992" role=""/>
  <member type="way" ref="1230462972" role=""/>
  <member type="way" ref="442635199" role=""/>
  <member type="way" ref="603096585" role=""/>
  <member type="way" ref="388706250" role=""/>
  <tag k="from" v="Airport"/>
  <tag k="name" v="Airport Express Lima"/>
  <tag k="public_transport:version" v="2"/>
  <tag k="route" v="bus"/>
  <tag k="to" v="Airport"/>
  <tag k="type" v="route"/>
  <tag k="via" v="Miraflores"/>
 </relation>
 <relation id="17896497" visible="true" version="4" changeset="165052370" timestamp="2025-04-17T03:40:42Z" user="Fizzie-DWG" uid="461130">
  <member type="way" ref="406008845" role="from"/>
  <member type="way" ref="1304973539" role="via"/>
  <member type="way" ref="344159559" role="to"/>
  <tag k="restriction" v="no_u_turn"/>
  <tag k="type" v="restriction"/>
 </relation>
 <relation id="19988377" visible="true" version="5" changeset="182857064" timestamp="2026-05-19T01:25:15Z" user="RahadRiver" uid="23310597">
  <member type="way" ref="11987159" role=""/>
  <member type="way" ref="406007416" role=""/>
  <member type="way" ref="406007413" role=""/>
  <member type="way" ref="1152291911" role=""/>
  <member type="way" ref="279893831" role=""/>
  <member type="way" ref="344159559" role=""/>
  <member type="way" ref="1310962221" role=""/>
  <member type="way" ref="24315832" role=""/>
  <member type="way" ref="437191068" role=""/>
  <member type="way" ref="437191069" role=""/>
  <member type="way" ref="39441965" role=""/>
  <member type="way" ref="1312216915" role=""/>
  <member type="way" ref="1312216916" role=""/>
  <member type="way" ref="344256563" role=""/>
  <member type="way" ref="1305172760" role=""/>
  <member type="way" ref="1305172761" role=""/>
  <member type="way" ref="1152777182" role=""/>
  <member type="way" ref="1321519946" role=""/>
  <member type="way" ref="1189323939" role=""/>
  <member type="way" ref="892836719" role=""/>
  <member type="way" ref="436743321" role=""/>
  <member type="way" ref="326296419" role=""/>
  <member type="way" ref="24315819" role=""/>
  <member type="way" ref="653820833" role=""/>
  <member type="way" ref="406007411" role=""/>
  <member type="way" ref="406007422" role=""/>
  <member type="way" ref="406008845" role=""/>
  <member type="way" ref="1310962224" role=""/>
  <member type="way" ref="670521714" role=""/>
  <member type="way" ref="39441948" role=""/>
  <member type="way" ref="437191067" role=""/>
  <member type="way" ref="437191070" role=""/>
  <member type="way" ref="1312216914" role=""/>
  <member type="way" ref="1312216913" role=""/>
  <member type="way" ref="24315836" role=""/>
  <member type="way" ref="1305172758" role=""/>
  <member type="way" ref="1152777183" role=""/>
  <member type="way" ref="1189323941" role=""/>
  <member type="way" ref="1321519945" role=""/>
  <member type="way" ref="285061727" role=""/>
  <member type="way" ref="893031440" role=""/>
  <member type="way" ref="893031439" role=""/>
  <member type="way" ref="326312165" role=""/>
  <member type="way" ref="434743433" role="link"/>
  <member type="way" ref="24315814" role=""/>
  <member type="way" ref="24315813" role=""/>
  <member type="way" ref="24315812" role=""/>
  <member type="way" ref="326296450" role=""/>
  <member type="way" ref="1485523261" role=""/>
  <member type="way" ref="24315806" role=""/>
  <member type="way" ref="24315805" role=""/>
  <member type="way" ref="38946019" role=""/>
  <member type="way" ref="33818372" role=""/>
  <member type="way" ref="279893868" role=""/>
  <member type="way" ref="892110496" role=""/>
  <member type="way" ref="429899693" role=""/>
  <member type="way" ref="1188006285" role=""/>
  <member type="way" ref="1151987313" role=""/>
  <member type="way" ref="1185672786" role=""/>
  <member type="way" ref="1343543514" role=""/>
  <member type="way" ref="326165110" role=""/>
  <member type="way" ref="1301140119" role=""/>
  <member type="way" ref="437346933" role=""/>
  <member type="way" ref="1151017528" role=""/>
  <member type="way" ref="1151017529" role=""/>
  <member type="way" ref="892442184" role=""/>
  <member type="way" ref="315557555" role=""/>
  <member type="way" ref="1516697392" role=""/>
  <member type="way" ref="1516697391" role=""/>
  <member type="way" ref="479364429" role=""/>
  <member type="way" ref="404262414" role=""/>
  <member type="way" ref="38946018" role=""/>
  <member type="way" ref="479359774" role=""/>
  <member type="way" ref="479366257" role=""/>
  <member type="way" ref="28746962" role=""/>
  <member type="way" ref="761070559" role=""/>
  <member type="way" ref="429899694" role=""/>
  <member type="way" ref="892110495" role=""/>
  <member type="way" ref="327624907" role=""/>
  <member type="way" ref="1188006283" role=""/>
  <member type="way" ref="1151987312" role=""/>
  <member type="way" ref="1185672784" role=""/>
  <member type="way" ref="1343543515" role=""/>
  <member type="way" ref="405572367" role=""/>
  <member type="way" ref="1301140116" role=""/>
  <member type="way" ref="320601927" role=""/>
  <member type="way" ref="892442182" role=""/>
  <member type="way" ref="279893885" role=""/>
  <member type="way" ref="403011119" role=""/>
  <member type="way" ref="479359773" role=""/>
  <member type="way" ref="479366256" role=""/>
  <member type="way" ref="38945977" role=""/>
  <member type="way" ref="452934595" role=""/>
  <member type="way" ref="429899689" role="link"/>
  <member type="way" ref="1149923397" role="link"/>
  <member type="way" ref="429899691" role="link"/>
  <member type="way" ref="318283095" role="link"/>
  <member type="way" ref="867792657" role="link"/>
  <tag k="alt_name" v="Avenida Alfredo Benavides Diez Canseco"/>
  <tag k="distance" v="6.171"/>
  <tag k="from" v="Miraflores, Malecón 28 de Julio"/>
  <tag k="name" v="Avenida Alfredo Benavides"/>
  <tag k="roundtrip" v="yes"/>
  <tag k="route" v="road"/>
  <tag k="to" v="Santiago de Surco, Avenida Defensores de Lima"/>
  <tag k="type" v="route"/>
  <tag k="wikidata" v="Q25712636"/>
  <tag k="wikimedia_commons" v="Category:Avenida_Alfredo_Benavides,_Lima"/>
  <tag k="wikipedia" v="es:Avenida Alfredo Benavides"/>
 </relation>
</osm>
